{
  "hybrid": {
    "summary": {
      "num_dialogues": 100,
      "metrics": {
        "precision": 0.1675,
        "recall": 0.08299999999999999,
        "f1": 0.10328571428571429,
        "window_diff": 0.5609383949383949,
        "pk": 0.5924569874569875
      },
      "detailed_aggregates": {
        "precision": {
          "mean": 0.1675,
          "std": 0.3367522580968587,
          "min": 0.0,
          "max": 1.0,
          "median": 0.0
        },
        "recall": {
          "mean": 0.08299999999999999,
          "std": 0.17516627021839057,
          "min": 0.0,
          "max": 1.0,
          "median": 0.0
        },
        "f1": {
          "mean": 0.10328571428571429,
          "std": 0.2061059928097891,
          "min": 0.0,
          "max": 1.0,
          "median": 0.0
        },
        "true_positives": {
          "mean": 0.24,
          "std": 0.44988887516807974,
          "min": 0.0,
          "max": 2.0,
          "median": 0.0
        },
        "false_positives": {
          "mean": 0.84,
          "std": 0.9666436778875659,
          "min": 0.0,
          "max": 4.0,
          "median": 1.0
        },
        "false_negatives": {
          "mean": 2.5,
          "std": 1.3379088160259651,
          "min": 0.0,
          "max": 5.0,
          "median": 3.0
        },
        "precision_w1": {
          "mean": 0.2875,
          "std": 0.41422199496298007,
          "min": 0.0,
          "max": 1.0,
          "median": 0.0
        },
        "recall_w1": {
          "mean": 0.14983333333333335,
          "std": 0.24066453138480262,
          "min": 0.0,
          "max": 1.0,
          "median": 0.0
        },
        "f1_w1": {
          "mean": 0.1791904761904762,
          "std": 0.2614434508732914,
          "min": 0.0,
          "max": 1.0,
          "median": 0.0
        },
        "matched_boundaries": {
          "mean": 0.83,
          "std": 0.8608716512930368,
          "min": 0.0,
          "max": 3.0,
          "median": 1.0
        },
        "precision_w3": {
          "mean": 0.485,
          "std": 0.47731599130508456,
          "min": 0.0,
          "max": 1.0,
          "median": 0.5
        },
        "recall_w3": {
          "mean": 0.30016666666666664,
          "std": 0.36028148717357095,
          "min": 0.0,
          "max": 1.0,
          "median": 0.2
        },
        "f1_w3": {
          "mean": 0.3299999999999999,
          "std": 0.3465348388803399,
          "min": 0.0,
          "max": 1.0,
          "median": 0.33333333333333337
        },
        "precision_w5": {
          "mean": 0.5633333333333334,
          "std": 0.47829558503781605,
          "min": 0.0,
          "max": 1.0,
          "median": 1.0
        },
        "recall_w5": {
          "mean": 0.3426666666666667,
          "std": 0.3686259772602999,
          "min": 0.0,
          "max": 1.0,
          "median": 0.25
        },
        "f1_w5": {
          "mean": 0.38233333333333336,
          "std": 0.35467803099280654,
          "min": 0.0,
          "max": 1.0,
          "median": 0.4
        },
        "window_diff": {
          "mean": 0.5609383949383949,
          "std": 0.20852061493921664,
          "min": 0.0,
          "max": 1.0,
          "median": 0.6
        },
        "pk": {
          "mean": 0.5924569874569875,
          "std": 0.20795194343838191,
          "min": 0.0,
          "max": 1.0,
          "median": 0.6
        }
      },
      "elapsed_time": 11.231858015060425,
      "detector_config": {
        "threshold": 0.4
      }
    },
    "dialogue_results": []
  }
}