{
  "sliding_window_w3": {
    "summary": {
      "num_dialogues": 50,
      "metrics": {
        "precision": 0.30561957976663856,
        "recall": 0.7816666666666666,
        "f1": 0.433946455505279,
        "window_diff": 0.5553321779018107,
        "pk": 0.5243756889308948
      },
      "detailed_aggregates": {
        "precision": {
          "mean": 0.30561957976663856,
          "std": 0.11805658302275698,
          "min": 0.0,
          "max": 0.6666666666666666,
          "median": 0.2857142857142857
        },
        "recall": {
          "mean": 0.7816666666666666,
          "std": 0.2608160271148995,
          "min": 0.0,
          "max": 1.0,
          "median": 0.75
        },
        "f1": {
          "mean": 0.433946455505279,
          "std": 0.15116520412155648,
          "min": 0.0,
          "max": 0.8,
          "median": 0.4285714285714285
        },
        "true_positives": {
          "mean": 3.08,
          "std": 1.0552724766618335,
          "min": 0.0,
          "max": 4.0,
          "median": 3.0
        },
        "false_positives": {
          "mean": 7.16,
          "std": 2.3862941981239447,
          "min": 2.0,
          "max": 14.0,
          "median": 7.0
        },
        "false_negatives": {
          "mean": 0.86,
          "std": 1.0394229168149027,
          "min": 0.0,
          "max": 4.0,
          "median": 1.0
        },
        "precision_w1": {
          "mean": 0.34207196071901946,
          "std": 0.0983552935337568,
          "min": 0.21428571428571427,
          "max": 0.6666666666666666,
          "median": 0.3205128205128205
        },
        "recall_w1": {
          "mean": 0.8483333333333333,
          "std": 0.1745549897437608,
          "min": 0.5,
          "max": 1.0,
          "median": 1.0
        },
        "f1_w1": {
          "mean": 0.48061156817039163,
          "std": 0.11319764310210532,
          "min": 0.30769230769230765,
          "max": 0.8,
          "median": 0.46153846153846156
        },
        "matched_boundaries": {
          "mean": 3.92,
          "std": 0.2712931993250107,
          "min": 3.0,
          "max": 4.0,
          "median": 4.0
        },
        "precision_w3": {
          "mean": 0.38670782485488364,
          "std": 0.09433031426250967,
          "min": 0.2222222222222222,
          "max": 0.6666666666666666,
          "median": 0.3693181818181818
        },
        "recall_w3": {
          "mean": 0.95,
          "std": 0.09999999999999999,
          "min": 0.75,
          "max": 1.0,
          "median": 1.0
        },
        "f1_w3": {
          "mean": 0.5419433638257167,
          "std": 0.09497899644814486,
          "min": 0.3636363636363636,
          "max": 0.8,
          "median": 0.5333333333333333
        },
        "precision_w5": {
          "mean": 0.4081847368317956,
          "std": 0.1005831558539892,
          "min": 0.2222222222222222,
          "max": 0.6666666666666666,
          "median": 0.4
        },
        "recall_w5": {
          "mean": 0.995,
          "std": 0.034999999999999996,
          "min": 0.75,
          "max": 1.0,
          "median": 1.0
        },
        "f1_w5": {
          "mean": 0.5708937467760997,
          "std": 0.09848890773936705,
          "min": 0.3636363636363636,
          "max": 0.8,
          "median": 0.5714285714285715
        },
        "window_diff": {
          "mean": 0.5553321779018107,
          "std": 0.13367423715014315,
          "min": 0.2,
          "max": 0.8181818181818182,
          "median": 0.5714285714285714
        },
        "pk": {
          "mean": 0.5243756889308948,
          "std": 0.13702684828627884,
          "min": 0.2,
          "max": 0.8181818181818182,
          "median": 0.5080645161290323
        }
      },
      "elapsed_time": 25.76989197731018,
      "detector_config": {
        "threshold": 0.5,
        "window_size": 3
      }
    },
    "dialogue_results": []
  }
}