{
  "keywords": {
    "summary": {
      "num_dialogues": 50,
      "metrics": {
        "precision": 0.3133333333333333,
        "recall": 0.12,
        "f1": 0.16571428571428573,
        "window_diff": 0.2933587929276517,
        "pk": 0.3497900164085468
      },
      "detailed_aggregates": {
        "precision": {
          "mean": 0.3133333333333333,
          "std": 0.43797513881751576,
          "min": 0.0,
          "max": 1.0,
          "median": 0.0
        },
        "recall": {
          "mean": 0.12,
          "std": 0.18193405398660253,
          "min": 0.0,
          "max": 0.75,
          "median": 0.0
        },
        "f1": {
          "mean": 0.16571428571428573,
          "std": 0.23695728061080362,
          "min": 0.0,
          "max": 0.8571428571428571,
          "median": 0.0
        },
        "true_positives": {
          "mean": 0.48,
          "std": 0.7277362159464101,
          "min": 0.0,
          "max": 3.0,
          "median": 0.0
        },
        "false_positives": {
          "mean": 0.44,
          "std": 0.7255342858886822,
          "min": 0.0,
          "max": 3.0,
          "median": 0.0
        },
        "false_negatives": {
          "mean": 3.46,
          "std": 0.72691127381545,
          "min": 1.0,
          "max": 4.0,
          "median": 4.0
        },
        "precision_w1": {
          "mean": 0.35,
          "std": 0.4412734098291242,
          "min": 0.0,
          "max": 1.0,
          "median": 0.0
        },
        "recall_w1": {
          "mean": 0.13666666666666666,
          "std": 0.18315142490421535,
          "min": 0.0,
          "max": 0.75,
          "median": 0.0
        },
        "f1_w1": {
          "mean": 0.18809523809523815,
          "std": 0.23892474550285794,
          "min": 0.0,
          "max": 0.8571428571428571,
          "median": 0.0
        },
        "matched_boundaries": {
          "mean": 0.84,
          "std": 0.9666436778875657,
          "min": 0.0,
          "max": 3.0,
          "median": 1.0
        },
        "precision_w3": {
          "mean": 0.43,
          "std": 0.4547160286010013,
          "min": 0.0,
          "max": 1.0,
          "median": 0.25
        },
        "recall_w3": {
          "mean": 0.1733333333333333,
          "std": 0.2046948949045872,
          "min": 0.0,
          "max": 0.75,
          "median": 0.125
        },
        "f1_w3": {
          "mean": 0.23590476190476192,
          "std": 0.2580604615474036,
          "min": 0.0,
          "max": 0.8571428571428571,
          "median": 0.16666666666666666
        },
        "precision_w5": {
          "mean": 0.52,
          "std": 0.4894895300208167,
          "min": 0.0,
          "max": 1.0,
          "median": 0.75
        },
        "recall_w5": {
          "mean": 0.215,
          "std": 0.24725717605584496,
          "min": 0.0,
          "max": 0.75,
          "median": 0.25
        },
        "f1_w5": {
          "mean": 0.2903809523809524,
          "std": 0.3028998023265005,
          "min": 0.0,
          "max": 0.8571428571428571,
          "median": 0.3666666666666667
        },
        "window_diff": {
          "mean": 0.2933587929276517,
          "std": 0.09196255678002412,
          "min": 0.06666666666666667,
          "max": 0.46153846153846156,
          "median": 0.29705882352941176
        },
        "pk": {
          "mean": 0.3497900164085468,
          "std": 0.09467520333986673,
          "min": 0.10344827586206896,
          "max": 0.5555555555555556,
          "median": 0.3582887700534759
        }
      },
      "elapsed_time": 0.08505797386169434,
      "detector_config": {
        "threshold": 0.3
      }
    },
    "dialogue_results": []
  }
}