{
  "sliding_window_w3": {
    "summary": {
      "num_dialogues": 50,
      "metrics": {
        "precision": 0.2832878019813004,
        "recall": 0.8133333333333332,
        "f1": 0.4149707452177501,
        "window_diff": 0.6202159096019456,
        "pk": 0.5682375665104117
      },
      "detailed_aggregates": {
        "precision": {
          "mean": 0.2832878019813004,
          "std": 0.0999063266817482,
          "min": 0.0,
          "max": 0.5,
          "median": 0.2727272727272727
        },
        "recall": {
          "mean": 0.8133333333333332,
          "std": 0.25957229778575713,
          "min": 0.0,
          "max": 1.0,
          "median": 1.0
        },
        "f1": {
          "mean": 0.4149707452177501,
          "std": 0.13488044341576802,
          "min": 0.0,
          "max": 0.6666666666666666,
          "median": 0.4210526315789474
        },
        "true_positives": {
          "mean": 3.2,
          "std": 1.0392304845413265,
          "min": 0.0,
          "max": 4.0,
          "median": 3.5
        },
        "false_positives": {
          "mean": 8.38,
          "std": 2.827649200307563,
          "min": 4.0,
          "max": 15.0,
          "median": 8.0
        },
        "false_negatives": {
          "mean": 0.74,
          "std": 1.0355674772799695,
          "min": 0.0,
          "max": 4.0,
          "median": 0.0
        },
        "precision_w1": {
          "mean": 0.31576032945382787,
          "std": 0.0788646401194568,
          "min": 0.2,
          "max": 0.5,
          "median": 0.3
        },
        "recall_w1": {
          "mean": 0.885,
          "std": 0.1517399090549352,
          "min": 0.5,
          "max": 1.0,
          "median": 1.0
        },
        "f1_w1": {
          "mean": 0.4593629020804953,
          "std": 0.09296525071688695,
          "min": 0.28571428571428575,
          "max": 0.6666666666666666,
          "median": 0.4444444444444445
        },
        "matched_boundaries": {
          "mean": 3.94,
          "std": 0.23748684174075838,
          "min": 3.0,
          "max": 4.0,
          "median": 4.0
        },
        "precision_w3": {
          "mean": 0.34260304229654076,
          "std": 0.08274103092510407,
          "min": 0.21052631578947367,
          "max": 0.5,
          "median": 0.3333333333333333
        },
        "recall_w3": {
          "mean": 0.95,
          "std": 0.09999999999999999,
          "min": 0.75,
          "max": 1.0,
          "median": 1.0
        },
        "f1_w3": {
          "mean": 0.49718402540161855,
          "std": 0.09243624288722065,
          "min": 0.34782608695652173,
          "max": 0.6666666666666666,
          "median": 0.47058823529411764
        },
        "precision_w5": {
          "mean": 0.3645878907813892,
          "std": 0.09166952963523772,
          "min": 0.21052631578947367,
          "max": 0.5,
          "median": 0.3875
        },
        "recall_w5": {
          "mean": 1.0,
          "std": 0.0,
          "min": 1.0,
          "max": 1.0,
          "median": 1.0
        },
        "f1_w5": {
          "mean": 0.5276528898704831,
          "std": 0.0999332499938906,
          "min": 0.34782608695652173,
          "max": 0.6666666666666666,
          "median": 0.5584415584415585
        },
        "window_diff": {
          "mean": 0.6202159096019456,
          "std": 0.09937424684977582,
          "min": 0.4,
          "max": 0.8333333333333334,
          "median": 0.6363636363636364
        },
        "pk": {
          "mean": 0.5682375665104117,
          "std": 0.1002627452932362,
          "min": 0.4,
          "max": 0.8333333333333334,
          "median": 0.5454545454545454
        }
      },
      "elapsed_time": 26.014461040496826,
      "detector_config": {
        "threshold": 0.3,
        "window_size": 3
      }
    },
    "dialogue_results": []
  }
}