dataset,model,step,tau,bor,metric,estimate,ci_low,ci_high,n_dialogues,bootstrap_n,bootstrap_seed
dialseg711,neural,0,3.525810097926296e-05,2.068560235063663,wf1,0.6661307774527848,0.6563903797855012,0.6757788142377804,711,1000,42
dialseg711,neural,0,3.525810097926296e-05,2.068560235063663,wf1_1to1,0.6329008388080117,0.6243348747673643,0.6416533146490951,711,1000,42
dialseg711,neural,0,3.525810097926296e-05,2.068560235063663,exact_f1,0.35436420119964424,0.33857631195183935,0.3703110321464751,711,1000,42
dialseg711,neural,0,3.525810097926296e-05,2.068560235063663,coverage,0.65236142978759,0.6436733357184307,0.6611035947955778,711,1000,42
dialseg711,neural,1,3.8098520738243514e-05,2.0558276199804113,wf1,0.66884533590574,0.6593174242081496,0.6786729094609357,711,1000,42
dialseg711,neural,1,3.8098520738243514e-05,2.0558276199804113,wf1_1to1,0.6358608261561848,0.6274642969157737,0.6445720321247748,711,1000,42
dialseg711,neural,1,3.8098520738243514e-05,2.0558276199804113,exact_f1,0.35596293845238997,0.3400637450531965,0.37194557122827165,711,1000,42
dialseg711,neural,1,3.8098520738243514e-05,2.0558276199804113,coverage,0.6541104474912492,0.6454634868374319,0.6627051263463447,711,1000,42
dialseg711,neural,2,3.952637290518882e-05,2.0426052889324193,wf1,0.6717385893288476,0.6622706112210566,0.6816456661738685,711,1000,42
dialseg711,neural,2,3.952637290518882e-05,2.0426052889324193,wf1_1to1,0.6392274236156092,0.6305854221571521,0.6484077740512341,711,1000,42
dialseg711,neural,2,3.952637290518882e-05,2.0426052889324193,exact_f1,0.35805508759095256,0.3420515238394985,0.37411024844041724,711,1000,42
dialseg711,neural,2,3.952637290518882e-05,2.0426052889324193,coverage,0.6560543896250648,0.6473980030361887,0.6647014717584336,711,1000,42
dialseg711,neural,3,4.08126545345163e-05,2.029382957884427,wf1,0.6746161072357036,0.6650201317960962,0.6847091090696056,711,1000,42
dialseg711,neural,3,4.08126545345163e-05,2.029382957884427,wf1_1to1,0.6426959038773384,0.6337504759656658,0.6519878119614406,711,1000,42
dialseg711,neural,3,4.08126545345163e-05,2.029382957884427,exact_f1,0.3597677131432406,0.34335527732152205,0.3759495595044118,711,1000,42
dialseg711,neural,3,4.08126545345163e-05,2.029382957884427,coverage,0.658000982842755,0.6493077268195939,0.6668223743751169,711,1000,42
dialseg711,neural,4,4.20308901833888e-05,2.016160626836435,wf1,0.6774758786889561,0.6675737361520184,0.6877233683846091,711,1000,42
dialseg711,neural,4,4.20308901833888e-05,2.016160626836435,wf1_1to1,0.6459783769910351,0.6368759522240534,0.6551658095381724,711,1000,42
dialseg711,neural,4,4.20308901833888e-05,2.016160626836435,exact_f1,0.36173788705434284,0.3450707912575001,0.37794363961558053,711,1000,42
dialseg711,neural,4,4.20308901833888e-05,2.016160626836435,coverage,0.6596749330135405,0.6507796044887288,0.6683529354738479,711,1000,42
dialseg711,neural,5,4.287777651302011e-05,2.0004897159647403,wf1,0.6809071796203606,0.6707667077645075,0.6913777166812396,711,1000,42
dialseg711,neural,5,4.287777651302011e-05,2.0004897159647403,wf1_1to1,0.6496981218500206,0.6401858102438271,0.6594446995027163,711,1000,42
dialseg711,neural,5,4.287777651302011e-05,2.0004897159647403,exact_f1,0.36370528986562745,0.3470347141918872,0.3802946682166092,711,1000,42
dialseg711,neural,5,4.287777651302011e-05,2.0004897159647403,coverage,0.6615129713230978,0.6525793920341653,0.6702161796683157,711,1000,42
dialseg711,neural,6,4.3668859446978194e-05,1.9862879529872675,wf1,0.6840102954039118,0.6737236919569276,0.6944006011635272,711,1000,42
dialseg711,neural,6,4.3668859446978194e-05,1.9862879529872675,wf1_1to1,0.6520348381107874,0.642454911083603,0.6615071635272056,711,1000,42
dialseg711,neural,6,4.3668859446978194e-05,1.9862879529872675,exact_f1,0.36579480841084216,0.348899519179055,0.38225222054863406,711,1000,42
dialseg711,neural,6,4.3668859446978194e-05,1.9862879529872675,coverage,0.6631019472791624,0.6542327087811002,0.671884000341938,711,1000,42
dialseg711,neural,7,4.47842497091937e-05,1.9730656219392753,wf1,0.6869214073567084,0.6767026492340298,0.6971654207204986,711,1000,42
dialseg711,neural,7,4.47842497091937e-05,1.9730656219392753,wf1_1to1,0.6554148305203158,0.6459458101282995,0.6651901530646256,711,1000,42
dialseg711,neural,7,4.47842497091937e-05,1.9730656219392753,exact_f1,0.3677848717933106,0.3505498377228335,0.3845321409720145,711,1000,42
dialseg711,neural,7,4.47842497091937e-05,1.9730656219392753,coverage,0.6650664004303245,0.6558376111942831,0.6738637993608985,711,1000,42
dialseg711,neural,8,4.558996675110742e-05,1.9613124387855043,wf1,0.6894157319284715,0.6790581910471387,0.6996428800619439,711,1000,42
dialseg711,neural,8,4.558996675110742e-05,1.9613124387855043,wf1_1to1,0.6580697783229428,0.6482690565021788,0.667899823258473,711,1000,42
dialseg711,neural,8,4.558996675110742e-05,1.9613124387855043,exact_f1,0.3692141426318642,0.3521200695304071,0.38582767131290335,711,1000,42
dialseg711,neural,8,4.558996675110742e-05,1.9613124387855043,coverage,0.6668970436111786,0.6579030227810555,0.67585198629898,711,1000,42
dialseg711,neural,9,4.6422236961582874e-05,1.9461312438785505,wf1,0.6924880083244088,0.6819751392823965,0.7028176638514502,711,1000,42
dialseg711,neural,9,4.6422236961582874e-05,1.9461312438785505,wf1_1to1,0.6617112766901795,0.6516374984993129,0.6714297731491824,711,1000,42
dialseg711,neural,9,4.6422236961582874e-05,1.9461312438785505,exact_f1,0.3711541779052328,0.3539653154315601,0.38771139198354393,711,1000,42
dialseg711,neural,9,4.6422236961582874e-05,1.9461312438785505,coverage,0.6687687088267257,0.6598843276829828,0.6775156530793398,711,1000,42
dialseg711,neural,10,4.728204193677117e-05,1.9324191968658178,wf1,0.6951326585967788,0.6845177445181068,0.7056261401511222,711,1000,42
dialseg711,neural,10,4.728204193677117e-05,1.9324191968658178,wf1_1to1,0.6647745675171836,0.6547412852423401,0.6744873908323276,711,1000,42
dialseg711,neural,10,4.728204193677117e-05,1.9324191968658178,exact_f1,0.372787144095161,0.35552254336537037,0.3896914243749686,711,1000,42
dialseg711,neural,10,4.728204193677117e-05,1.9324191968658178,coverage,0.6705309819497582,0.6614191384925826,0.6795147634684818,711,1000,42
dialseg711,neural,11,4.82489914206575e-05,1.916258570029383,wf1,0.6983788797392346,0.6879791276883165,0.7085906327754148,711,1000,42
dialseg711,neural,11,4.82489914206575e-05,1.916258570029383,wf1_1to1,0.6680871948804438,0.6583351739680854,0.6778995639069478,711,1000,42
dialseg711,neural,11,4.82489914206575e-05,1.916258570029383,exact_f1,0.3748559613538517,0.35747185050455094,0.39181165880532975,711,1000,42
dialseg711,neural,11,4.82489914206575e-05,1.916258570029383,coverage,0.6727182656771264,0.6637321099161817,0.6817280287935615,711,1000,42
dialseg711,neural,12,4.940160423889874e-05,1.904505386875612,wf1,0.7006249456193484,0.6898080511789332,0.710991606951447,711,1000,42
dialseg711,neural,12,4.940160423889874e-05,1.904505386875612,wf1_1to1,0.6704669373445744,0.660688899707887,0.6803850913502812,711,1000,42
dialseg711,neural,12,4.940160423889874e-05,1.904505386875612,exact_f1,0.37628563809998405,0.3588693540012105,0.3930580444715466,711,1000,42
dialseg711,neural,12,4.940160423889874e-05,1.904505386875612,coverage,0.6745025846555383,0.6655562106425766,0.6836279045370555,711,1000,42
dialseg711,neural,13,5.067137432554927e-05,1.890303623898139,wf1,0.7040838079788129,0.6932975838788986,0.7145625446318884,711,1000,42
dialseg711,neural,13,5.067137432554927e-05,1.890303623898139,wf1_1to1,0.6739677028706563,0.6639280989755673,0.68382796450307,711,1000,42
dialseg711,neural,13,5.067137432554927e-05,1.890303623898139,exact_f1,0.3782352200073719,0.3606241646695233,0.39514984292937877,711,1000,42
dialseg711,neural,13,5.067137432554927e-05,1.890303623898139,coverage,0.6762957194391793,0.6671747170336305,0.685868058702315,711,1000,42
dialseg711,neural,14,5.239973600980728e-05,1.8790401567091086,wf1,0.7066078079992476,0.6960623583443474,0.7169988817565887,711,1000,42
dialseg711,neural,14,5.239973600980728e-05,1.8790401567091086,wf1_1to1,0.6764672817415434,0.6666512115404519,0.6863745898186826,711,1000,42
dialseg711,neural,14,5.239973600980728e-05,1.8790401567091086,exact_f1,0.37975666308999645,0.3619370225804825,0.3967573308079636,711,1000,42
dialseg711,neural,14,5.239973600980728e-05,1.8790401567091086,coverage,0.67759558772217,0.668427111937133,0.6868776691594466,711,1000,42
dialseg711,neural,15,5.581103158961448e-05,1.8643486777668952,wf1,0.709788435696864,0.6991805048479868,0.7201062766100338,711,1000,42
dialseg711,neural,15,5.581103158961448e-05,1.8643486777668952,wf1_1to1,0.6794759779991847,0.669328367366342,0.6893539799394229,711,1000,42
dialseg711,neural,15,5.581103158961448e-05,1.8643486777668952,exact_f1,0.3813560794573453,0.36376233354081455,0.3984575933521081,711,1000,42
dialseg711,neural,15,5.581103158961448e-05,1.8643486777668952,coverage,0.6792756772450865,0.669829225143703,0.6883769877420984,711,1000,42
dialseg711,neural,16,0.00028507549847458206,1.8540646425073457,wf1,0.7121374222770223,0.7016993185329373,0.7225109383801687,711,1000,42
dialseg711,neural,16,0.00028507549847458206,1.8540646425073457,wf1_1to1,0.6821234087056871,0.6722981138645696,0.6921187153993061,711,1000,42
dialseg711,neural,16,0.00028507549847458206,1.8540646425073457,exact_f1,0.38297331672859103,0.365264224172452,0.39995508086225384,711,1000,42
dialseg711,neural,16,0.00028507549847458206,1.8540646425073457,coverage,0.681095297498251,0.6718631652571526,0.6902963162891961,711,1000,42
dialseg711,neural,17,0.0006078651681514321,1.842311459353575,wf1,0.7147728821357655,0.7040695920052984,0.7252192302193345,711,1000,42
dialseg711,neural,17,0.0006078651681514321,1.842311459353575,wf1_1to1,0.6854169428009089,0.6756376829530838,0.6957504085615899,711,1000,42
dialseg711,neural,17,0.0006078651681514321,1.842311459353575,exact_f1,0.38516308663987986,0.36710369584314734,0.40255233319579303,711,1000,42
dialseg711,neural,17,0.0006078651681514321,1.842311459353575,coverage,0.6842339017444503,0.6749699726209484,0.6937402105776315,711,1000,42
dialseg711,neural,18,0.0008580953063532321,1.8369245837414299,wf1,0.7160970338396642,0.7057394164370822,0.7266376331725133,711,1000,42
dialseg711,neural,18,0.0008580953063532321,1.8369245837414299,wf1_1to1,0.6866742415265621,0.6768883144516056,0.6972482481185012,711,1000,42
dialseg711,neural,18,0.0008580953063532321,1.8369245837414299,exact_f1,0.3856326202317764,0.3676281487304694,0.4030201457785846,711,1000,42
dialseg711,neural,18,0.0008580953063532321,1.8369245837414299,coverage,0.6857291130497881,0.6763713356059085,0.6952125886790971,711,1000,42
dialseg711,neural,19,0.0011845675452691964,1.8310479921645446,wf1,0.7175553366160424,0.7069312309260174,0.728055090968227,711,1000,42
dialseg711,neural,19,0.0011845675452691964,1.8310479921645446,wf1_1to1,0.6882168932801844,0.6784280186917317,0.6988332893079728,711,1000,42
dialseg711,neural,19,0.0011845675452691964,1.8310479921645446,exact_f1,0.386655101423034,0.3687385342817832,0.4041703518391282,711,1000,42
dialseg711,neural,19,0.0011845675452691964,1.8310479921645446,coverage,0.6872977175192365,0.6778966582770644,0.6967200438304079,711,1000,42
dialseg711,neural,20,0.0015133751080085999,1.8246816846229188,wf1,0.7181420760213472,0.7079144559041114,0.7288586257142595,711,1000,42
dialseg711,neural,20,0.0015133751080085999,1.8246816846229188,wf1_1to1,0.6890529614158306,0.6792262156502663,0.6997429178494579,711,1000,42
dialseg711,neural,20,0.0015133751080085999,1.8246816846229188,exact_f1,0.3869698827504735,0.3691518358185025,0.40462074591294006,711,1000,42
dialseg711,neural,20,0.0015133751080085999,1.8246816846229188,coverage,0.6886315044542892,0.6794826673024194,0.698004901436468,711,1000,42
dialseg711,neural,21,0.0018327564185943955,1.8173359451518118,wf1,0.7182738979334146,0.7078188833703091,0.729124666901326,711,1000,42
dialseg711,neural,21,0.0018327564185943955,1.8173359451518118,wf1_1to1,0.6893232958633801,0.6798135885055716,0.7002194461266192,711,1000,42
dialseg711,neural,21,0.0018327564185943955,1.8173359451518118,exact_f1,0.3867707850830213,0.3689527305402832,0.4042978850732015,711,1000,42
dialseg711,neural,21,0.0018327564185943955,1.8173359451518118,coverage,0.6900245792650855,0.680869600858393,0.6992480907268618,711,1000,42
dialseg711,neural,22,0.0023121955633706335,1.810969637610186,wf1,0.7198265801911169,0.709201086552569,0.7304814919624223,711,1000,42
dialseg711,neural,22,0.0023121955633706335,1.810969637610186,wf1_1to1,0.6911179147466067,0.6814791416584665,0.7019062430771291,711,1000,42
dialseg711,neural,22,0.0023121955633706335,1.810969637610186,exact_f1,0.38775957594523,0.37008036579766534,0.40556841580048336,711,1000,42
dialseg711,neural,22,0.0023121955633706335,1.810969637610186,coverage,0.6916194155118205,0.6828116647183102,0.7010879194937739,711,1000,42
dialseg711,neural,23,0.0028495775282982023,1.8041136141038199,wf1,0.7213075980834163,0.7106485170071408,0.7322282079034271,711,1000,42
dialseg711,neural,23,0.0028495775282982023,1.8041136141038199,wf1_1to1,0.6924813583041431,0.6828244895438987,0.703088682297543,711,1000,42
dialseg711,neural,23,0.0028495775282982023,1.8041136141038199,exact_f1,0.388787435411908,0.3713374711317749,0.4066982082224698,711,1000,42
dialseg711,neural,23,0.0028495775282982023,1.8041136141038199,coverage,0.6934514539999772,0.6843121873877412,0.702679617543146,711,1000,42
dialseg711,neural,24,0.003550953298442107,1.7962781586679726,wf1,0.7220041034434793,0.7115746087226364,0.7328080341684322,711,1000,42
dialseg711,neural,24,0.003550953298442107,1.7962781586679726,wf1_1to1,0.6940318237786591,0.684354132154765,0.7045676145623403,711,1000,42
dialseg711,neural,24,0.003550953298442107,1.7962781586679726,exact_f1,0.3894326255085749,0.37183411739846345,0.4071097981171821,711,1000,42
dialseg711,neural,24,0.003550953298442107,1.7962781586679726,coverage,0.6951766119487638,0.6862417321456087,0.7045216626532554,711,1000,42
dialseg711,neural,25,0.004519414947597525,1.7908912830558277,wf1,0.7223064888812645,0.7119590656155664,0.7331937644124702,711,1000,42
dialseg711,neural,25,0.004519414947597525,1.7908912830558277,wf1_1to1,0.6945304890452568,0.6849511109690433,0.7051865777604174,711,1000,42
dialseg711,neural,25,0.004519414947597525,1.7908912830558277,exact_f1,0.38927233104448294,0.37187065961855,0.40697095528319155,711,1000,42
dialseg711,neural,25,0.004519414947597525,1.7908912830558277,coverage,0.6962256039787685,0.6873228634937496,0.7055457643036758,711,1000,42
dialseg711,neural,26,0.00521047755692099,1.7859941234084231,wf1,0.7224417878872511,0.7118840655013583,0.7332914124694648,711,1000,42
dialseg711,neural,26,0.00521047755692099,1.7859941234084231,wf1_1to1,0.6952309762436344,0.6855249247548826,0.7059142125650565,711,1000,42
dialseg711,neural,26,0.00521047755692099,1.7859941234084231,exact_f1,0.38941709954368187,0.3722133548979541,0.40716951824546754,711,1000,42
dialseg711,neural,26,0.00521047755692099,1.7859941234084231,coverage,0.6970630927909408,0.68818155082923,0.7065175479554435,711,1000,42
dialseg711,neural,27,0.006093644017550215,1.7801175318315376,wf1,0.7224193457387866,0.711866154873239,0.733215452383491,711,1000,42
dialseg711,neural,27,0.006093644017550215,1.7801175318315376,wf1_1to1,0.6954121125007201,0.6859837521440897,0.7058807357277821,711,1000,42
dialseg711,neural,27,0.006093644017550215,1.7801175318315376,exact_f1,0.3895668794402972,0.3720933077314934,0.4071587673539151,711,1000,42
dialseg711,neural,27,0.006093644017550215,1.7801175318315376,coverage,0.6980040880357335,0.6890618058346171,0.7073427621370659,711,1000,42
dialseg711,neural,28,0.007327724089050416,1.777179236043095,wf1,0.7230511643030947,0.7125624027716354,0.7337492145038731,711,1000,42
dialseg711,neural,28,0.007327724089050416,1.777179236043095,wf1_1to1,0.696044719462441,0.6866875629059174,0.706373502454726,711,1000,42
dialseg711,neural,28,0.007327724089050416,1.777179236043095,exact_f1,0.3898972882095245,0.3723649982616227,0.40750628259067073,711,1000,42
dialseg711,neural,28,0.007327724089050416,1.777179236043095,coverage,0.6987595327785201,0.6898785188381708,0.7079140317312785,711,1000,42
dialseg711,neural,29,0.008393738891498841,1.7722820763956906,wf1,0.7236624073938612,0.7132232018092728,0.7343317087522807,711,1000,42
dialseg711,neural,29,0.008393738891498841,1.7722820763956906,wf1_1to1,0.6968417189936177,0.6873033576831045,0.7067952175969052,711,1000,42
dialseg711,neural,29,0.008393738891498841,1.7722820763956906,exact_f1,0.3900982124610817,0.37242974461856315,0.40791610912918924,711,1000,42
dialseg711,neural,29,0.008393738891498841,1.7722820763956906,coverage,0.6998339194014299,0.6908592603628204,0.7089164636250606,711,1000,42
dialseg711,neural,30,0.009502055184288547,1.767384916748286,wf1,0.7244944544682826,0.7143474194881513,0.7350829690678784,711,1000,42
dialseg711,neural,30,0.009502055184288547,1.767384916748286,wf1_1to1,0.6980637037599063,0.6885573535309821,0.7085486770613353,711,1000,42
dialseg711,neural,30,0.009502055184288547,1.767384916748286,exact_f1,0.39090607001999406,0.37332514161100655,0.40860711096998015,711,1000,42
dialseg711,neural,30,0.009502055184288547,1.767384916748286,coverage,0.7009267240807325,0.691768785719867,0.710095680002721,711,1000,42
dialseg711,neural,31,0.010976066770752784,1.762977473065622,wf1,0.724421032950334,0.7141131218068255,0.7349825662009519,711,1000,42
dialseg711,neural,31,0.010976066770752784,1.762977473065622,wf1_1to1,0.6981719796065787,0.6887187574107405,0.7086658268673036,711,1000,42
dialseg711,neural,31,0.010976066770752784,1.762977473065622,exact_f1,0.39069956453922705,0.3729514611423894,0.4084395076325456,711,1000,42
dialseg711,neural,31,0.010976066770752784,1.762977473065622,coverage,0.7017041893096745,0.6926129938636532,0.7109540682984775,711,1000,42
dialseg711,neural,32,0.012434697068816005,1.757590597453477,wf1,0.7238448868504308,0.7137547832266864,0.7344914949650788,711,1000,42
dialseg711,neural,32,0.012434697068816005,1.757590597453477,wf1_1to1,0.6977044755525768,0.6880760632553882,0.7078418547775087,711,1000,42
dialseg711,neural,32,0.012434697068816005,1.757590597453477,exact_f1,0.39051873271282556,0.37276371308016876,0.4083498740671736,711,1000,42
dialseg711,neural,32,0.012434697068816005,1.757590597453477,coverage,0.7024400743810026,0.6933987389973677,0.7117985053995075,711,1000,42
dialseg711,neural,33,0.014313280938108974,1.7541625857002938,wf1,0.7243220164192768,0.7142233920813873,0.7349379425332426,711,1000,42
dialseg711,neural,33,0.014313280938108974,1.7541625857002938,wf1_1to1,0.6981669057618425,0.6885707810707811,0.7083894065381406,711,1000,42
dialseg711,neural,33,0.014313280938108974,1.7541625857002938,exact_f1,0.39090617149688883,0.37319746650442853,0.4088708757643356,711,1000,42
dialseg711,neural,33,0.014313280938108974,1.7541625857002938,coverage,0.7031950751623748,0.6942034885092638,0.7123738562675798,711,1000,42
dialseg711,neural,34,0.01618606435256689,1.7482859941234083,wf1,0.723801894239085,0.7133899661132886,0.7345095065408107,711,1000,42
dialseg711,neural,34,0.01618606435256689,1.7482859941234083,wf1_1to1,0.6979288409668156,0.688138875111449,0.7082347965364842,711,1000,42
dialseg711,neural,34,0.01618606435256689,1.7482859941234083,exact_f1,0.39055435110287434,0.3727584733597392,0.40834125614188904,711,1000,42
dialseg711,neural,34,0.01618606435256689,1.7482859941234083,coverage,0.7041659299834405,0.6951431677011846,0.7134115371364844,711,1000,42
dialseg711,neural,35,0.01833173621389736,1.7414299706170422,wf1,0.7239008714043318,0.7131477835583836,0.7348838702782722,711,1000,42
dialseg711,neural,35,0.01833173621389736,1.7414299706170422,wf1_1to1,0.6980332606914884,0.6881499157975951,0.7083131417730573,711,1000,42
dialseg711,neural,35,0.01833173621389736,1.7414299706170422,exact_f1,0.3900646236089274,0.37253156907165347,0.40778953036337,711,1000,42
dialseg711,neural,35,0.01833173621389736,1.7414299706170422,coverage,0.705128692022152,0.6961676974572544,0.714450191159052,711,1000,42
dialseg711,neural,36,0.02028017932895444,1.733594515181195,wf1,0.7249402212745264,0.7145029173724301,0.7359825568868688,711,1000,42
dialseg711,neural,36,0.02028017932895444,1.733594515181195,wf1_1to1,0.69938554959652,0.6896096995675054,0.7098250563704149,711,1000,42
dialseg711,neural,36,0.02028017932895444,1.733594515181195,exact_f1,0.39094010380930205,0.3737283733222553,0.4088188105065742,711,1000,42
dialseg711,neural,36,0.02028017932895444,1.733594515181195,coverage,0.7067296676210177,0.6979564128489498,0.715936624712996,711,1000,42
dialseg711,neural,37,0.023438217436623512,1.727228207639569,wf1,0.7254065699564439,0.7148334620892373,0.7362822770229498,711,1000,42
dialseg711,neural,37,0.023438217436623512,1.727228207639569,wf1_1to1,0.7002640350741616,0.6902676527254585,0.7109402975911414,711,1000,42
dialseg711,neural,37,0.023438217436623512,1.727228207639569,exact_f1,0.3913998956193049,0.3742453264816134,0.409686352676859,711,1000,42
dialseg711,neural,37,0.023438217436623512,1.727228207639569,coverage,0.7078992142019568,0.6989879679772876,0.7170905311431419,711,1000,42
dialseg711,neural,38,0.025692669038272407,1.7203721841332027,wf1,0.725235260864029,0.7147930852558828,0.735998708608171,711,1000,42
dialseg711,neural,38,0.025692669038272407,1.7203721841332027,wf1_1to1,0.7006853671410633,0.690904701838246,0.7113252298959051,711,1000,42
dialseg711,neural,38,0.025692669038272407,1.7203721841332027,exact_f1,0.39164415050490997,0.37473500733521836,0.4095723982221872,711,1000,42
dialseg711,neural,38,0.025692669038272407,1.7203721841332027,coverage,0.7092010359151709,0.7002996947867728,0.7183095074366171,711,1000,42
dialseg711,neural,39,0.029583345752340503,1.7135161606268365,wf1,0.7255466789065078,0.7149859857816903,0.7362261194902356,711,1000,42
dialseg711,neural,39,0.029583345752340503,1.7135161606268365,wf1_1to1,0.7010744295554422,0.6913547038599781,0.7112851744286344,711,1000,42
dialseg711,neural,39,0.029583345752340503,1.7135161606268365,exact_f1,0.39190707713914463,0.3747148245565967,0.4100240753932736,711,1000,42
dialseg711,neural,39,0.029583345752340503,1.7135161606268365,coverage,0.7102242147600797,0.7012747590938518,0.7194860372866702,711,1000,42
dialseg711,neural,40,0.03276093714126391,1.7051909892262487,wf1,0.7261367922071018,0.7156909060261476,0.7370114367600005,711,1000,42
dialseg711,neural,40,0.03276093714126391,1.7051909892262487,wf1_1to1,0.7014586210788742,0.6914886812671622,0.7116656794135696,711,1000,42
dialseg711,neural,40,0.03276093714126391,1.7051909892262487,exact_f1,0.3927324902008446,0.37530217028634744,0.4107244958510782,711,1000,42
dialseg711,neural,40,0.03276093714126391,1.7051909892262487,coverage,0.711824353174564,0.7030190597074826,0.7212372383047488,711,1000,42
dialseg711,neural,41,0.03651428872242046,1.6973555337904016,wf1,0.7262154840216241,0.7152590271319369,0.7369800405945335,711,1000,42
dialseg711,neural,41,0.03651428872242046,1.6973555337904016,wf1_1to1,0.7020980269925418,0.6920936429955418,0.7121881158379049,711,1000,42
dialseg711,neural,41,0.03651428872242046,1.6973555337904016,exact_f1,0.3933475416597779,0.3759107373717078,0.41133290564725167,711,1000,42
dialseg711,neural,41,0.03651428872242046,1.6973555337904016,coverage,0.7132980767474437,0.7046142387070657,0.7228428773523711,711,1000,42
dialseg711,neural,42,0.04034026938691815,1.692458374142997,wf1,0.7264109068431392,0.7157615234510959,0.7375945822686193,711,1000,42
dialseg711,neural,42,0.04034026938691815,1.692458374142997,wf1_1to1,0.7022992556747831,0.692363548898359,0.7124074985414648,711,1000,42
dialseg711,neural,42,0.04034026938691815,1.692458374142997,exact_f1,0.39351294899818107,0.3762818906753506,0.4115852609259782,711,1000,42
dialseg711,neural,42,0.04034026938691815,1.692458374142997,coverage,0.7146291999140101,0.7058037058366701,0.7239899335310727,711,1000,42
dialseg711,neural,43,0.04429220466233373,1.6846229187071498,wf1,0.7264188448797175,0.715573069264141,0.7374899284781535,711,1000,42
dialseg711,neural,43,0.04429220466233373,1.6846229187071498,wf1_1to1,0.7025952637766985,0.6924912347380702,0.7131481735173717,711,1000,42
dialseg711,neural,43,0.04429220466233373,1.6846229187071498,exact_f1,0.393984512127972,0.376572221145006,0.412230829024078,711,1000,42
dialseg711,neural,43,0.04429220466233373,1.6846229187071498,coverage,0.7163315001922597,0.7076703184785991,0.7259821273184933,711,1000,42
dialseg711,neural,44,0.04896256722622183,1.6797257590597454,wf1,0.7266708597631546,0.7157169172480262,0.7378195320879133,711,1000,42
dialseg711,neural,44,0.04896256722622183,1.6797257590597454,wf1_1to1,0.70317205844632,0.6934899449667382,0.7138494344770716,711,1000,42
dialseg711,neural,44,0.04896256722622183,1.6797257590597454,exact_f1,0.39430122151641145,0.3768026564387324,0.41261305189575226,711,1000,42
dialseg711,neural,44,0.04896256722622183,1.6797257590597454,coverage,0.7174248629944832,0.7087371508053207,0.7270000360242976,711,1000,42
dialseg711,neural,45,0.0528624082105843,1.6743388834476003,wf1,0.7272508276749666,0.7163859117963127,0.738341433277029,711,1000,42
dialseg711,neural,45,0.0528624082105843,1.6743388834476003,wf1_1to1,0.7039983848000725,0.6941443466285239,0.7147566328420759,711,1000,42
dialseg711,neural,45,0.0528624082105843,1.6743388834476003,exact_f1,0.39500465935065093,0.3775801673322771,0.4132160767814777,711,1000,42
dialseg711,neural,45,0.0528624082105843,1.6743388834476003,coverage,0.7184699481640411,0.7098213774914723,0.7278038614622211,711,1000,42
dialseg711,neural,46,0.057706929743289996,1.668462291870715,wf1,0.7281833491578459,0.7174217465843081,0.7393539344459432,711,1000,42
dialseg711,neural,46,0.057706929743289996,1.668462291870715,wf1_1to1,0.7055585998623973,0.6958433085120849,0.7160663166728567,711,1000,42
dialseg711,neural,46,0.057706929743289996,1.668462291870715,exact_f1,0.39575857023114414,0.37837232075628696,0.4140714356748112,711,1000,42
dialseg711,neural,46,0.057706929743289996,1.668462291870715,coverage,0.7195808918382758,0.7109451326480598,0.7288294817534005,711,1000,42
dialseg711,neural,47,0.06271997359979102,1.6601371204701274,wf1,0.7269578610824147,0.716193448966415,0.737999291017811,711,1000,42
dialseg711,neural,47,0.06271997359979102,1.6601371204701274,wf1_1to1,0.705210026729014,0.6953007014082964,0.7155944719446828,711,1000,42
dialseg711,neural,47,0.06271997359979102,1.6601371204701274,exact_f1,0.39503727246343284,0.3776647350539755,0.4128721132360373,711,1000,42
dialseg711,neural,47,0.06271997359979102,1.6601371204701274,coverage,0.7208852251046345,0.7120820106454336,0.7300235273936487,711,1000,42
dialseg711,neural,48,0.070621086162838,1.6547502448579823,wf1,0.7266846315587507,0.7156795327996488,0.7379826560570152,711,1000,42
dialseg711,neural,48,0.070621086162838,1.6547502448579823,wf1_1to1,0.7052066779914881,0.6950632809915509,0.7156857986130137,711,1000,42
dialseg711,neural,48,0.070621086162838,1.6547502448579823,exact_f1,0.39479839585324816,0.3772728997834483,0.41269180655256604,711,1000,42
dialseg711,neural,48,0.070621086162838,1.6547502448579823,coverage,0.7217709661802488,0.7131477657071011,0.7307565279842443,711,1000,42
dialseg711,neural,49,0.07650546909277164,1.649853085210578,wf1,0.7266029747038316,0.7157368432556925,0.7378625670263157,711,1000,42
dialseg711,neural,49,0.07650546909277164,1.649853085210578,wf1_1to1,0.7060304674228725,0.6958906195773285,0.7166391816497302,711,1000,42
dialseg711,neural,49,0.07650546909277164,1.649853085210578,exact_f1,0.39552395565053794,0.37810010644926256,0.4133604936242068,711,1000,42
dialseg711,neural,49,0.07650546909277164,1.649853085210578,coverage,0.7229020022796394,0.7143190668625794,0.7319303581586019,711,1000,42
dialseg711,neural,50,0.08120449235541151,1.643486777668952,wf1,0.7256176852356948,0.7149029540127289,0.7366548970806449,711,1000,42
dialseg711,neural,50,0.08120449235541151,1.643486777668952,wf1_1to1,0.7057196436943273,0.6955784715753071,0.7164584360786892,711,1000,42
dialseg711,neural,50,0.08120449235541151,1.643486777668952,exact_f1,0.3954256245395486,0.3776492522167628,0.41350831755367623,711,1000,42
dialseg711,neural,50,0.08120449235541151,1.643486777668952,coverage,0.7241312680131246,0.7151926161479167,0.73317035063409,711,1000,42
dialseg711,neural,51,0.08865348395690265,1.6376101860920667,wf1,0.7259061083103764,0.7151609156620002,0.7369484324177207,711,1000,42
dialseg711,neural,51,0.08865348395690265,1.6376101860920667,wf1_1to1,0.7065598723826572,0.6963339213919383,0.7173537286670197,711,1000,42
dialseg711,neural,51,0.08865348395690265,1.6376101860920667,exact_f1,0.3960295135400621,0.3782715440521348,0.4140541820657854,711,1000,42
dialseg711,neural,51,0.08865348395690265,1.6376101860920667,coverage,0.7251435205285416,0.7163090598942392,0.7342291349161076,711,1000,42
dialseg711,neural,52,0.09469104824054182,1.6297747306562194,wf1,0.7257226754709365,0.7149636203708339,0.7368917843498665,711,1000,42
dialseg711,neural,52,0.09469104824054182,1.6297747306562194,wf1_1to1,0.7064147604231993,0.6961082266303785,0.7169785178487709,711,1000,42
dialseg711,neural,52,0.09469104824054182,1.6297747306562194,exact_f1,0.3959625387895431,0.37825779393289943,0.4143018947765783,711,1000,42
dialseg711,neural,52,0.09469104824054182,1.6297747306562194,coverage,0.7263959483632478,0.7177617814089333,0.735424883758217,711,1000,42
dialseg711,neural,53,0.10100630236480704,1.622918707149853,wf1,0.7252489430217889,0.7145528992922057,0.7364797410292598,711,1000,42
dialseg711,neural,53,0.10100630236480704,1.622918707149853,wf1_1to1,0.7066745412736974,0.6963755852679903,0.7173878020713463,711,1000,42
dialseg711,neural,53,0.10100630236480704,1.622918707149853,exact_f1,0.3959145402183377,0.37828058564345485,0.4144388353090884,711,1000,42
dialseg711,neural,53,0.10100630236480704,1.622918707149853,coverage,0.7278760903497191,0.7192065561362766,0.7368996095861866,711,1000,42
dialseg711,neural,54,0.10929141485661122,1.6170421155729677,wf1,0.7258404067456743,0.7151008859773951,0.7370934436875265,711,1000,42
dialseg711,neural,54,0.10929141485661122,1.6170421155729677,wf1_1to1,0.7075373993095512,0.6970586440048465,0.71830766221589,711,1000,42
dialseg711,neural,54,0.10929141485661122,1.6170421155729677,exact_f1,0.39605518719442767,0.3783208161583689,0.4143524099747729,711,1000,42
dialseg711,neural,54,0.10929141485661122,1.6170421155729677,coverage,0.7289038737087261,0.7203785132813351,0.7378752289182143,711,1000,42
dialseg711,neural,55,0.12033462943743221,1.609696376101861,wf1,0.7251105789495769,0.71437048875523,0.7361374559776338,711,1000,42
dialseg711,neural,55,0.12033462943743221,1.609696376101861,wf1_1to1,0.7075106094093436,0.6971216433980147,0.7184235513665892,711,1000,42
dialseg711,neural,55,0.12033462943743221,1.609696376101861,exact_f1,0.39636438729265727,0.3788777391150809,0.41462351057287766,711,1000,42
dialseg711,neural,55,0.12033462943743221,1.609696376101861,coverage,0.7303429936605041,0.7218933801733115,0.7394537424356781,711,1000,42
dialseg711,neural,56,0.1291668948216657,1.602350636630754,wf1,0.725660712957792,0.7146574413332757,0.7366142183992039,711,1000,42
dialseg711,neural,56,0.1291668948216657,1.602350636630754,wf1_1to1,0.7083162344765719,0.6978008104959582,0.7190731201912636,711,1000,42
dialseg711,neural,56,0.1291668948216657,1.602350636630754,exact_f1,0.39735774461512857,0.37976412964282164,0.41571400918974755,711,1000,42
dialseg711,neural,56,0.1291668948216657,1.602350636630754,coverage,0.7318089035124901,0.7232083572682201,0.7410930724953668,711,1000,42
dialseg711,neural,57,0.13924303868008628,1.5920666013712046,wf1,0.7245521164301995,0.7133433628758643,0.7356588797786868,711,1000,42
dialseg711,neural,57,0.13924303868008628,1.5920666013712046,wf1_1to1,0.7077405560527923,0.6968614185861021,0.7186446720571192,711,1000,42
dialseg711,neural,57,0.13924303868008628,1.5920666013712046,exact_f1,0.3961903544182025,0.3782798778421141,0.41433062795931996,711,1000,42
dialseg711,neural,57,0.13924303868008628,1.5920666013712046,coverage,0.7333959260383311,0.7246866972348248,0.7426178418003313,711,1000,42
dialseg711,neural,58,0.14975147024171445,1.5852105778648384,wf1,0.7247846380105806,0.7133222791010772,0.7359377135517546,711,1000,42
dialseg711,neural,58,0.14975147024171445,1.5852105778648384,wf1_1to1,0.7081427089865908,0.6973711522498441,0.7189270213690044,711,1000,42
dialseg711,neural,58,0.14975147024171445,1.5852105778648384,exact_f1,0.3965333463223758,0.3783911574048705,0.4146087330000833,711,1000,42
dialseg711,neural,58,0.14975147024171445,1.5852105778648384,coverage,0.7348082560899015,0.7261898559617442,0.743966098389226,711,1000,42
dialseg711,neural,59,0.15972419450031464,1.5763956904995102,wf1,0.7245367993883249,0.7129677033180019,0.7357470246621419,711,1000,42
dialseg711,neural,59,0.15972419450031464,1.5763956904995102,wf1_1to1,0.7081569157518524,0.6977945468346313,0.7188983566831667,711,1000,42
dialseg711,neural,59,0.15972419450031464,1.5763956904995102,exact_f1,0.3968390962061848,0.3784787268911741,0.41501915883772417,711,1000,42
dialseg711,neural,59,0.15972419450031464,1.5763956904995102,coverage,0.7367452216872048,0.7282404755103858,0.7460005089310207,711,1000,42
dialseg711,neural,60,0.17305690297229806,1.5700293829578844,wf1,0.7239842039734808,0.7124195786420195,0.7351845449995752,711,1000,42
dialseg711,neural,60,0.17305690297229806,1.5700293829578844,wf1_1to1,0.7074868638159778,0.6971839045467736,0.718410717076329,711,1000,42
dialseg711,neural,60,0.17305690297229806,1.5700293829578844,exact_f1,0.3965419718584276,0.3781826883461904,0.4142864296978221,711,1000,42
dialseg711,neural,60,0.17305690297229806,1.5700293829578844,coverage,0.7380512293223265,0.7295218744862731,0.7476435661931441,711,1000,42
dialseg711,neural,61,0.18148261937663807,1.558765915768854,wf1,0.7237800802151252,0.7119628739878048,0.735261125510536,711,1000,42
dialseg711,neural,61,0.18148261937663807,1.558765915768854,wf1_1to1,0.707624466485226,0.6966789732770745,0.7188235707486762,711,1000,42
dialseg711,neural,61,0.18148261937663807,1.558765915768854,exact_f1,0.3969651305094344,0.37898154490454067,0.4149983154835476,711,1000,42
dialseg711,neural,61,0.18148261937663807,1.558765915768854,coverage,0.7399948923946815,0.7314121927406474,0.7494194372444637,711,1000,42
dialseg711,neural,62,0.19370447099208832,1.5504407443682664,wf1,0.7223219255084117,0.7108400274844304,0.7339566973263318,711,1000,42
dialseg711,neural,62,0.19370447099208832,1.5504407443682664,wf1_1to1,0.7064347513714603,0.6952061680700921,0.717517027822935,711,1000,42
dialseg711,neural,62,0.19370447099208832,1.5504407443682664,exact_f1,0.3968227584261339,0.3784839275820288,0.41513984277169935,711,1000,42
dialseg711,neural,62,0.19370447099208832,1.5504407443682664,coverage,0.7414544092022995,0.7328337673373275,0.7508857702502217,711,1000,42
dialseg711,neural,63,0.20399058636408982,1.5460333006856024,wf1,0.7217653784639023,0.7101753216395025,0.7335838065685207,711,1000,42
dialseg711,neural,63,0.20399058636408982,1.5460333006856024,wf1_1to1,0.7066423730980692,0.6951589356494419,0.7181819653233156,711,1000,42
dialseg711,neural,63,0.20399058636408982,1.5460333006856024,exact_f1,0.3975896193195771,0.3791706699301636,0.41573333039050336,711,1000,42
dialseg711,neural,63,0.20399058636408982,1.5460333006856024,coverage,0.7429233887303508,0.7343032006817609,0.7521658248524018,711,1000,42
dialseg711,neural,64,0.21693334140669782,1.5396669931439766,wf1,0.721896293397367,0.7105488668483407,0.7339871554419194,711,1000,42
dialseg711,neural,64,0.21693334140669782,1.5396669931439766,wf1_1to1,0.7070852182666528,0.6959094257828435,0.71855115095094,711,1000,42
dialseg711,neural,64,0.21693334140669782,1.5396669931439766,exact_f1,0.3978684778262837,0.37978921980504265,0.4161394282385843,711,1000,42
dialseg711,neural,64,0.21693334140669782,1.5396669931439766,coverage,0.7441479104190074,0.7355667625808713,0.7535083155046234,711,1000,42
dialseg711,neural,65,0.2298887432669875,1.5313418217433887,wf1,0.7199448775360145,0.708267621883037,0.7324173586242223,711,1000,42
dialseg711,neural,65,0.2298887432669875,1.5313418217433887,wf1_1to1,0.7051040848509202,0.6936009532739491,0.7169772849045001,711,1000,42
dialseg711,neural,65,0.2298887432669875,1.5313418217433887,exact_f1,0.3957925649908773,0.3782086943373863,0.4142089850686897,711,1000,42
dialseg711,neural,65,0.2298887432669875,1.5313418217433887,coverage,0.7450604413948295,0.7365527788549942,0.754413510652303,711,1000,42
dialseg711,neural,66,0.24859576533787228,1.5244857982370226,wf1,0.7193870602067695,0.7077768974690153,0.7321905918049608,711,1000,42
dialseg711,neural,66,0.24859576533787228,1.5244857982370226,wf1_1to1,0.7044727970888308,0.6926220031336066,0.716758368799508,711,1000,42
dialseg711,neural,66,0.24859576533787228,1.5244857982370226,exact_f1,0.39544612287228315,0.3775665155675704,0.41421148393722235,711,1000,42
dialseg711,neural,66,0.24859576533787228,1.5244857982370226,coverage,0.7461928981707463,0.7376265228315597,0.755565469384694,711,1000,42
dialseg711,neural,67,0.2603681220780665,1.518609206660137,wf1,0.7189296881337425,0.7072046517601798,0.7314889515216981,711,1000,42
dialseg711,neural,67,0.2603681220780665,1.518609206660137,wf1_1to1,0.704951666555042,0.6933887524024656,0.7176066522163568,711,1000,42
dialseg711,neural,67,0.2603681220780665,1.518609206660137,exact_f1,0.39578434536240437,0.37785300767368274,0.4147545527608818,711,1000,42
dialseg711,neural,67,0.2603681220780665,1.518609206660137,coverage,0.7472862609729698,0.7388117160519585,0.7567463748647821,711,1000,42
dialseg711,neural,68,0.27565867158036744,1.5122428991185113,wf1,0.7187690659178891,0.7069244785139097,0.7314467047405369,711,1000,42
dialseg711,neural,68,0.27565867158036744,1.5122428991185113,wf1_1to1,0.7052583297309035,0.6936681512736365,0.7179116486342224,711,1000,42
dialseg711,neural,68,0.27565867158036744,1.5122428991185113,exact_f1,0.3955140109148548,0.37696820272242215,0.41404965619628065,711,1000,42
dialseg711,neural,68,0.27565867158036744,1.5122428991185113,coverage,0.7483718100542995,0.7398165875137129,0.7577117009514162,711,1000,42
dialseg711,neural,69,0.2887659692884096,1.5063663075416258,wf1,0.7171590335061688,0.7053342300509087,0.7301019616572817,711,1000,42
dialseg711,neural,69,0.2887659692884096,1.5063663075416258,wf1_1to1,0.7038317675448477,0.6925459614225435,0.7167472925964486,711,1000,42
dialseg711,neural,69,0.2887659692884096,1.5063663075416258,exact_f1,0.3946556178623689,0.37644330333676324,0.4131935362262366,711,1000,42
dialseg711,neural,69,0.2887659692884096,1.5063663075416258,coverage,0.749089429284577,0.7405184635307261,0.7584494037520145,711,1000,42
dialseg711,neural,70,0.29876957946087246,1.4975514201762978,wf1,0.7169577196838705,0.7051850158928096,0.7300520359243906,711,1000,42
dialseg711,neural,70,0.29876957946087246,1.4975514201762978,wf1_1to1,0.7039218790273641,0.6923690719735023,0.7162938684615899,711,1000,42
dialseg711,neural,70,0.29876957946087246,1.4975514201762978,exact_f1,0.39472908713415045,0.3768632933717322,0.4133730031884039,711,1000,42
dialseg711,neural,70,0.29876957946087246,1.4975514201762978,coverage,0.7507942157467474,0.7423187603633279,0.7600480410890486,711,1000,42
dialseg711,neural,71,0.3120112482027796,1.4906953966699314,wf1,0.7169425518727235,0.7053686251258537,0.7299740968867865,711,1000,42
dialseg711,neural,71,0.3120112482027796,1.4906953966699314,wf1_1to1,0.704079269691084,0.6927336708454851,0.716554681839492,711,1000,42
dialseg711,neural,71,0.3120112482027796,1.4906953966699314,exact_f1,0.3946498336793695,0.3761827715572442,0.4132226803904019,711,1000,42
dialseg711,neural,71,0.3120112482027796,1.4906953966699314,coverage,0.7518881366718919,0.7432230008476053,0.7610888881590359,711,1000,42
dialseg711,neural,72,0.32491734818597534,1.4833496571988247,wf1,0.7177610487970844,0.7062877653790298,0.7307271880837617,711,1000,42
dialseg711,neural,72,0.32491734818597534,1.4833496571988247,wf1_1to1,0.7053852773262055,0.6940425071490472,0.7178425048150786,711,1000,42
dialseg711,neural,72,0.32491734818597534,1.4833496571988247,exact_f1,0.39577724197977365,0.3774575725103151,0.414320092120725,711,1000,42
dialseg711,neural,72,0.32491734818597534,1.4833496571988247,coverage,0.753600597324226,0.7452289084079694,0.7628318882828375,711,1000,42
dialseg711,neural,73,0.3373433486301096,1.476983349657199,wf1,0.7177282397147529,0.7059799886969462,0.7306948015385448,711,1000,42
dialseg711,neural,73,0.3373433486301096,1.476983349657199,wf1_1to1,0.7054399733724628,0.6938889548488704,0.7179968638565685,711,1000,42
dialseg711,neural,73,0.3373433486301096,1.476983349657199,exact_f1,0.39556962025316456,0.3774232479506741,0.4143434140480554,711,1000,42
dialseg711,neural,73,0.3373433486301096,1.476983349657199,coverage,0.7546855882826348,0.7459541482359257,0.7639544746988048,711,1000,42
dialseg711,neural,74,0.35282615306389414,1.4676787463271304,wf1,0.7180307423379305,0.7058993588031852,0.7307555484158605,711,1000,42
dialseg711,neural,74,0.35282615306389414,1.4676787463271304,wf1_1to1,0.705429927159885,0.6944273734938291,0.7178261365919594,711,1000,42
dialseg711,neural,74,0.35282615306389414,1.4676787463271304,exact_f1,0.3961188132074208,0.3775309783590375,0.41493193690978497,711,1000,42
dialseg711,neural,74,0.35282615306389414,1.4676787463271304,coverage,0.7566944122060155,0.7481978365047984,0.7659116795456458,711,1000,42
dialseg711,neural,75,0.3668866626281838,1.4618021547502449,wf1,0.7171218295003688,0.7047222724709374,0.7299097329836136,711,1000,42
dialseg711,neural,75,0.3668866626281838,1.4618021547502449,wf1_1to1,0.7047822001408499,0.6937511314673762,0.7169871332371333,711,1000,42
dialseg711,neural,75,0.3668866626281838,1.4618021547502449,exact_f1,0.39535966455797683,0.37636863156377914,0.4139803195710368,711,1000,42
dialseg711,neural,75,0.3668866626281838,1.4618021547502449,coverage,0.7577053123466625,0.7493035135038038,0.7668572089049409,711,1000,42
dialseg711,neural,76,0.38124756387729747,1.4529872673849167,wf1,0.7168810587536552,0.704460713988778,0.7294385418341357,711,1000,42
dialseg711,neural,76,0.38124756387729747,1.4529872673849167,wf1_1to1,0.7054267813761484,0.6943020114750073,0.7178118486451819,711,1000,42
dialseg711,neural,76,0.38124756387729747,1.4529872673849167,exact_f1,0.39519638823436287,0.37654671844017834,0.41385152255932844,711,1000,42
dialseg711,neural,76,0.38124756387729747,1.4529872673849167,coverage,0.7591066194705435,0.7506188695514908,0.7682284668176019,711,1000,42
dialseg711,neural,77,0.39406315495620436,1.44564152791381,wf1,0.7168937662042855,0.7044577705403153,0.7297821585123068,711,1000,42
dialseg711,neural,77,0.39406315495620436,1.44564152791381,wf1_1to1,0.7054354069122002,0.6942948142262488,0.7183115183378895,711,1000,42
dialseg711,neural,77,0.39406315495620436,1.44564152791381,exact_f1,0.3949014963782896,0.37623671413755805,0.413894168224337,711,1000,42
dialseg711,neural,77,0.39406315495620436,1.44564152791381,coverage,0.7603608738893549,0.7518746188274141,0.7696380297210994,711,1000,42
dialseg711,neural,78,0.413031992600791,1.4392752203721841,wf1,0.7155294033854676,0.7035504314833341,0.7283202735759592,711,1000,42
dialseg711,neural,78,0.413031992600791,1.4392752203721841,wf1_1to1,0.7042678137614845,0.6925073545379452,0.7171693578339148,711,1000,42
dialseg711,neural,78,0.413031992600791,1.4392752203721841,exact_f1,0.39418263405605175,0.3754252008735131,0.41308581089171803,711,1000,42
dialseg711,neural,78,0.413031992600791,1.4392752203721841,coverage,0.7613663323315222,0.7530265239673205,0.7705814370911944,711,1000,42
dialseg711,neural,79,0.4244270690122446,1.429480901077375,wf1,0.712311103713823,0.7003332193376172,0.7253283462998334,711,1000,42
dialseg711,neural,79,0.4244270690122446,1.429480901077375,wf1_1to1,0.7012486731896014,0.6898702161254903,0.714184957876941,711,1000,42
dialseg711,neural,79,0.4244270690122446,1.429480901077375,exact_f1,0.3921166659563284,0.3734726712574814,0.4108492677427276,711,1000,42
dialseg711,neural,79,0.4244270690122446,1.429480901077375,coverage,0.7630130740099095,0.754372847738486,0.7723461171193241,711,1000,42
dialseg711,neural,80,0.4381178514142731,1.4221351616062683,wf1,0.7115457910499068,0.699815775031118,0.7248151859709152,711,1000,42
dialseg711,neural,80,0.4381178514142731,1.4221351616062683,wf1_1to1,0.7009182644203741,0.6892622528276537,0.7144540746017539,711,1000,42
dialseg711,neural,80,0.4381178514142731,1.4221351616062683,exact_f1,0.392287451570152,0.3735942304296735,0.4111216621712402,711,1000,42
dialseg711,neural,80,0.4381178514142731,1.4221351616062683,coverage,0.7648427404756519,0.7563984250337098,0.7740618386682467,711,1000,42
dialseg711,neural,81,0.4509434807839707,1.4128305582761997,wf1,0.7121091907694247,0.6998911928411343,0.7256721251119495,711,1000,42
dialseg711,neural,81,0.4509434807839707,1.4128305582761997,wf1_1to1,0.7014641086371044,0.6899871530251276,0.7150508044073445,711,1000,42
dialseg711,neural,81,0.4509434807839707,1.4128305582761997,exact_f1,0.39265358020632285,0.3738659398891466,0.4111506465092963,711,1000,42
dialseg711,neural,81,0.4509434807839707,1.4128305582761997,coverage,0.7667841710563229,0.7583956948612802,0.7757978508393857,711,1000,42
dialseg711,neural,82,0.4646051060314755,1.405484818805093,wf1,0.7114351752654265,0.6995266363211262,0.724850908349432,711,1000,42
dialseg711,neural,82,0.4646051060314755,1.405484818805093,wf1_1to1,0.7007519437899185,0.6895910658727115,0.7141345543033306,711,1000,42
dialseg711,neural,82,0.4646051060314755,1.405484818805093,exact_f1,0.39254083937628237,0.3735045096332016,0.41097251143137215,711,1000,42
dialseg711,neural,82,0.4646051060314755,1.405484818805093,coverage,0.7681769668056588,0.7599671091186123,0.7771999992945404,711,1000,42
dialseg711,neural,83,0.47650702934169326,1.396669931439765,wf1,0.7112940947348018,0.6993615514789676,0.7246667543890274,711,1000,42
dialseg711,neural,83,0.47650702934169326,1.396669931439765,wf1_1to1,0.7015255021584135,0.6899417446516601,0.7149749555023815,711,1000,42
dialseg711,neural,83,0.47650702934169326,1.396669931439765,exact_f1,0.39294268787939673,0.3741357593414555,0.4112177963074588,711,1000,42
dialseg711,neural,83,0.47650702934169326,1.396669931439765,coverage,0.7701386293422159,0.7616337894212367,0.7789933222739129,711,1000,42
dialseg711,neural,84,0.48926939197521135,1.385896180215475,wf1,0.7086927024931697,0.6963534595807389,0.7219430233927006,711,1000,42
dialseg711,neural,84,0.48926939197521135,1.385896180215475,wf1_1to1,0.6990582944169441,0.6873140512011818,0.7125736620778813,711,1000,42
dialseg711,neural,84,0.48926939197521135,1.385896180215475,exact_f1,0.3913216959630461,0.37219634561406717,0.4091762689178301,711,1000,42
dialseg711,neural,84,0.48926939197521135,1.385896180215475,coverage,0.7716673280228131,0.7632500875677299,0.7806557820890627,711,1000,42
dialseg711,neural,85,0.5025665616270292,1.3785504407443683,wf1,0.7073015391165326,0.6952902039835452,0.7207856589172214,711,1000,42
dialseg711,neural,85,0.5025665616270292,1.3785504407443683,wf1_1to1,0.6984191929339608,0.6867601979205354,0.7119741518053755,711,1000,42
dialseg711,neural,85,0.5025665616270292,1.3785504407443683,exact_f1,0.39067295417506387,0.37183422277831557,0.4086751125886147,711,1000,42
dialseg711,neural,85,0.5025665616270292,1.3785504407443683,coverage,0.7725921377028973,0.764262224287277,0.7816718107646378,711,1000,42
dialseg711,neural,86,0.5155569964916866,1.3687561214495592,wf1,0.7053287268061675,0.6931972320942412,0.7187248879815323,711,1000,42
dialseg711,neural,86,0.5155569964916866,1.3687561214495592,wf1_1to1,0.6975686136023689,0.6858087809986543,0.7109176606328504,711,1000,42
dialseg711,neural,86,0.5155569964916866,1.3687561214495592,exact_f1,0.39089397085177674,0.3721021547603826,0.4088416894482295,711,1000,42
dialseg711,neural,86,0.5155569964916866,1.3687561214495592,coverage,0.7746705874606719,0.7665700673467022,0.783729969265966,711,1000,42
dialseg711,neural,87,0.5282097365987961,1.3599412340842312,wf1,0.70513918483638,0.6927454164818797,0.7186731379833364,711,1000,42
dialseg711,neural,87,0.5282097365987961,1.3599412340842312,wf1_1to1,0.6976534482863597,0.6858445693625018,0.7114134919620151,711,1000,42
dialseg711,neural,87,0.5282097365987961,1.3599412340842312,exact_f1,0.3905490508866037,0.3716582821382399,0.4084281533437652,711,1000,42
dialseg711,neural,87,0.5282097365987961,1.3599412340842312,coverage,0.7763018412280015,0.7677529023026122,0.7850442529760833,711,1000,42
dialseg711,neural,88,0.5421514559031732,1.3525954946131244,wf1,0.7035997266203272,0.6907758931303528,0.7168188168571573,711,1000,42
dialseg711,neural,88,0.5421514559031732,1.3525954946131244,wf1_1to1,0.6958094101554018,0.683570025653359,0.7095377651337567,711,1000,42
dialseg711,neural,88,0.5421514559031732,1.3525954946131244,exact_f1,0.38921625335127447,0.37008361188740935,0.406511708911498,711,1000,42
dialseg711,neural,88,0.5421514559031732,1.3525954946131244,coverage,0.7773198574358912,0.7688941171687743,0.78610466686482,711,1000,42
dialseg711,neural,89,0.5543294905418128,1.3452497551420177,wf1,0.7020104275404664,0.6894936277408747,0.715042296559357,711,1000,42
dialseg711,neural,89,0.5543294905418128,1.3452497551420177,wf1_1to1,0.6944821938492824,0.6823352573352574,0.7080410063057742,711,1000,42
dialseg711,neural,89,0.5543294905418128,1.3452497551420177,exact_f1,0.38919392843443473,0.37017481424654414,0.4069758693018186,711,1000,42
dialseg711,neural,89,0.5543294905418128,1.3452497551420177,coverage,0.7790545034743347,0.7702026655316476,0.7881672085337699,711,1000,42
dialseg711,neural,90,0.5668853075061023,1.3369245837414299,wf1,0.700951896603815,0.6880584421255183,0.7138402293270616,711,1000,42
dialseg711,neural,90,0.5668853075061023,1.3369245837414299,wf1_1to1,0.6935456635878576,0.6813704860540303,0.7068921254944461,711,1000,42
dialseg711,neural,90,0.5668853075061023,1.3369245837414299,exact_f1,0.3889215644489906,0.36974992034063764,0.4067001565788485,711,1000,42
dialseg711,neural,90,0.5668853075061023,1.3369245837414299,coverage,0.7801957253170334,0.7716047456362594,0.7892342339593131,711,1000,42
dialseg711,neural,91,0.5769370374967109,1.330558276199804,wf1,0.6993612462789873,0.6862558335312448,0.7124609994598466,711,1000,42
dialseg711,neural,91,0.5769370374967109,1.330558276199804,wf1_1to1,0.6913217974399409,0.6785311676134461,0.7053785392603958,711,1000,42
dialseg711,neural,91,0.5769370374967109,1.330558276199804,exact_f1,0.3881334948845498,0.369719215969216,0.40600991835169054,711,1000,42
dialseg711,neural,91,0.5769370374967109,1.330558276199804,coverage,0.7812963437172298,0.7730195718486857,0.7902694053241259,711,1000,42
dialseg711,neural,92,0.5877110350072084,1.3212536728697355,wf1,0.6973202892491993,0.6838409944885856,0.7112723536784946,711,1000,42
dialseg711,neural,92,0.5877110350072084,1.3212536728697355,wf1_1to1,0.6892824162866357,0.6756397991366345,0.7035694117181459,711,1000,42
dialseg711,neural,92,0.5877110350072084,1.3212536728697355,exact_f1,0.38652163588872446,0.3678939028622573,0.4041357847106792,711,1000,42
dialseg711,neural,92,0.5877110350072084,1.3212536728697355,coverage,0.7830148041909646,0.7746657807977692,0.7919053489095682,711,1000,42
dialseg711,neural,93,0.6033077497578146,1.3134182174338884,wf1,0.6966280355511064,0.683353755087142,0.7098310798874801,711,1000,42
dialseg711,neural,93,0.6033077497578146,1.3134182174338884,wf1_1to1,0.6886349936982847,0.6751525882696767,0.7027626374250846,711,1000,42
dialseg711,neural,93,0.6033077497578146,1.3134182174338884,exact_f1,0.38551254964757076,0.36719209880602277,0.40371596464950893,711,1000,42
dialseg711,neural,93,0.6033077497578146,1.3134182174338884,coverage,0.7840543081313124,0.7758285048138687,0.7927098336301922,711,1000,42
dialseg711,neural,94,0.6163245948714826,1.3046033300685602,wf1,0.6955441379997501,0.6822759325810835,0.7089401406182418,711,1000,42
dialseg711,neural,94,0.6163245948714826,1.3046033300685602,wf1_1to1,0.6882629794022198,0.6747951409818498,0.7027066323268853,711,1000,42
dialseg711,neural,94,0.6163245948714826,1.3046033300685602,exact_f1,0.3852009141038677,0.36653534541720195,0.4033788482575403,711,1000,42
dialseg711,neural,94,0.6163245948714826,1.3046033300685602,coverage,0.7857990003823336,0.7775816061575556,0.7943645432938681,711,1000,42
dialseg711,neural,95,0.6287946087032108,1.2948090107737513,wf1,0.6924550798474007,0.6786661910095336,0.7062192379162411,711,1000,42
dialseg711,neural,95,0.6287946087032108,1.2948090107737513,wf1_1to1,0.6860985787146124,0.6726516217022546,0.6995923343338954,711,1000,42
dialseg711,neural,95,0.6287946087032108,1.2948090107737513,exact_f1,0.3836437511542997,0.36511249474857066,0.4025396571704588,711,1000,42
dialseg711,neural,95,0.6287946087032108,1.2948090107737513,coverage,0.7873519774099943,0.7791618279995125,0.7958820219718162,711,1000,42
dialseg711,neural,96,0.6378262261649472,1.287952987267385,wf1,0.6910883353061713,0.6772817229023492,0.7044902557976421,711,1000,42
dialseg711,neural,96,0.6378262261649472,1.287952987267385,wf1_1to1,0.6845190908482047,0.6710838569541101,0.6985902626830897,711,1000,42
dialseg711,neural,96,0.6378262261649472,1.287952987267385,exact_f1,0.38307893075825566,0.36474306811332124,0.4018966488270285,711,1000,42
dialseg711,neural,96,0.6378262261649472,1.287952987267385,coverage,0.7885717550538226,0.7804061577828719,0.796852390947855,711,1000,42
dialseg711,neural,97,0.6470652258575862,1.2810969637610186,wf1,0.6901190757615828,0.6764033379103384,0.7037020284409223,711,1000,42
dialseg711,neural,97,0.6470652258575862,1.2810969637610186,wf1_1to1,0.6838828307182737,0.670246921191014,0.6974530923054129,711,1000,42
dialseg711,neural,97,0.6470652258575862,1.2810969637610186,exact_f1,0.38340040956074717,0.36535258147072497,0.40241922946564296,711,1000,42
dialseg711,neural,97,0.6470652258575862,1.2810969637610186,coverage,0.7896334443802798,0.7815988515606133,0.7981463604228637,711,1000,42
dialseg711,neural,98,0.6563419834453258,1.2713026444662097,wf1,0.6898431384070965,0.6768012886933813,0.7035112515964262,711,1000,42
dialseg711,neural,98,0.6563419834453258,1.2713026444662097,wf1_1to1,0.6840938011824088,0.6703347190003307,0.6984844704834157,711,1000,42
dialseg711,neural,98,0.6563419834453258,1.2713026444662097,exact_f1,0.383693982217189,0.36556747147991875,0.4023803536672735,711,1000,42
dialseg711,neural,98,0.6563419834453258,1.2713026444662097,coverage,0.7915765746989374,0.7834454031474074,0.8001411886090157,711,1000,42
dialseg711,neural,99,0.6662921620972792,1.2619980411361411,wf1,0.687275367062954,0.6742774720585187,0.7010201108951495,711,1000,42
dialseg711,neural,99,0.6662921620972792,1.2619980411361411,wf1_1to1,0.6823100403269179,0.669055516486951,0.6971138575832668,711,1000,42
dialseg711,neural,99,0.6662921620972792,1.2619980411361411,exact_f1,0.38194370873695765,0.36341815786963466,0.40068057762678017,711,1000,42
dialseg711,neural,99,0.6662921620972792,1.2619980411361411,coverage,0.792966300772208,0.7848076204444875,0.8014770028865493,711,1000,42
dialseg711,neural,100,0.6760952005434276,1.2536728697355535,wf1,0.6862941869678497,0.6732004626406894,0.6999401965931143,711,1000,42
dialseg711,neural,100,0.6760952005434276,1.2536728697355535,wf1_1to1,0.6812652342188207,0.6681594805803667,0.6957924761985943,711,1000,42
dialseg711,neural,100,0.6760952005434276,1.2536728697355535,exact_f1,0.3807604881444544,0.3623922416854906,0.39972701954242035,711,1000,42
dialseg711,neural,100,0.6760952005434276,1.2536728697355535,coverage,0.7943166791795483,0.7863953504301605,0.802972776437307,711,1000,42
dialseg711,neural,101,0.6842687711044778,1.244368266405485,wf1,0.6843148741669931,0.6713130205764188,0.6978351606840131,711,1000,42
dialseg711,neural,101,0.6842687711044778,1.244368266405485,wf1_1to1,0.6798018359199793,0.6667687980873633,0.694312869502743,711,1000,42
dialseg711,neural,101,0.6842687711044778,1.244368266405485,exact_f1,0.3783538621091364,0.35940295054219107,0.39753455541957655,711,1000,42
dialseg711,neural,101,0.6842687711044778,1.244368266405485,coverage,0.7958432848991922,0.7879422099866458,0.8045956174529486,711,1000,42
dialseg711,neural,102,0.6942635034795983,1.2340842311459355,wf1,0.6818736016878432,0.6677167119272709,0.6957528488579683,711,1000,42
dialseg711,neural,102,0.6942635034795983,1.2340842311459355,wf1_1to1,0.6777579897833061,0.6637321121603822,0.6920089431587322,711,1000,42
dialseg711,neural,102,0.6942635034795983,1.2340842311459355,exact_f1,0.37770755576662746,0.3586741663165714,0.39643509385598,711,1000,42
dialseg711,neural,102,0.6942635034795983,1.2340842311459355,coverage,0.7974388822226375,0.789486747966442,0.8061848150726053,711,1000,42
dialseg711,neural,103,0.7027789462151839,1.2257590597453476,wf1,0.6794891139524128,0.6654765111168359,0.6937406219719318,711,1000,42
dialseg711,neural,103,0.7027789462151839,1.2257590597453476,wf1_1to1,0.6757922808555719,0.661969435666693,0.6908003355840908,711,1000,42
dialseg711,neural,103,0.7027789462151839,1.2257590597453476,exact_f1,0.3765087077323364,0.3574999746307764,0.39454998802572644,711,1000,42
dialseg711,neural,103,0.7027789462151839,1.2257590597453476,coverage,0.7988771649900342,0.7908743109718848,0.807896666375701,711,1000,42
dialseg711,neural,104,0.7117623390264847,1.2189030362389814,wf1,0.6793570865431455,0.6648081213055543,0.6935362821903167,711,1000,42
dialseg711,neural,104,0.7117623390264847,1.2189030362389814,wf1_1to1,0.6758759992937207,0.6617205889516016,0.6908077129543374,711,1000,42
dialseg711,neural,104,0.7117623390264847,1.2189030362389814,exact_f1,0.37668172583784393,0.35786495657803674,0.3949413996302182,711,1000,42
dialseg711,neural,104,0.7117623390264847,1.2189030362389814,coverage,0.8004909774160828,0.7924369430626024,0.8092075715638479,711,1000,42
dialseg711,neural,105,0.7190902922021684,1.2091087169441723,wf1,0.6774690551937093,0.6626275936459344,0.6916220854549551,711,1000,42
dialseg711,neural,105,0.7190902922021684,1.2091087169441723,wf1_1to1,0.6744728782703466,0.660298128969015,0.6893459991719486,711,1000,42
dialseg711,neural,105,0.7190902922021684,1.2091087169441723,exact_f1,0.37651875394491424,0.357635182445309,0.39495902362990964,711,1000,42
dialseg711,neural,105,0.7190902922021684,1.2091087169441723,coverage,0.8022783660705602,0.7942747519270464,0.8109276477400159,711,1000,42
dialseg711,neural,106,0.7276855548422545,1.1993143976493634,wf1,0.6763298762018569,0.6621071795154596,0.6905192389221826,711,1000,42
dialseg711,neural,106,0.7276855548422545,1.1993143976493634,wf1_1to1,0.6733990497703577,0.6590768063394646,0.6876566448085435,711,1000,42
dialseg711,neural,106,0.7276855548422545,1.1993143976493634,exact_f1,0.3757418468388933,0.35721722955900165,0.3941293637601654,711,1000,42
dialseg711,neural,106,0.7276855548422545,1.1993143976493634,coverage,0.803900854771108,0.7959604505853186,0.8124790959304409,711,1000,42
dialseg711,neural,107,0.7377286463526626,1.1900097943192949,wf1,0.6747555479485826,0.6599029790405474,0.6891691591412366,711,1000,42
dialseg711,neural,107,0.7377286463526626,1.1900097943192949,wf1_1to1,0.67210643708534,0.6571120005560934,0.6863386552890773,711,1000,42
dialseg711,neural,107,0.7377286463526626,1.1900097943192949,exact_f1,0.3740183632588696,0.35487674108982126,0.3927481744306639,711,1000,42
dialseg711,neural,107,0.7377286463526626,1.1900097943192949,coverage,0.805078912726592,0.7971961861050733,0.813625467579186,711,1000,42
dialseg711,neural,108,0.7455699572611095,1.1831537708129285,wf1,0.6725300320942442,0.6573814945821027,0.6864241586131242,711,1000,42
dialseg711,neural,108,0.7455699572611095,1.1831537708129285,wf1_1to1,0.6702266790874385,0.6551171449272715,0.684406154675142,711,1000,42
dialseg711,neural,108,0.7455699572611095,1.1831537708129285,exact_f1,0.37301597449276774,0.35394965579037313,0.3919573446946864,711,1000,42
dialseg711,neural,108,0.7455699572611095,1.1831537708129285,coverage,0.805834890223076,0.7978259512502656,0.8144354307592705,711,1000,42
dialseg711,neural,109,0.7515336305052793,1.172869735553379,wf1,0.6706080970943611,0.6554115792105172,0.6848210922053687,711,1000,42
dialseg711,neural,109,0.7515336305052793,1.172869735553379,wf1_1to1,0.6681716704923456,0.6536638055256199,0.6827783714176119,711,1000,42
dialseg711,neural,109,0.7515336305052793,1.172869735553379,exact_f1,0.3721095828690765,0.3526116829334129,0.3908581647294727,711,1000,42
dialseg711,neural,109,0.7515336305052793,1.172869735553379,coverage,0.8074291683468899,0.7995742609818295,0.8157608176516404,711,1000,42
dialseg711,neural,110,0.7586088881420731,1.1616062683643487,wf1,0.6681117877901721,0.6534380938931336,0.6824425183966699,711,1000,42
dialseg711,neural,110,0.7586088881420731,1.1616062683643487,wf1_1to1,0.666299726215338,0.6515586140691626,0.6809608339777116,711,1000,42
dialseg711,neural,110,0.7586088881420731,1.1616062683643487,exact_f1,0.37149341516430123,0.35163640371973703,0.39012881477016503,711,1000,42
dialseg711,neural,110,0.7586088881420731,1.1616062683643487,coverage,0.8097726620933372,0.8017908068402531,0.8183036460970269,711,1000,42
dialseg711,neural,111,0.7665811468608416,1.15230166503428,wf1,0.6664092778820215,0.6514837944387363,0.6807332251508192,711,1000,42
dialseg711,neural,111,0.7665811468608416,1.15230166503428,wf1_1to1,0.6649680449258508,0.6497991594668809,0.6800404537640824,711,1000,42
dialseg711,neural,111,0.7665811468608416,1.15230166503428,exact_f1,0.3694651964694159,0.35002982405935995,0.38854226918572904,711,1000,42
dialseg711,neural,111,0.7665811468608416,1.15230166503428,coverage,0.8114147992576264,0.8036979213990026,0.8199175251172877,711,1000,42
dialseg711,neural,112,0.7740191167323434,1.1464250734573946,wf1,0.6649566361340211,0.6499229179773687,0.6791028362704108,711,1000,42
dialseg711,neural,112,0.7740191167323434,1.1464250734573946,wf1_1to1,0.6637959867917673,0.6488893429979927,0.6789556657594632,711,1000,42
dialseg711,neural,112,0.7740191167323434,1.1464250734573946,exact_f1,0.3681658863093462,0.34886285752846935,0.3865671330544748,711,1000,42
dialseg711,neural,112,0.7740191167323434,1.1464250734573946,coverage,0.8122000782074622,0.8042895282313794,0.8204884772546954,711,1000,42
dialseg711,neural,113,0.7811954099329274,1.138099902056807,wf1,0.6607122478267204,0.64527574378592,0.6749984929889666,711,1000,42
dialseg711,neural,113,0.7811954099329274,1.138099902056807,wf1_1to1,0.6595397413962815,0.6442463640828621,0.6745019590114527,711,1000,42
dialseg711,neural,113,0.7811954099329274,1.138099902056807,exact_f1,0.3667449053525003,0.34759998772129574,0.3853223971683888,711,1000,42
dialseg711,neural,113,0.7811954099329274,1.138099902056807,coverage,0.8133965542193391,0.8054502577386279,0.8216862059695657,711,1000,42
dialseg711,neural,114,0.7873982981820802,1.1273261508325172,wf1,0.6590186939614119,0.6439361742616763,0.6741385859025407,711,1000,42
dialseg711,neural,114,0.7873982981820802,1.1273261508325172,wf1_1to1,0.657302784728945,0.641787525648285,0.671970173911102,711,1000,42
dialseg711,neural,114,0.7873982981820802,1.1273261508325172,exact_f1,0.36470775669087896,0.3458260523661368,0.38386739354566357,711,1000,42
dialseg711,neural,114,0.7873982981820802,1.1273261508325172,coverage,0.8147854431082279,0.8069023083837166,0.8234107598625003,711,1000,42
dialseg711,neural,115,0.7922778533930754,1.117531831537708,wf1,0.6592323185333074,0.6440617167638859,0.6743098437699913,711,1000,42
dialseg711,neural,115,0.7922778533930754,1.117531831537708,wf1_1to1,0.6580272282803928,0.6424076940796349,0.6731704248634628,711,1000,42
dialseg711,neural,115,0.7922778533930754,1.117531831537708,exact_f1,0.3646597581196737,0.3454102000515503,0.38351779042179884,711,1000,42
dialseg711,neural,115,0.7922778533930754,1.117531831537708,coverage,0.8167052717949344,0.80884518593709,0.8250871805078028,711,1000,42
dialseg711,neural,116,0.7982789796201428,1.1072477962781586,wf1,0.6576422868091167,0.6424503275548494,0.6726412607288429,711,1000,42
dialseg711,neural,116,0.7982789796201428,1.1072477962781586,wf1_1to1,0.6565593649981836,0.6405435356173753,0.6714212600183064,711,1000,42
dialseg711,neural,116,0.7982789796201428,1.1072477962781586,exact_f1,0.3645994808442066,0.34496115971854374,0.3834940321438212,711,1000,42
dialseg711,neural,116,0.7982789796201428,1.1072477962781586,coverage,0.8188054883466277,0.8108307521611847,0.8270764477845173,711,1000,42
dialseg711,neural,117,0.8035465368074388,1.0984329089128306,wf1,0.6550054514842695,0.6392536595175848,0.6702521098407012,711,1000,42
dialseg711,neural,117,0.8035465368074388,1.0984329089128306,wf1_1to1,0.6542699447762739,0.6376495541105246,0.6695553789857588,711,1000,42
dialseg711,neural,117,0.8035465368074388,1.0984329089128306,exact_f1,0.36299543556927527,0.34306905451947645,0.3819937444568246,711,1000,42
dialseg711,neural,117,0.8035465368074388,1.0984329089128306,coverage,0.8199984760902483,0.8120667855985632,0.8284767996107659,711,1000,42
dialseg711,neural,118,0.808949231202878,1.0896180215475024,wf1,0.6533109902961374,0.6372569646115877,0.6685546265424386,711,1000,42
dialseg711,neural,118,0.808949231202878,1.0896180215475024,wf1_1to1,0.6524817189374151,0.6361422442224131,0.6675159978324535,711,1000,42
dialseg711,neural,118,0.808949231202878,1.0896180215475024,exact_f1,0.3616871954424697,0.3416906278984338,0.3808481438861185,711,1000,42
dialseg711,neural,118,0.808949231202878,1.0896180215475024,coverage,0.8215744756883997,0.8134908695285805,0.829725039620873,711,1000,42
dialseg711,neural,119,0.8143671861845045,1.0808031341821744,wf1,0.6529327164779347,0.6371178265128215,0.6683231420993012,711,1000,42
dialseg711,neural,119,0.8143671861845045,1.0808031341821744,wf1_1to1,0.6518019252196467,0.6349684077057495,0.666874062607185,711,1000,42
dialseg711,neural,119,0.8143671861845045,1.0808031341821744,exact_f1,0.3607249915266793,0.34056270206586664,0.3796258775214471,711,1000,42
dialseg711,neural,119,0.8143671861845045,1.0808031341821744,coverage,0.8232044736791573,0.8153488569515732,0.8314670712745605,711,1000,42
dialseg711,neural,120,0.8200071145541704,1.070519098922625,wf1,0.6530794624353167,0.6372872334407454,0.6681004909528051,711,1000,42
dialseg711,neural,120,0.8200071145541704,1.070519098922625,wf1_1to1,0.6516746731936605,0.6349842939136189,0.6666062118066337,711,1000,42
dialseg711,neural,120,0.8200071145541704,1.070519098922625,exact_f1,0.36052853225849,0.34057765722322686,0.37936626918167,711,1000,42
dialseg711,neural,120,0.8200071145541704,1.070519098922625,coverage,0.825330782477407,0.8175918927191343,0.8334971804644802,711,1000,42
dialseg711,neural,121,0.8245079634177624,1.0612144955925564,wf1,0.651057223989648,0.6350365716759363,0.6663062908986052,711,1000,42
dialseg711,neural,121,0.8245079634177624,1.0612144955925564,wf1_1to1,0.6505235192998906,0.6347369287611904,0.6658080503650124,711,1000,42
dialseg711,neural,121,0.8245079634177624,1.0612144955925564,exact_f1,0.3597347799879445,0.3401662927243096,0.37859467439108785,711,1000,42
dialseg711,neural,121,0.8245079634177624,1.0612144955925564,coverage,0.8271982617710465,0.8197747171712098,0.8353103941836801,711,1000,42
dialseg711,neural,122,0.8300225219534869,1.0489715964740451,wf1,0.6473317027535783,0.6314020734393754,0.6627619463925651,711,1000,42
dialseg711,neural,122,0.8300225219534869,1.0489715964740451,wf1_1to1,0.6468432567588686,0.6301568604469447,0.6628154510749448,711,1000,42
dialseg711,neural,122,0.8300225219534869,1.0489715964740451,exact_f1,0.35783158082736144,0.33815325497287524,0.3766306398321167,711,1000,42
dialseg711,neural,122,0.8300225219534869,1.0489715964740451,coverage,0.8289079444933877,0.8213745249808013,0.8368570533232981,711,1000,42
dialseg711,neural,123,0.8352407795100955,1.0386875612144957,wf1,0.6449920514687794,0.6287310183541291,0.6605880239048649,711,1000,42
dialseg711,neural,123,0.8352407795100955,1.0386875612144957,wf1_1to1,0.6441910566383139,0.6271368015091644,0.6602984562320005,711,1000,42
dialseg711,neural,123,0.8352407795100955,1.0386875612144957,exact_f1,0.35563257651865243,0.3361725325385663,0.37375572075994007,711,1000,42
dialseg711,neural,123,0.8352407795100955,1.0386875612144957,coverage,0.8307187743105464,0.8230281398161144,0.8388326153403949,711,1000,42
dialseg711,neural,124,0.8406560328138535,1.0298726738491675,wf1,0.6438977089275583,0.6270998498839415,0.6595202236822202,711,1000,42
dialseg711,neural,124,0.8406560328138535,1.0298726738491675,wf1_1to1,0.6431060656799052,0.6258885595963656,0.65895924028308,711,1000,42
dialseg711,neural,124,0.8406560328138535,1.0298726738491675,exact_f1,0.35524077422811606,0.3362596834326792,0.3733518630143103,711,1000,42
dialseg711,neural,124,0.8406560328138535,1.0298726738491675,coverage,0.8326036949454672,0.8247922347665227,0.8406248287577403,711,1000,42
dialseg711,neural,125,0.846022583431934,1.0200783545543586,wf1,0.643058565068075,0.6262541411841062,0.6589897039924636,711,1000,42
dialseg711,neural,125,0.846022583431934,1.0200783545543586,wf1_1to1,0.6425501752505972,0.6250984249771169,0.6586380963543411,711,1000,42
dialseg711,neural,125,0.846022583431934,1.0200783545543586,exact_f1,0.35548411582166856,0.3363145190096667,0.37416295514924214,711,1000,42
dialseg711,neural,125,0.846022583431934,1.0200783545543586,coverage,0.8346257742882216,0.8269203626844712,0.8425834206424924,711,1000,42
dialseg711,neural,126,0.8508240796213773,1.0107737512242898,wf1,0.6397337283354448,0.6232242927027449,0.6555309578625896,711,1000,42
dialseg711,neural,126,0.8508240796213773,1.0107737512242898,wf1_1to1,0.639733886991271,0.6226503025026231,0.6560167883374635,711,1000,42
dialseg711,neural,126,0.8508240796213773,1.0107737512242898,exact_f1,0.35388341928426315,0.33503382224901207,0.37251601812783247,711,1000,42
dialseg711,neural,126,0.8508240796213773,1.0107737512242898,coverage,0.8362097271379972,0.8285170689845005,0.8442118929915606,711,1000,42
dialseg711,neural,127,0.8559529155343022,1.0014691478942213,wf1,0.6373523065845831,0.6199108791581783,0.6533835523399507,711,1000,42
dialseg711,neural,127,0.8559529155343022,1.0014691478942213,wf1_1to1,0.6375002790614605,0.6199536757975577,0.6541879311499564,711,1000,42
dialseg711,neural,127,0.8559529155343022,1.0014691478942213,exact_f1,0.3517458084968633,0.3322920992119304,0.37033121804746283,711,1000,42
dialseg711,neural,127,0.8559529155343022,1.0014691478942213,coverage,0.8375933138591367,0.8298771311172418,0.845708414934417,711,1000,42
dialseg711,neural,128,0.8598857722689757,0.9897159647404505,wf1,0.6346634673358034,0.6175755350020546,0.6512848938905751,711,1000,42
dialseg711,neural,128,0.8598857722689757,0.9897159647404505,wf1_1to1,0.6342520036612863,0.616993670886076,0.6515525026231777,711,1000,42
dialseg711,neural,128,0.8598857722689757,0.9897159647404505,exact_f1,0.350639608867457,0.33086989038465836,0.3695296419083339,711,1000,42
dialseg711,neural,128,0.8598857722689757,0.9897159647404505,coverage,0.8395242796350392,0.8318343423063885,0.8474649148271246,711,1000,42
dialseg711,neural,129,0.863156248576677,0.9789422135161606,wf1,0.6334842901105915,0.6155751472644949,0.6497836469563162,711,1000,42
dialseg711,neural,129,0.863156248576677,0.9789422135161606,wf1_1to1,0.6333679369544347,0.6147961735092538,0.6505018920367022,711,1000,42
dialseg711,neural,129,0.863156248576677,0.9789422135161606,exact_f1,0.3493514611658072,0.3297723416605273,0.36825410778469847,711,1000,42
dialseg711,neural,129,0.863156248576677,0.9789422135161606,coverage,0.8416803084788318,0.8339331791138226,0.8494747955494265,711,1000,42
dialseg711,neural,130,0.866672071380232,0.9642507345739472,wf1,0.6280461753675689,0.60978889831493,0.6453477308673028,711,1000,42
dialseg711,neural,130,0.866672071380232,0.9642507345739472,wf1_1to1,0.6276951755854709,0.6087018339919184,0.6453574498247493,711,1000,42
dialseg711,neural,130,0.866672071380232,0.9642507345739472,exact_f1,0.3456979885249927,0.32618514611658067,0.36456675708257985,711,1000,42
dialseg711,neural,130,0.866672071380232,0.9642507345739472,coverage,0.8442303721048448,0.8366991211974071,0.8518505244072228,711,1000,42
dialseg711,neural,131,0.8695324518572746,0.9549461312438785,wf1,0.6262987909942228,0.6076509812275348,0.6435787898483194,711,1000,42
dialseg711,neural,131,0.8695324518572746,0.9549461312438785,wf1_1to1,0.6266604156899516,0.6082191971959905,0.6448028709843056,711,1000,42
dialseg711,neural,131,0.8695324518572746,0.9549461312438785,exact_f1,0.34417431295068424,0.32474647266313933,0.36347158038086314,711,1000,42
dialseg711,neural,131,0.8695324518572746,0.9549461312438785,coverage,0.845805115926424,0.8382869138255479,0.8537127183402237,711,1000,42
dialseg711,neural,132,0.8725269412874577,0.944662095984329,wf1,0.6233724263802252,0.6048119766191705,0.6400261890109018,711,1000,42
dialseg711,neural,132,0.8725269412874577,0.944662095984329,wf1_1to1,0.6242459759337396,0.6052628758957873,0.6421638704708325,711,1000,42
dialseg711,neural,132,0.8725269412874577,0.944662095984329,exact_f1,0.34341080079476705,0.32378223159868724,0.3623681713660616,711,1000,42
dialseg711,neural,132,0.8725269412874577,0.944662095984329,coverage,0.8474761359518743,0.8396982754070044,0.8551383253506143,711,1000,42
dialseg711,neural,133,0.8764773259809869,0.9333986287952988,wf1,0.6193396651522607,0.6009990945370627,0.6367429061477147,711,1000,42
dialseg711,neural,133,0.8764773259809869,0.9333986287952988,wf1_1to1,0.620753242694171,0.6014696213694104,0.6390254057553635,711,1000,42
dialseg711,neural,133,0.8764773259809869,0.9333986287952988,exact_f1,0.3412609113031054,0.3212506976536513,0.36021733306543446,711,1000,42
dialseg711,neural,133,0.8764773259809869,0.9333986287952988,coverage,0.8493440465223165,0.8418306225683598,0.8571915926168299,711,1000,42
dialseg711,neural,134,0.8797937796343511,0.9221351616062684,wf1,0.6177512196721613,0.599116441871468,0.6348451638521657,711,1000,42
dialseg711,neural,134,0.8797937796343511,0.9221351616062684,wf1_1to1,0.6199194070502088,0.60113979862925,0.6383308496863349,711,1000,42
dialseg711,neural,134,0.8797937796343511,0.9221351616062684,exact_f1,0.3413256535619405,0.3211795648873708,0.3604666465742415,711,1000,42
dialseg711,neural,134,0.8797937796343511,0.9221351616062684,coverage,0.851647419817251,0.8437429898492663,0.8589241527196431,711,1000,42
dialseg711,neural,135,0.8821163120581277,0.9094025465230167,wf1,0.6120259947486241,0.592914958815241,0.6284726953228998,711,1000,42
dialseg711,neural,135,0.8821163120581277,0.9094025465230167,wf1_1to1,0.613459692362646,0.5946091186122832,0.6308329705534348,711,1000,42
dialseg711,neural,135,0.8821163120581277,0.9094025465230167,exact_f1,0.3363449646150068,0.31731316835219786,0.3554261268501775,711,1000,42
dialseg711,neural,135,0.8821163120581277,0.9094025465230167,coverage,0.8531348174016952,0.845087964441208,0.8605374978885001,711,1000,42
dialseg711,neural,136,0.885289660650282,0.8981390793339863,wf1,0.6073600871291299,0.5884558030957164,0.624075530251805,711,1000,42
dialseg711,neural,136,0.885289660650282,0.8981390793339863,wf1_1to1,0.6085069095617619,0.5887779340521956,0.6263950003348737,711,1000,42
dialseg711,neural,136,0.885289660650282,0.8981390793339863,exact_f1,0.3341437278146139,0.3152963353649008,0.35356160560801914,711,1000,42
dialseg711,neural,136,0.885289660650282,0.8981390793339863,coverage,0.8552414523669798,0.8475534621506405,0.8626455690689605,711,1000,42
dialseg711,neural,137,0.8886706868008752,0.8854064642507345,wf1,0.6033516483105646,0.5841773907244802,0.6200864222004704,711,1000,42
dialseg711,neural,137,0.8886706868008752,0.8854064642507345,wf1_1to1,0.6037416560623311,0.5842659567343111,0.6220146004956131,711,1000,42
dialseg711,neural,137,0.8886706868008752,0.8854064642507345,exact_f1,0.33058736856205206,0.3109386790346706,0.34960510012725204,711,1000,42
dialseg711,neural,137,0.8886706868008752,0.8854064642507345,coverage,0.8574276198485059,0.8499178999475677,0.8647011216631469,711,1000,42
dialseg711,neural,138,0.8911828722187023,0.8741429970617042,wf1,0.5982499451820559,0.5789105618559514,0.6159127693915449,711,1000,42
dialseg711,neural,138,0.8911828722187023,0.8741429970617042,wf1_1to1,0.5985678565847342,0.5789261156877191,0.6168964458732392,711,1000,42
dialseg711,neural,138,0.8911828722187023,0.8741429970617042,exact_f1,0.32613354765253494,0.30554785345924584,0.3451343680932288,711,1000,42
dialseg711,neural,138,0.8911828722187023,0.8741429970617042,coverage,0.8587620917525982,0.8512947741428752,0.8661812934584561,711,1000,42
dialseg711,neural,139,0.8942618097492198,0.8633692458374143,wf1,0.5936636372326304,0.5747742002192793,0.6106750493194988,711,1000,42
dialseg711,neural,139,0.8942618097492198,0.8633692458374143,wf1_1to1,0.5943819346772933,0.5753658774808563,0.6118250619516442,711,1000,42
dialseg711,neural,139,0.8942618097492198,0.8633692458374143,exact_f1,0.3238954747393566,0.3036940202710245,0.34293840555443933,711,1000,42
dialseg711,neural,139,0.8942618097492198,0.8633692458374143,coverage,0.8607817990729383,0.8534745254306172,0.8680184746053682,711,1000,42
dialseg711,neural,140,0.8969306182022669,0.8516160626836435,wf1,0.5875814486387829,0.5688468311929469,0.6055768764480604,711,1000,42
dialseg711,neural,140,0.8969306182022669,0.8516160626836435,wf1_1to1,0.588602013707499,0.5687068570982072,0.607118550889648,711,1000,42
dialseg711,neural,140,0.8969306182022669,0.8516160626836435,exact_f1,0.3189237157591588,0.29874913490947247,0.3382367780680017,711,1000,42
dialseg711,neural,140,0.8969306182022669,0.8516160626836435,coverage,0.8621941291245089,0.8547650072472066,0.8693141902879508,711,1000,42
dialseg711,neural,141,0.8993138407342998,0.8418217433888345,wf1,0.582474623911705,0.5633390085779016,0.6002820168258242,711,1000,42
dialseg711,neural,141,0.8993138407342998,0.8418217433888345,wf1_1to1,0.5838334114705422,0.5636165528095908,0.6024832842185162,711,1000,42
dialseg711,neural,141,0.8993138407342998,0.8418217433888345,exact_f1,0.3138883307659679,0.2940076853526221,0.33385660147790946,711,1000,42
dialseg711,neural,141,0.8993138407342998,0.8418217433888345,coverage,0.8634525567806158,0.856143484118827,0.8705427648564517,711,1000,42
dialseg711,neural,142,0.9021115222168927,0.8310479921645446,wf1,0.5795917825179363,0.55985730576683,0.5978518853486522,711,1000,42
dialseg711,neural,142,0.9021115222168927,0.8310479921645446,wf1_1to1,0.5807670841426115,0.560699802424486,0.5991611412497488,711,1000,42
dialseg711,neural,142,0.9021115222168927,0.8310479921645446,exact_f1,0.3127843636282455,0.2927478344830665,0.3328393945482553,711,1000,42
dialseg711,neural,142,0.9021115222168927,0.8310479921645446,coverage,0.8653278497951492,0.8581402311940286,0.8726529017259502,711,1000,42
dialseg711,neural,143,0.9051902189326646,0.8197845249755142,wf1,0.5775885808622154,0.5577786870091838,0.596364923816394,711,1000,42
dialseg711,neural,143,0.9051902189326646,0.8197845249755142,wf1_1to1,0.5788248163775589,0.5588828890674883,0.5968483914897418,711,1000,42
dialseg711,neural,143,0.9051902189326646,0.8197845249755142,exact_f1,0.3117864398455116,0.29182670841426117,0.33141517647846763,711,1000,42
dialseg711,neural,143,0.9051902189326646,0.8197845249755142,coverage,0.8676189443858221,0.8608334901346505,0.874749709117457,711,1000,42
dialseg711,neural,144,0.9074495213115634,0.806562193927522,wf1,0.5747350505825247,0.554846035658076,0.5933070234533965,711,1000,42
dialseg711,neural,144,0.9074495213115634,0.806562193927522,wf1_1to1,0.5773614180787177,0.5572374310718192,0.5954921527917308,711,1000,42
dialseg711,neural,144,0.9074495213115634,0.806562193927522,exact_f1,0.31149621592659565,0.2909775802022637,0.3318645212421584,711,1000,42
dialseg711,neural,144,0.9074495213115634,0.806562193927522,coverage,0.8702881672554668,0.8633876979941063,0.8773262953154832,711,1000,42
dialseg711,neural,145,0.9099150632494059,0.7923604309500489,wf1,0.5709422441960227,0.5509763441241475,0.5894758280591581,711,1000,42
dialseg711,neural,145,0.9099150632494059,0.7923604309500489,wf1_1to1,0.5739736119482954,0.5544849641685085,0.5929350010046213,711,1000,42
dialseg711,neural,145,0.9099150632494059,0.7923604309500489,exact_f1,0.3105261982899114,0.2901616603040653,0.33050395709150987,711,1000,42
dialseg711,neural,145,0.9099150632494059,0.7923604309500489,coverage,0.8725867965055729,0.8659916642439058,0.879629218648206,711,1000,42
dialseg711,neural,146,0.9125756321839951,0.7801175318315378,wf1,0.5670554761742336,0.5469856458387633,0.5855095314953775,711,1000,42
dialseg711,neural,146,0.9125756321839951,0.7801175318315378,wf1_1to1,0.5687261402451276,0.549261352220213,0.5880161241711875,711,1000,42
dialseg711,neural,146,0.9125756321839951,0.7801175318315378,exact_f1,0.3078092559105217,0.28749620476413723,0.3279018764092604,711,1000,42
dialseg711,neural,146,0.9125756321839951,0.7801175318315378,coverage,0.8746789202749118,0.8680135945424711,0.8816176312748043,711,1000,42
dialseg711,neural,147,0.9146071989931653,0.7688540646425074,wf1,0.5621964580240763,0.5418041878952089,0.5802849165673624,711,1000,42
dialseg711,neural,147,0.9146071989931653,0.7688540646425074,wf1_1to1,0.5641283236219945,0.543542461991829,0.5831727613689639,711,1000,42
dialseg711,neural,147,0.9146071989931653,0.7688540646425074,exact_f1,0.30608800482218207,0.28594523697899227,0.32686547005112404,711,1000,42
dialseg711,neural,147,0.9146071989931653,0.7688540646425074,coverage,0.8768249536445738,0.8701731365358739,0.8833939611675634,711,1000,42
dialseg711,neural,148,0.9172144750853879,0.757590597453477,wf1,0.5569536482888365,0.5356578753839731,0.5756435476082998,711,1000,42
dialseg711,neural,148,0.9172144750853879,0.757590597453477,wf1_1to1,0.5594802759359722,0.5384356372647511,0.5787418793114996,711,1000,42
dialseg711,neural,148,0.9172144750853879,0.757590597453477,exact_f1,0.30366351885339227,0.2832235226486281,0.3242824492666265,711,1000,42
dialseg711,neural,148,0.9172144750853879,0.757590597453477,coverage,0.8789804243654455,0.8724457701132279,0.8857290978526473,711,1000,42
dialseg711,neural,149,0.9193227623575296,0.7463271302644466,wf1,0.5532361280189526,0.5316625168585954,0.5717999316463576,711,1000,42
dialseg711,neural,149,0.9193227623575296,0.7463271302644466,wf1_1to1,0.5559462416002501,0.5343130344026967,0.574220888308441,711,1000,42
dialseg711,neural,149,0.9193227623575296,0.7463271302644466,exact_f1,0.30188087424374344,0.2813584990958408,0.3220005916102962,711,1000,42
dialseg711,neural,149,0.9193227623575296,0.7463271302644466,coverage,0.8807094891746791,0.874191814860987,0.8874463807065335,711,1000,42
dialseg711,neural,150,0.921526873531054,0.7350636630754163,wf1,0.5483967426633101,0.5273305079181227,0.5675632205531065,711,1000,42
dialseg711,neural,150,0.921526873531054,0.7350636630754163,wf1_1to1,0.5516397651418748,0.5302630433326636,0.5705469604625723,711,1000,42
dialseg711,neural,150,0.921526873531054,0.7350636630754163,exact_f1,0.29958364030093987,0.27933329426472886,0.31977806242046747,711,1000,42
dialseg711,neural,150,0.921526873531054,0.7350636630754163,coverage,0.8827283593106379,0.8760855645955857,0.8897814412839468,711,1000,42
dialseg711,neural,151,0.9239441938136691,0.7247796278158668,wf1,0.5439400326469078,0.5223594531577281,0.5626458736330914,711,1000,42
dialseg711,neural,151,0.9239441938136691,0.7247796278158668,wf1_1to1,0.547658116223517,0.5259510414573706,0.566095818543076,711,1000,42
dialseg711,neural,151,0.9239441938136691,0.7247796278158668,exact_f1,0.2961210456991048,0.27583274730426627,0.3162534324559641,711,1000,42
dialseg711,neural,151,0.9239441938136691,0.7247796278158668,coverage,0.8840481804880539,0.8773467565457279,0.891063688250529,711,1000,42
dialseg711,neural,152,0.9258938668361262,0.7120470127326151,wf1,0.5396795192526143,0.5184800343015782,0.5581735772133513,711,1000,42
dialseg711,neural,152,0.9258938668361262,0.7120470127326151,wf1_1to1,0.5430770432880137,0.520587898778827,0.5614484685107046,711,1000,42
dialseg711,neural,152,0.9258938668361262,0.7120470127326151,exact_f1,0.2940571071372759,0.27378251066014775,0.3138652244770388,711,1000,42
dialseg711,neural,152,0.9258938668361262,0.7120470127326151,coverage,0.8863918781640302,0.8799765754736746,0.8935009277915397,711,1000,42
dialseg711,neural,153,0.9276199020333027,0.6963761018609207,wf1,0.5303957025848313,0.5094006498520647,0.5491078930400102,711,1000,42
dialseg711,neural,153,0.9276199020333027,0.6963761018609207,wf1_1to1,0.5334929564887371,0.5122269383609046,0.5525159902216864,711,1000,42
dialseg711,neural,153,0.9276199020333027,0.6963761018609207,exact_f1,0.29127095751568327,0.2709690130154265,0.3107803953742772,711,1000,42
dialseg711,neural,153,0.9276199020333027,0.6963761018609207,coverage,0.8892441653517603,0.8830213454745364,0.895899504196577,711,1000,42
dialseg711,neural,154,0.9295210760442456,0.683643486777669,wf1,0.5269759469410682,0.5056748911349276,0.5459166966808932,711,1000,42
dialseg711,neural,154,0.9295210760442456,0.683643486777669,wf1_1to1,0.5300504543120577,0.5087800828254414,0.5494153941464068,711,1000,42
dialseg711,neural,154,0.9295210760442456,0.683643486777669,exact_f1,0.28940905945125356,0.26845807380617503,0.3092936117250463,711,1000,42
dialseg711,neural,154,0.9295210760442456,0.683643486777669,coverage,0.8914343792244636,0.885158956896167,0.8983708066771093,711,1000,42
dialseg711,neural,155,0.9316656820139094,0.6718903036238981,wf1,0.5243270955580396,0.5033777439344479,0.5432984468493149,711,1000,42
dialseg711,neural,155,0.9316656820139094,0.6718903036238981,wf1_1to1,0.5275422499051191,0.5060681077400486,0.5465654231687987,711,1000,42
dialseg711,neural,155,0.9316656820139094,0.6718903036238981,exact_f1,0.287396468198156,0.2673108242359297,0.30740793762418234,711,1000,42
dialseg711,neural,155,0.9316656820139094,0.6718903036238981,coverage,0.8937120788650326,0.8874131535365711,0.9005387045122014,711,1000,42
dialseg711,neural,156,0.9339153745665622,0.6601371204701273,wf1,0.5194513337202524,0.4981512665519734,0.5385217563226341,711,1000,42
dialseg711,neural,156,0.9339153745665622,0.6601371204701273,wf1_1to1,0.52265979059228,0.5017996952648851,0.5421255832384524,711,1000,42
dialseg711,neural,156,0.9339153745665622,0.6601371204701273,exact_f1,0.2825341013104726,0.2618355267564128,0.30216437278146135,711,1000,42
dialseg711,neural,156,0.9339153745665622,0.6601371204701273,coverage,0.8951680820351706,0.8889414724594048,0.9020077515858107,711,1000,42
dialseg711,neural,157,0.9352981511072898,0.6478942213516161,wf1,0.5143625659112067,0.49310686294899436,0.5334779624214282,711,1000,42
dialseg711,neural,157,0.9352981511072898,0.6478942213516161,wf1_1to1,0.5181456924072957,0.4974084678409572,0.5373647110039514,711,1000,42
dialseg711,neural,157,0.9352981511072898,0.6478942213516161,exact_f1,0.27998906079074853,0.25950438684615906,0.29986568771906325,711,1000,42
dialseg711,neural,157,0.9352981511072898,0.6478942213516161,coverage,0.8974463397986604,0.8914189501504903,0.9040878901288976,711,1000,42
dialseg711,neural,158,0.9367613525845897,0.6371204701273262,wf1,0.5090871880619892,0.487563566917625,0.5287911830782108,711,1000,42
dialseg711,neural,158,0.9367613525845897,0.6371204701273262,wf1_1to1,0.5126202754894738,0.4914111300872903,0.5323215401960127,711,1000,42
dialseg711,neural,158,0.9367613525845897,0.6371204701273262,exact_f1,0.2773033732949345,0.2561760487129685,0.2972049762239636,711,1000,42
dialseg711,neural,158,0.9367613525845897,0.6371204701273262,coverage,0.8992705645659234,0.893097911206429,0.9057597473387294,711,1000,42
dialseg711,neural,159,0.9384483557250631,0.6224289911851126,wf1,0.4998073767469334,0.47809680809674276,0.5196363747092836,711,1000,42
dialseg711,neural,159,0.9384483557250631,0.6224289911851126,wf1_1to1,0.5035295693523542,0.4815313776706181,0.5238741544437746,711,1000,42
dialseg711,neural,159,0.9384483557250631,0.6224289911851126,exact_f1,0.2722858482352153,0.25147235617172325,0.2924988279418659,711,1000,42
dialseg711,neural,159,0.9384483557250631,0.6224289911851126,coverage,0.9010636739803406,0.895006250025369,0.9074034833983411,711,1000,42
dialseg711,neural,160,0.9396928087550791,0.6116552399608227,wf1,0.4932355778445313,0.47155143113084547,0.5134930258653169,711,1000,42
dialseg711,neural,160,0.9396928087550791,0.6116552399608227,wf1_1to1,0.4969124640010716,0.4755601600696537,0.5175014232134486,711,1000,42
dialseg711,neural,160,0.9396928087550791,0.6116552399608227,exact_f1,0.26705512021967714,0.24649336949969863,0.2879718371174067,711,1000,42
dialseg711,neural,160,0.9396928087550791,0.6116552399608227,coverage,0.9024955383341459,0.8963496799487041,0.9088921253432066,711,1000,42
dialseg711,neural,161,0.9413880163700736,0.5984329089128305,wf1,0.48646777930458096,0.4651802661869643,0.5065986713114935,711,1000,42
dialseg711,neural,161,0.9413880163700736,0.5984329089128305,wf1_1to1,0.4909215725671422,0.4692878909651061,0.5112922778112652,711,1000,42
dialseg711,neural,161,0.9413880163700736,0.5984329089128305,exact_f1,0.26456031076284237,0.24424460853258323,0.2857404058669881,711,1000,42
dialseg711,neural,161,0.9413880163700736,0.5984329089128305,coverage,0.9047191000513787,0.8988894292533534,0.9110693977406795,711,1000,42
dialseg711,neural,162,0.9428399336996989,0.5852105778648384,wf1,0.47813277160248463,0.4576163230979465,0.49856728766222114,711,1000,42
dialseg711,neural,162,0.9428399336996989,0.5852105778648384,wf1_1to1,0.48258656486504586,0.4619728249949769,0.5037259728082513,711,1000,42
dialseg711,neural,162,0.9428399336996989,0.5852105778648384,exact_f1,0.2615297033018552,0.24122279150760162,0.2822667604313174,711,1000,42
dialseg711,neural,162,0.9428399336996989,0.5852105778648384,coverage,0.9071497887953585,0.9010287911514178,0.9135619304804432,711,1000,42
dialseg711,neural,163,0.9439748879054084,0.5739471106758081,wf1,0.4724912651170962,0.451718191002312,0.4929476722092593,711,1000,42
dialseg711,neural,163,0.9439748879054084,0.5739471106758081,wf1_1to1,0.4771013327975353,0.45680028129395217,0.4982047418123368,711,1000,42
dialseg711,neural,163,0.9439748879054084,0.5739471106758081,exact_f1,0.2584823521532382,0.23854254571026723,0.27906235349273323,711,1000,42
dialseg711,neural,163,0.9439748879054084,0.5739471106758081,coverage,0.9088572643952391,0.9030851114817359,0.9150907921339091,711,1000,42
dialseg711,neural,164,0.9454461147437743,0.5626836434867777,wf1,0.46286029599245626,0.44156109443308494,0.48316420774641433,711,1000,42
dialseg711,neural,164,0.9454461147437743,0.5626836434867777,wf1_1to1,0.46644564998995375,0.4445562922778113,0.487524194628625,711,1000,42
dialseg711,neural,164,0.9454461147437743,0.5626836434867777,exact_f1,0.2524948094568348,0.23258472305940664,0.2722895318464939,711,1000,42
dialseg711,neural,164,0.9454461147437743,0.5626836434867777,coverage,0.9105626089803305,0.9047207796647404,0.9167906837751245,711,1000,42
dialseg711,neural,165,0.946560498757578,0.5479921645445641,wf1,0.45173913866876725,0.42873933959301885,0.47298534809832826,711,1000,42
dialseg711,neural,165,0.946560498757578,0.5479921645445641,wf1_1to1,0.45518384569017484,0.4321421036769138,0.47665469493001134,711,1000,42
dialseg711,neural,165,0.946560498757578,0.5479921645445641,exact_f1,0.24681869935034492,0.22714118277409415,0.26658018552005897,711,1000,42
dialseg711,neural,165,0.946560498757578,0.5479921645445641,coverage,0.9127055219354797,0.9066694407912762,0.918919921474642,711,1000,42
dialseg711,neural,166,0.9477978228923664,0.5342801175318316,wf1,0.4432902738907886,0.4206179879112303,0.4644860220101562,711,1000,42
dialseg711,neural,166,0.9477978228923664,0.5342801175318316,wf1_1to1,0.44673498091219604,0.42390010715960086,0.46883463934096853,711,1000,42
dialseg711,neural,166,0.9477978228923664,0.5342801175318316,exact_f1,0.24045609805103474,0.22098754269640347,0.26074886142924114,711,1000,42
dialseg711,neural,166,0.9477978228923664,0.5342801175318316,coverage,0.9145579319102525,0.9085556121289244,0.9208618619523156,711,1000,42
dialseg711,neural,167,0.9487561637432731,0.519588638589618,wf1,0.43755342687819077,0.4157564359175704,0.45910851630607086,711,1000,42
dialseg711,neural,167,0.9487561637432731,0.519588638589618,wf1_1to1,0.4410153372178689,0.4192882258388588,0.46294789364409616,711,1000,42
dialseg711,neural,167,0.9487561637432731,0.519588638589618,exact_f1,0.23809858683276408,0.21878139441430583,0.25798489719375794,711,1000,42
dialseg711,neural,167,0.9487561637432731,0.519588638589618,coverage,0.9170485554451798,0.911201375272446,0.9234420556783425,711,1000,42
dialseg711,neural,168,0.9500741467404006,0.5078354554358472,wf1,0.4295289325047264,0.40781749262983996,0.4510153254679126,711,1000,42
dialseg711,neural,168,0.9500741467404006,0.5078354554358472,wf1_1to1,0.4324693590516375,0.4106409483624674,0.45423062755341237,711,1000,42
dialseg711,neural,168,0.9500741467404006,0.5078354554358472,exact_f1,0.23338356439622257,0.2139161810997254,0.25339771281226975,711,1000,42
dialseg711,neural,168,0.9500741467404006,0.5078354554358472,coverage,0.9187940848805828,0.9130488585439798,0.9252257068119409,711,1000,42
dialseg711,neural,169,0.9511242733528865,0.4951028403525955,wf1,0.42225324210667314,0.39980664859523396,0.4453451314643852,711,1000,42
dialseg711,neural,169,0.9511242733528865,0.4951028403525955,wf1_1to1,0.42488111981782867,0.4034013127051102,0.44718304199316855,711,1000,42
dialseg711,neural,169,0.9511242733528865,0.4951028403525955,exact_f1,0.22873551671020026,0.20932958274730426,0.24864535195231394,711,1000,42
dialseg711,neural,169,0.9511242733528865,0.4951028403525955,coverage,0.9209763455016619,0.9150289155240368,0.9271545964340003,711,1000,42
dialseg711,neural,170,0.952500064468863,0.4813907933398629,wf1,0.4136268942398189,0.39135249927444016,0.4368406277061618,711,1000,42
dialseg711,neural,170,0.952500064468863,0.4813907933398629,wf1_1to1,0.41639541892706444,0.3949018819904895,0.4396698144799411,711,1000,42
dialseg711,neural,170,0.952500064468863,0.4813907933398629,exact_f1,0.2250786953318599,0.20586137901011317,0.24494650391802295,711,1000,42
dialseg711,neural,170,0.952500064468863,0.4813907933398629,coverage,0.9235783145593273,0.9177999255491344,0.9294661955289593,711,1000,42
dialseg711,neural,171,0.9540115711677014,0.46620959843290893,wf1,0.4003993810123057,0.3790277381216755,0.42304371159967424,711,1000,42
dialseg711,neural,171,0.9540115711677014,0.46620959843290893,wf1_1to1,0.4028866117473713,0.38068046346527357,0.4250699886142924,711,1000,42
dialseg711,neural,171,0.9540115711677014,0.46620959843290893,exact_f1,0.21731632174670149,0.19823462929475588,0.2368288292813609,711,1000,42
dialseg711,neural,171,0.9540115711677014,0.46620959843290893,coverage,0.9259188030285076,0.9200486846379515,0.9316928026751341,711,1000,42
dialseg711,neural,172,0.9551036157200684,0.4505386875612145,wf1,0.38699773343344296,0.36497755170861995,0.41009632614118513,711,1000,42
dialseg711,neural,172,0.9551036157200684,0.4505386875612145,wf1_1to1,0.3894849641685084,0.36683159198981985,0.4120974817493805,711,1000,42
dialseg711,neural,172,0.9551036157200684,0.4505386875612145,exact_f1,0.2104614560310763,0.19094685553546312,0.23056108097247335,711,1000,42
dialseg711,neural,172,0.9551036157200684,0.4505386875612145,coverage,0.9282717097326801,0.9227712180771253,0.93393476642224,711,1000,42
dialseg711,neural,173,0.955905927485557,0.43780607247796277,wf1,0.37673050417887194,0.3542038317782267,0.3998694932361377,711,1000,42
dialseg711,neural,173,0.955905927485557,0.43780607247796277,wf1_1to1,0.3794521465407542,0.3571373317259393,0.4019032549728752,711,1000,42
dialseg711,neural,173,0.955905927485557,0.43780607247796277,exact_f1,0.20577322349474247,0.18646239367758358,0.22516107427499835,711,1000,42
dialseg711,neural,173,0.955905927485557,0.43780607247796277,coverage,0.9300620285324928,0.9242157269154896,0.9355837737430565,711,1000,42
dialseg711,neural,174,0.9568880362127294,0.42311459353574926,wf1,0.3664297875490414,0.34437840087795674,0.38929709411832436,711,1000,42
dialseg711,neural,174,0.9568880362127294,0.42311459353574926,wf1_1to1,0.36872948898265356,0.34573303864443106,0.39215055923916686,711,1000,42
dialseg711,neural,174,0.9568880362127294,0.42311459353574926,exact_f1,0.20007367222557096,0.18113153841001942,0.21902116402116398,711,1000,42
dialseg711,neural,174,0.9568880362127294,0.42311459353574926,coverage,0.9323140545186958,0.9266226199862803,0.9377815181283009,711,1000,42
dialseg711,neural,175,0.9579681352754335,0.4079333986287953,wf1,0.3569439303838593,0.3353600891586679,0.37954557044275006,711,1000,42
dialseg711,neural,175,0.9579681352754335,0.4079333986287953,wf1_1to1,0.3592592592592592,0.33748442837050435,0.3827287187730225,711,1000,42
dialseg711,neural,175,0.9579681352754335,0.4079333986287953,exact_f1,0.19140044203335338,0.17276002946889024,0.2095479204339964,711,1000,42
dialseg711,neural,175,0.9579681352754335,0.4079333986287953,coverage,0.9343396221297066,0.9286151405244233,0.9397078051851259,711,1000,42
dialseg711,neural,176,0.9590765468439265,0.39373163565132224,wf1,0.3453572985440629,0.32384316099672533,0.36760034462621627,711,1000,42
dialseg711,neural,176,0.9590765468439265,0.39373163565132224,wf1_1to1,0.3473913334672828,0.3258093898600228,0.3694861362266425,711,1000,42
dialseg711,neural,176,0.9590765468439265,0.39373163565132224,exact_f1,0.1859821847163619,0.16748861429241177,0.20419596812001875,711,1000,42
dialseg711,neural,176,0.9590765468439265,0.39373163565132224,coverage,0.9363689570704338,0.9305791502020405,0.94174747001026,711,1000,42
dialseg711,neural,177,0.9602787168181721,0.37904015670910873,wf1,0.33596520602960755,0.3148450474521982,0.35835302332248814,711,1000,42
dialseg711,neural,177,0.9602787168181721,0.37904015670910873,wf1_1to1,0.3382023976960686,0.3167163954189271,0.3610900140646976,711,1000,42
dialseg711,neural,177,0.9602787168181721,0.37904015670910873,exact_f1,0.18054383497421472,0.16256613756613755,0.19861948295492599,711,1000,42
dialseg711,neural,177,0.9602787168181721,0.37904015670910873,coverage,0.9385494418458553,0.9328474759144589,0.943633650056382,711,1000,42
dialseg711,neural,178,0.9610319230424699,0.3648383937316356,wf1,0.3281358576939301,0.3064644528574131,0.35092853735369833,711,1000,42
dialseg711,neural,178,0.9610319230424699,0.3648383937316356,wf1_1to1,0.33037304936039114,0.3083845690174804,0.3526833433795459,711,1000,42
dialseg711,neural,178,0.9610319230424699,0.3648383937316356,exact_f1,0.1769338959212377,0.15928437479070393,0.1947650860625544,711,1000,42
dialseg711,neural,178,0.9610319230424699,0.3648383937316356,coverage,0.9415122754257776,0.9358584512309459,0.9466313920295986,711,1000,42
dialseg711,neural,179,0.962224875862275,0.34916748285994126,wf1,0.3163322525447122,0.29511508494630856,0.3383489574920451,711,1000,42
dialseg711,neural,179,0.962224875862275,0.34916748285994126,wf1_1to1,0.31870604781997186,0.2965928270042194,0.3409808452213515,711,1000,42
dialseg711,neural,179,0.962224875862275,0.34916748285994126,exact_f1,0.17051101734646038,0.15264483289799743,0.18858783738530574,711,1000,42
dialseg711,neural,179,0.962224875862275,0.34916748285994126,coverage,0.9439003946124199,0.938513405180731,0.9488807998875247,711,1000,42
dialseg711,neural,180,0.963455754907886,0.3344760039177277,wf1,0.30236131958643747,0.2808135757819302,0.3241664959467144,711,1000,42
dialseg711,neural,180,0.963455754907886,0.3344760039177277,wf1_1to1,0.3044538209095171,0.2828522871877302,0.3260252159935705,711,1000,42
dialseg711,neural,180,0.963455754907886,0.3344760039177277,exact_f1,0.16371308016877634,0.14569837921103745,0.18126732971669685,711,1000,42
dialseg711,neural,180,0.963455754907886,0.3344760039177277,coverage,0.9459589548988282,0.9407244917285793,0.9507853793046305,711,1000,42
dialseg711,neural,181,0.9645194024895903,0.31929480901077373,wf1,0.29308531663954845,0.2704957083630452,0.31578554487899235,711,1000,42
dialseg711,neural,181,0.9645194024895903,0.31929480901077373,wf1_1to1,0.2953184649387181,0.2733782064161811,0.3176821713214118,711,1000,42
dialseg711,neural,181,0.9645194024895903,0.31929480901077373,exact_f1,0.16002277141517648,0.14102873216797268,0.1774931350880718,711,1000,42
dialseg711,neural,181,0.9645194024895903,0.31929480901077373,coverage,0.9484519504561698,0.9434589911963329,0.9533641913349191,711,1000,42
dialseg711,neural,182,0.965669826646546,0.30166503428011754,wf1,0.2803183533141339,0.25852538343044673,0.30208285892885045,711,1000,42
dialseg711,neural,182,0.965669826646546,0.30166503428011754,wf1_1to1,0.2825530774897863,0.26117858817225903,0.3037946219275333,711,1000,42
dialseg711,neural,182,0.965669826646546,0.30166503428011754,exact_f1,0.15244792713147143,0.13448496416850847,0.16954524144397562,711,1000,42
dialseg711,neural,182,0.965669826646546,0.30166503428011754,coverage,0.9514069322613626,0.94633996497525,0.956177304953017,711,1000,42
dialseg711,neural,183,0.9663978084247915,0.28697355533790403,wf1,0.26644118500658587,0.24502070636036877,0.288050755698435,711,1000,42
dialseg711,neural,183,0.9663978084247915,0.28697355533790403,wf1_1to1,0.26872279150760164,0.2469697274127654,0.29048355769874756,711,1000,42
dialseg711,neural,183,0.9663978084247915,0.28697355533790403,exact_f1,0.14457169647043067,0.12658177617038377,0.16169429375125574,711,1000,42
dialseg711,neural,183,0.9663978084247915,0.28697355533790403,coverage,0.9534911027790774,0.9484965013498767,0.9580587453939248,711,1000,42
dialseg711,neural,184,0.9673959169555549,0.26983349657198824,wf1,0.2532136717790726,0.23239652401044802,0.2724698613622664,711,1000,42
dialseg711,neural,184,0.9673959169555549,0.26983349657198824,wf1_1to1,0.2554952782800884,0.2338731498225169,0.2753065769205009,711,1000,42
dialseg711,neural,184,0.9673959169555549,0.26983349657198824,exact_f1,0.1352622061482821,0.11849691916147613,0.15162279820507668,711,1000,42
dialseg711,neural,184,0.9673959169555549,0.26983349657198824,coverage,0.9560682861052059,0.9513157041914954,0.9604396733813927,711,1000,42
dialseg711,neural,185,0.968124472316186,0.2546523016650343,wf1,0.23966467974906794,0.21869912709575154,0.2602066171053513,711,1000,42
dialseg711,neural,185,0.968124472316186,0.2546523016650343,wf1_1to1,0.24194628625008371,0.22067510548523206,0.26281762775433665,711,1000,42
dialseg711,neural,185,0.968124472316186,0.2546523016650343,exact_f1,0.13029267965976826,0.11298623668876834,0.14656854865715624,711,1000,42
dialseg711,neural,185,0.968124472316186,0.2546523016650343,coverage,0.9587080806753803,0.9543299787999155,0.962948054104436,711,1000,42
dialseg711,neural,186,0.9690676655002575,0.23702252693437806,wf1,0.2264572589467104,0.2057727769964057,0.2467971558055946,711,1000,42
dialseg711,neural,186,0.9690676655002575,0.23702252693437806,wf1_1to1,0.22831692451945615,0.2075914205344585,0.2490857946554149,711,1000,42
dialseg711,neural,186,0.9690676655002575,0.23702252693437806,exact_f1,0.12409751523675575,0.10698546647913736,0.1394772620721988,711,1000,42
dialseg711,neural,186,0.9690676655002575,0.23702252693437806,coverage,0.9620972821131049,0.9579802229142947,0.96610777283839,711,1000,42
dialseg711,neural,187,0.9699213630590008,0.22037218413320275,wf1,0.2119237380840756,0.19197413658384122,0.2319944522581653,711,1000,42
dialseg711,neural,187,0.9699213630590008,0.22037218413320275,wf1_1to1,0.21303328645100797,0.19310712611345526,0.2331493202062822,711,1000,42
dialseg711,neural,187,0.9699213630590008,0.22037218413320275,exact_f1,0.11237693389592125,0.0961978434130333,0.12625879043600563,711,1000,42
dialseg711,neural,187,0.9699213630590008,0.22037218413320275,coverage,0.9636600262918829,0.9595743886085396,0.9677299396669122,711,1000,42
dialseg711,neural,188,0.9708314948345549,0.20176297747306562,wf1,0.1915299265510236,0.17225582122206595,0.21149710892326926,711,1000,42
dialseg711,neural,188,0.9708314948345549,0.20176297747306562,wf1_1to1,0.19263947491795594,0.1731293952180028,0.21261837787154242,711,1000,42
dialseg711,neural,188,0.9708314948345549,0.20176297747306562,exact_f1,0.10478199718706048,0.08945030473511485,0.11988279418659163,711,1000,42
dialseg711,neural,188,0.9708314948345549,0.20176297747306562,coverage,0.967175642571212,0.9632162925418464,0.9710028631705847,711,1000,42
dialseg711,neural,189,0.9717614336229449,0.1851126346718903,wf1,0.17477730895452415,0.15606540084388185,0.192739099859353,711,1000,42
dialseg711,neural,189,0.9717614336229449,0.1851126346718903,wf1_1to1,0.1761837787154243,0.15704992967651193,0.19457102672292545,711,1000,42
dialseg711,neural,189,0.9717614336229449,0.1851126346718903,exact_f1,0.09578059071729957,0.08119315518049695,0.1105028129395218,711,1000,42
dialseg711,neural,189,0.9717614336229449,0.1851126346718903,coverage,0.9695751847386869,0.965533258544862,0.9733979116435603,711,1000,42
dialseg711,neural,190,0.9731128817826659,0.16748285994123407,wf1,0.15766526019690577,0.13891115799343645,0.17614275668073134,711,1000,42
dialseg711,neural,190,0.9731128817826659,0.16748285994123407,wf1_1to1,0.1592123769338959,0.1404547585560244,0.17791959681200187,711,1000,42
dialseg711,neural,190,0.9731128817826659,0.16748285994123407,exact_f1,0.0831223628691983,0.06910454758556024,0.09639592123769339,711,1000,42
dialseg711,neural,190,0.9731128817826659,0.16748285994123407,coverage,0.9717571662983056,0.9678559219632532,0.975392939465988,711,1000,42
dialseg711,neural,191,0.9743846648901551,0.14985308521057786,wf1,0.14181903422409753,0.12474917955930612,0.15829231129864038,711,1000,42
dialseg711,neural,191,0.9743846648901551,0.14985308521057786,wf1_1to1,0.14308485700890763,0.1262037037037037,0.16016291608063757,711,1000,42
dialseg711,neural,191,0.9743846648901551,0.14985308521057786,exact_f1,0.07548054383497421,0.06268166901078293,0.08828059071729959,711,1000,42
dialseg711,neural,191,0.9743846648901551,0.14985308521057786,coverage,0.9748971658518073,0.9712396084488646,0.9784571633681602,711,1000,42
dialseg711,neural,192,0.975772271803276,0.13418217433888344,wf1,0.13019221753398968,0.11373652133145803,0.14618260665729021,711,1000,42
dialseg711,neural,192,0.975772271803276,0.13418217433888344,wf1_1to1,0.13145804031879982,0.11499882794186592,0.14805555555555555,711,1000,42
dialseg711,neural,192,0.975772271803276,0.13418217433888344,exact_f1,0.06732301922175339,0.05489803094233474,0.07952297233942802,711,1000,42
dialseg711,neural,192,0.975772271803276,0.13418217433888344,coverage,0.9775546681401112,0.9743125320920679,0.9809908949221977,711,1000,42
dialseg711,neural,193,0.9768959319771234,0.11949069539666993,wf1,0.12039381153305204,0.10398148148148148,0.13563291139240508,711,1000,42
dialseg711,neural,193,0.9768959319771234,0.11949069539666993,wf1_1to1,0.12165963431786217,0.10529184247538677,0.13722573839662447,711,1000,42
dialseg711,neural,193,0.9768959319771234,0.11949069539666993,exact_f1,0.06258790436005626,0.0508638068448195,0.07463900609470228,711,1000,42
dialseg711,neural,193,0.9768959319771234,0.11949069539666993,coverage,0.980439326457259,0.9772926957058021,0.9837389631192374,711,1000,42
dialseg711,neural,194,0.978227385923491,0.09990205680705191,wf1,0.10070323488045006,0.08584153774027191,0.11598921706516643,711,1000,42
dialseg711,neural,194,0.978227385923491,0.09990205680705191,wf1_1to1,0.1019690576652602,0.08713314580403188,0.11720932958274732,711,1000,42
dialseg711,neural,194,0.978227385923491,0.09990205680705191,exact_f1,0.053445850914205346,0.04228316924519456,0.06517346460384434,711,1000,42
dialseg711,neural,194,0.978227385923491,0.09990205680705191,coverage,0.9835235137186613,0.9806626802737035,0.9866270538923493,711,1000,42
dialseg711,neural,195,0.9793663231571715,0.08031341821743389,wf1,0.08035630567276136,0.0668975621190811,0.09409634317862167,711,1000,42
dialseg711,neural,195,0.9793663231571715,0.08031341821743389,wf1_1to1,0.0816221284575715,0.06788443506797937,0.09578176277543365,711,1000,42
dialseg711,neural,195,0.9793663231571715,0.08031341821743389,exact_f1,0.041162681669010784,0.030793483356774492,0.05138654477262072,711,1000,42
dialseg711,neural,195,0.9793663231571715,0.08031341821743389,coverage,0.9863456622686582,0.9835767621335924,0.9890555757875114,711,1000,42
dialseg711,neural,196,0.9807042832949653,0.06121449559255632,wf1,0.060384435067979365,0.04913033286451007,0.07253164556962025,711,1000,42
dialseg711,neural,196,0.9807042832949653,0.06121449559255632,wf1_1to1,0.06080637599624941,0.04955110173464604,0.07272034692920769,711,1000,42
dialseg711,neural,196,0.9807042832949653,0.06121449559255632,exact_f1,0.02986404125644632,0.02109118612283169,0.039193624003750586,711,1000,42
dialseg711,neural,196,0.9807042832949653,0.06121449559255632,coverage,0.9894700343803718,0.9870991037941196,0.9918756871888466,711,1000,42
dialseg711,neural,197,0.9822953145707672,0.04064642507345739,wf1,0.040365682137834036,0.031218940459446783,0.05119549929676512,711,1000,42
dialseg711,neural,197,0.9822953145707672,0.04064642507345739,wf1_1to1,0.040365682137834036,0.031218940459446783,0.05119549929676512,711,1000,42
dialseg711,neural,197,0.9822953145707672,0.04064642507345739,exact_f1,0.018377871542428505,0.011482653539615565,0.02578645100796999,711,1000,42
dialseg711,neural,197,0.9822953145707672,0.04064642507345739,coverage,0.992826306565758,0.990787581206885,0.9947824018261782,711,1000,42
dialseg711,neural,198,0.984423744918114,0.021057786483839373,wf1,0.021800281293952176,0.014767932489451477,0.03000468823253633,711,1000,42
dialseg711,neural,198,0.984423744918114,0.021057786483839373,wf1_1to1,0.021800281293952176,0.014767932489451477,0.03000468823253633,711,1000,42
dialseg711,neural,198,0.984423744918114,0.021057786483839373,exact_f1,0.010079699953117674,0.004922644163150493,0.015705578996718237,711,1000,42
dialseg711,neural,198,0.984423744918114,0.021057786483839373,coverage,0.9960264438639965,0.9944692320786731,0.9974893956645012,711,1000,42
dialseg711,neural,199,0.9927117824554443,0.0004897159647404506,wf1,0.0007032348804500703,0.0,0.002109704641350211,711,1000,42
dialseg711,neural,199,0.9927117824554443,0.0004897159647404506,wf1_1to1,0.0007032348804500703,0.0,0.002109704641350211,711,1000,42
dialseg711,neural,199,0.9927117824554443,0.0004897159647404506,exact_f1,0.0,0.0,0.0,711,1000,42
dialseg711,neural,199,0.9927117824554443,0.0004897159647404506,coverage,0.9999497689371108,0.9998493068113321,1.0,711,1000,42
