dataset,model,g,step,tau,bor,wf1,coverage,purity,n_pred_boundaries,n_gold_boundaries,seed
dialseg711,random,2,0,7.2449638492178e-05,1.9951028403525954,0.6773531108823578,0.6512926497631139,0.893569375355592,4074,2042,0
dialseg711,random,2,1,0.0038616766731889947,1.9941234084231145,0.67721358015211,0.6514098555765222,0.8934253796419759,4072,2042,0
dialseg711,random,2,2,0.008173364540824839,1.9911851126346718,0.6768871767356097,0.6517614730167473,0.8930196242784146,4066,2042,0
dialseg711,random,2,3,0.013736124015390821,1.9862879529872675,0.6768456172225867,0.6527578746460603,0.8930214846881515,4056,2042,0
dialseg711,random,2,4,0.0173355430890903,1.9818805093046032,0.6758421110495799,0.6532593480905716,0.8924711754880532,4047,2042,0
dialseg711,random,2,5,0.023890131623168016,1.980411361410382,0.6758108214805909,0.6534791089907124,0.892517778751956,4044,2042,0
dialseg711,random,2,6,0.02781149769073101,1.9789422135161607,0.6757366792567707,0.6538600278842895,0.8924675476890667,4041,2042,0
dialseg711,random,2,7,0.03170775048061239,1.9730656219392753,0.6753718220663985,0.6547697682455067,0.8918943554492078,4029,2042,0
dialseg711,random,2,8,0.03786614626605273,1.9662095984329089,0.6760180520897757,0.6559192224012899,0.8917777914771585,4015,2042,0
dialseg711,random,2,9,0.04276180330359321,1.9618021547502449,0.6755582976659974,0.6565931558283878,0.8914348756806563,4006,2042,0
dialseg711,random,2,10,0.047450432261172834,1.957394711067581,0.6753969494033834,0.6572327646958448,0.8912127427581015,3997,2042,0
dialseg711,random,2,11,0.052902551691741406,1.9544564152791382,0.6747814226053115,0.6576307317077359,0.8908046618823693,3991,2042,0
dialseg711,random,2,12,0.05797223806167051,1.9510284035259549,0.6745804901117841,0.6579111884755344,0.8907997317965672,3984,2042,0
dialseg711,random,2,13,0.06133697102975535,1.9495592556317336,0.6748144883644945,0.6581121127270916,0.8907450103810864,3981,2042,0
dialseg711,random,2,14,0.06607615325532226,1.9466209598432909,0.6739773429159136,0.6584461492953054,0.8905107382849998,3975,2042,0
dialseg711,random,2,15,0.0705955251593508,1.9417238001958863,0.6734286027047262,0.6592314282451414,0.8905066918938227,3965,2042,0
dialseg711,random,2,16,0.0764995864777989,1.9363369245837414,0.6722596583090439,0.6601021000018891,0.8900654957247784,3954,2042,0
dialseg711,random,2,17,0.08121057416463998,1.9343780607247796,0.672149524993994,0.6604478571514436,0.8899121979624793,3950,2042,0
dialseg711,random,2,18,0.08804219178273384,1.930460333006856,0.672101690443671,0.6610749082531783,0.8894232822836902,3942,2042,0
dialseg711,random,2,19,0.09344900310247047,1.9265426052889325,0.6717309024979331,0.6616726579015608,0.8891541182029932,3934,2042,0
dialseg711,random,2,20,0.0978027705606653,1.9231145935357492,0.6705448020050901,0.6621121797018421,0.8888053843978598,3927,2042,0
dialseg711,random,2,21,0.10278097610642584,1.9182174338883449,0.6704230763735737,0.6630446762567016,0.8886179481168933,3917,2042,0
dialseg711,random,2,22,0.10719463512319025,1.9113614103819785,0.670081845144432,0.664397287155726,0.8883619726499472,3903,2042,0
dialseg711,random,2,23,0.11191212082199532,1.9074436826640548,0.6691759406098354,0.6647410908750571,0.888201689049087,3895,2042,0
dialseg711,random,2,24,0.11588257020079092,1.9049951028403527,0.6691524674018186,0.665141544070869,0.8882274557239396,3890,2042,0
dialseg711,random,2,25,0.12012282007064849,1.90205680705191,0.6688084595676351,0.665740130903633,0.8880780648220874,3884,2042,0
dialseg711,random,2,26,0.1252453011087532,1.9005876591576885,0.6684255872438345,0.6660624468905059,0.8879692308524939,3881,2042,0
dialseg711,random,2,27,0.1301585141974071,1.8961802154750245,0.6684928127019758,0.6667793557825203,0.8876644957376322,3872,2042,0
dialseg711,random,2,28,0.1348023948659358,1.889324191968658,0.6678177178056371,0.667653934399715,0.8869172621669106,3858,2042,0
dialseg711,random,2,29,0.14131583086584806,1.886875612144956,0.6675790909847319,0.6680875959093259,0.8868488921090891,3853,2042,0
dialseg711,random,2,30,0.1453633092471589,1.884916748285994,0.667561636958839,0.6683659597161707,0.8866741066143317,3849,2042,0
dialseg711,random,2,31,0.14953923142397701,1.8800195886385895,0.6673577846674895,0.6690105916899166,0.8863206008582238,3839,2042,0
dialseg711,random,2,32,0.15381029093262785,1.8751224289911852,0.6661462823266747,0.669801730930423,0.886249244842775,3829,2042,0
dialseg711,random,2,33,0.15984538760273695,1.8702252693437806,0.665009484428894,0.6710362988316575,0.8859367518193115,3819,2042,0
dialseg711,random,2,34,0.1639272720116939,1.8643486777668952,0.6637304936444697,0.6716764658220354,0.8852517489542806,3807,2042,0
dialseg711,random,2,35,0.16898199782252915,1.8599412340842312,0.6631728472236789,0.671954131975229,0.8846818124314608,3798,2042,0
dialseg711,random,2,36,0.17419081847854279,1.8550440744368266,0.6618084707215511,0.6723272371479123,0.8842152402736089,3788,2042,0
dialseg711,random,2,37,0.1795312462372862,1.8516160626836435,0.661909814094047,0.6729894499936694,0.8839120679029259,3781,2042,0
dialseg711,random,2,38,0.18532693182752966,1.84769833496572,0.6617062327090311,0.6736080150900827,0.8838413723329336,3773,2042,0
dialseg711,random,2,39,0.1905368828739417,1.8452497551420177,0.6615409034297777,0.6741354412504201,0.8839312301232133,3768,2042,0
dialseg711,random,2,40,0.19595373186487383,1.8383937316356513,0.6607815123146816,0.6749514169609105,0.8836098257371113,3754,2042,0
dialseg711,random,2,41,0.1997628719390774,1.8330068560235064,0.6590242048833792,0.675627303818232,0.8832107678486019,3743,2042,0
dialseg711,random,2,42,0.2049271190114158,1.8290891283055828,0.6591910020140361,0.6762284022041406,0.8830436565440083,3735,2042,0
dialseg711,random,2,43,0.20987782030518276,1.8232125367286973,0.6589753541634782,0.6773446480461248,0.8828636619019883,3723,2042,0
dialseg711,random,2,44,0.21641877674521107,1.8183153770812928,0.6578947804346047,0.678379826533835,0.8824861382561804,3713,2042,0
dialseg711,random,2,45,0.22140487661955358,1.8124387855044075,0.6579218736044335,0.6792211968372306,0.8819789905619723,3701,2042,0
dialseg711,random,2,46,0.22700312512572354,1.8095004897159648,0.6569874049262384,0.679789645032261,0.8817604854384038,3695,2042,0
dialseg711,random,2,47,0.23092845233201975,1.802154750244858,0.6567883713494568,0.6808618118480988,0.8815300271822776,3680,2042,0
dialseg711,random,2,48,0.23556059654788672,1.796767874632713,0.6563249328731958,0.6818770374413835,0.8812324081346584,3669,2042,0
dialseg711,random,2,49,0.24078434285877612,1.7908912830558277,0.6562459209194917,0.682844962117114,0.8809159710425533,3657,2042,0
dialseg711,random,2,50,0.24658001499074622,1.7855044074436828,0.6562128925465331,0.6839935790885158,0.8807944693739349,3646,2042,0
dialseg711,random,2,51,0.25171482296197456,1.777179236043095,0.6541396804610418,0.6857237601435913,0.880557211320221,3629,2042,0
dialseg711,random,2,52,0.2579770062962116,1.7722820763956906,0.6533802126874265,0.6861843637687519,0.8802606620082007,3619,2042,0
dialseg711,random,2,53,0.2626541371868655,1.767384916748286,0.6532456543250199,0.6874450366011547,0.8799003936627005,3609,2042,0
dialseg711,random,2,54,0.26714845579541274,1.7644466209598433,0.6529188830155052,0.6878611172387543,0.8796991903496826,3603,2042,0
dialseg711,random,2,55,0.272385908592314,1.7585700293829578,0.6519218413978315,0.6885760727005452,0.8792658637138243,3591,2042,0
dialseg711,random,2,56,0.27710855876321144,1.752203721841332,0.6504968550882585,0.6894378144905571,0.8788061936760952,3578,2042,0
dialseg711,random,2,57,0.2813548638942565,1.743388834476004,0.6484545502935403,0.691104090471179,0.8785525268085043,3560,2042,0
dialseg711,random,2,58,0.2864015020099334,1.7380019588638589,0.647796659876535,0.6923171706399555,0.8786779556329487,3549,2042,0
dialseg711,random,2,59,0.292026573684623,1.732615083251714,0.6477502627251955,0.6928543639514104,0.8784118147180735,3538,2042,0
dialseg711,random,2,60,0.29612087479641336,1.727228207639569,0.6469684613104827,0.6936171784536763,0.8777920192143117,3527,2042,0
dialseg711,random,2,61,0.3007995711028932,1.7193927522037218,0.6455465133385224,0.6949033727251027,0.8768181186367342,3511,2042,0
dialseg711,random,2,62,0.30510307194116926,1.713026444662096,0.6453358004695817,0.6961036160666962,0.8764606781140336,3498,2042,0
dialseg711,random,2,63,0.31053652020646083,1.7071498530852105,0.6444487909327832,0.6968048975169229,0.8758767885181891,3486,2042,0
dialseg711,random,2,64,0.31556936941724534,1.7002938295788443,0.6427790995562297,0.6978538895469275,0.8753261072361433,3472,2042,0
dialseg711,random,2,65,0.31980853633016126,1.6963761018609207,0.6426187503540652,0.6986684699501156,0.8752159337715396,3464,2042,0
dialseg711,random,2,66,0.32525161460421226,1.6904995102840352,0.6426723944384862,0.6996566519509557,0.8752445654773864,3452,2042,0
dialseg711,random,2,67,0.33060621634939413,1.683643486777669,0.6416391952436749,0.7009210794284635,0.8745056944484308,3438,2042,0
dialseg711,random,2,68,0.3361167043659743,1.6767874632713027,0.640470603564182,0.7021947159341674,0.8739678313894708,3424,2042,0
dialseg711,random,2,69,0.3420808060090352,1.669441723800196,0.6404765972029228,0.7035004445078284,0.873503045224966,3409,2042,0
dialseg711,random,2,70,0.3472454111724054,1.6640548481880508,0.6400533848288542,0.7046338779988569,0.8733502108738195,3398,2042,0
dialseg711,random,2,71,0.3523802059942545,1.658667972575906,0.6395736095371177,0.7056569173130355,0.8732556090387114,3387,2042,0
dialseg711,random,2,72,0.358078875923977,1.6503428011753183,0.6394203960056393,0.7073290535843277,0.872811417609991,3370,2042,0
dialseg711,random,2,73,0.3636930401358883,1.6439764936336925,0.6375785980293802,0.7080811242203647,0.8720642026433668,3357,2042,0
dialseg711,random,2,74,0.36771232032000345,1.638099902056807,0.6365319962214502,0.708841845761677,0.8713185783270673,3345,2042,0
dialseg711,random,2,75,0.37303891555111274,1.6307541625857003,0.6351619257814843,0.7097208893622395,0.8707079360392098,3330,2042,0
dialseg711,random,2,76,0.37741928693117205,1.6248775710088148,0.6345629536857322,0.7106348156453643,0.8701070422983723,3318,2042,0
dialseg711,random,2,77,0.3827921974800353,1.6160626836434868,0.6344905148913956,0.7126460115911594,0.8698714214052269,3300,2042,0
dialseg711,random,2,78,0.388337809129132,1.6067580803134183,0.6328869298260604,0.7136798201407906,0.8687680402965715,3281,2042,0
dialseg711,random,2,79,0.39301718198310664,1.6008814887365328,0.6315447958836935,0.7146199782012018,0.8684802907226054,3269,2042,0
dialseg711,random,2,80,0.3981509849409995,1.5950048971596473,0.6311225591523296,0.7158280352636893,0.8682330422686059,3257,2042,0
dialseg711,random,2,81,0.4017803876611159,1.5881488736532812,0.6307512649831808,0.7169380022228123,0.8680410665878819,3243,2042,0
dialseg711,random,2,82,0.407201699588438,1.5803134182174339,0.6301268298960999,0.718058040763737,0.8672912749537723,3227,2042,0
dialseg711,random,2,83,0.41235040174515775,1.5719882468168462,0.6286127946267903,0.7194926957321471,0.8665312155491983,3210,2042,0
dialseg711,random,2,84,0.41663439718198925,1.5661116552399608,0.62643002589623,0.7201596526227327,0.8654305732294479,3198,2042,0
dialseg711,random,2,85,0.4209163456316883,1.5602350636630755,0.6263515148250474,0.7212726892579214,0.8653513277478518,3186,2042,0
dialseg711,random,2,86,0.42583651264054617,1.5514201762977473,0.6241902827599661,0.7226141630677496,0.8650524529236605,3168,2042,0
dialseg711,random,2,87,0.43060220264899884,1.5430950048971597,0.6214802728547529,0.7238515215835891,0.8640397388835203,3151,2042,0
dialseg711,random,2,88,0.43495803461717125,1.5337904015670911,0.620587290149645,0.7255911907283216,0.8636451180722329,3132,2042,0
dialseg711,random,2,89,0.44043901450120326,1.5288932419196866,0.6194920283471421,0.7259369478778761,0.8629949048692771,3122,2042,0
dialseg711,random,2,90,0.4473315457349534,1.5210577864838393,0.6188245079927465,0.7272983618975181,0.8625260816156435,3106,2042,0
dialseg711,random,2,91,0.4519146084444956,1.516160626836435,0.6184345165778175,0.728112942300706,0.8623383620450126,3096,2042,0
dialseg711,random,2,92,0.4572811925594232,1.5102840352595495,0.6192258731112397,0.7295445275930508,0.8620229388762138,3084,2042,0
dialseg711,random,2,93,0.461130793655327,1.503428011753183,0.6175890199150394,0.7308898828941024,0.8614957359650448,3070,2042,0
dialseg711,random,2,94,0.4666383118663661,1.495592556317336,0.6155588081259742,0.7325073231191375,0.8610575815659199,3054,2042,0
dialseg711,random,2,95,0.4719037620189255,1.4877571008814887,0.6133879117560413,0.7333470190537701,0.8600731696733304,3038,2042,0
dialseg711,random,2,96,0.47642544262208064,1.480411361410382,0.6123082773953266,0.7347421868255202,0.8595599756474782,3023,2042,0
dialseg711,random,2,97,0.48073907738641863,1.4725759059745347,0.610971249875754,0.7363596270505552,0.8589015022252916,3007,2042,0
dialseg711,random,2,98,0.48574637199675047,1.460822722820764,0.6084654652057913,0.73885443650739,0.857979734315127,2983,2042,0
dialseg711,random,2,99,0.49035025020314904,1.4539666993143976,0.6073414160105215,0.7401935129255806,0.8577936561332684,2969,2042,0
dialseg711,random,2,100,0.4949102834567928,1.4466209598432909,0.6060564140926081,0.7413664082440454,0.8569154497170871,2954,2042,0
dialseg711,random,2,101,0.5004851711140662,1.4422135161606269,0.6047008700243629,0.7422864738793009,0.8566075053954297,2945,2042,0
dialseg711,random,2,102,0.5043476687172042,1.4319294809010774,0.6049886192469456,0.7444029140495385,0.8561555135344567,2924,2042,0
dialseg711,random,2,103,0.5100907292343299,1.4240940254652301,0.6050000393005596,0.7458142673859972,0.8555610196031133,2908,2042,0
dialseg711,random,2,104,0.5170752642796667,1.4128305582761997,0.6023537785629611,0.7477397914634202,0.8546304426528457,2885,2042,0
dialseg711,random,2,105,0.5205917192021808,1.4040156709108718,0.6014303781899184,0.7493434181461608,0.8537288608527557,2867,2042,0
dialseg711,random,2,106,0.5256481585458607,1.3917727717923605,0.5981727826239271,0.7506431468984212,0.8528548403584821,2842,2042,0
dialseg711,random,2,107,0.5307375397940317,1.3809990205680704,0.5968258295572055,0.7527419681428121,0.8522051480702525,2820,2042,0
dialseg711,random,2,108,0.5353077923771236,1.3692458374142997,0.5946164757662974,0.7547759075976376,0.8510646238812051,2796,2042,0
dialseg711,random,2,109,0.5395210949221221,1.361900097943193,0.5935381979914383,0.7559023391829299,0.8502768333782248,2781,2042,0
dialseg711,random,2,110,0.5459736900102979,1.3535749265426054,0.5928703307934148,0.7573344825981957,0.8500399101982636,2764,2042,0
dialseg711,random,2,111,0.5524363016855446,1.3428011753183153,0.5905874214296051,0.758785627561999,0.8490028061864761,2742,2042,0
dialseg711,random,2,112,0.5580686779063219,1.3300685602350637,0.5870919960677116,0.7610705828005406,0.8475979549820467,2716,2042,0
dialseg711,random,2,113,0.5631655678040763,1.3197845249755142,0.5855469789285154,0.7633676898972258,0.8465578041264951,2695,2042,0
dialseg711,random,2,114,0.5679717226416762,1.3099902056807051,0.5841587125613461,0.7653657699543776,0.8456190493465708,2675,2042,0
dialseg711,random,2,115,0.5718257247077418,1.2992164544564153,0.5810483122157692,0.7666742891426436,0.8444453684278127,2653,2042,0
dialseg711,random,2,116,0.5767566625567482,1.286973555337904,0.5782675088242618,0.7686866013342807,0.8433989437632445,2628,2042,0
dialseg711,random,2,117,0.5819050943474846,1.2781586679725758,0.5777081047182026,0.7705893945872848,0.8423623248890729,2610,2042,0
dialseg711,random,2,118,0.5875438007920345,1.266405484818805,0.5747517880834232,0.7726014277174614,0.8404475446778792,2586,2042,0
dialseg711,random,2,119,0.59177864376695,1.2561214495592556,0.5715756090323372,0.7742880751846998,0.8391618992273252,2565,2042,0
dialseg711,random,2,120,0.5976513041656771,1.2463271302644465,0.5712783207603653,0.7754321842402011,0.8383883966711221,2545,2042,0
dialseg711,random,2,121,0.6033265776183738,1.233594515181195,0.5694820625383257,0.7776797452430364,0.8372872241345971,2519,2042,0
dialseg711,random,2,122,0.6087071006483622,1.222820763956905,0.5670489510334842,0.7797770316493946,0.8364721689645088,2497,2042,0
dialseg711,random,2,123,0.6128537593348866,1.2125367286973556,0.5646153104664423,0.7811014573409089,0.8349469306460215,2476,2042,0
dialseg711,random,2,124,0.6170143575535818,1.2037218413320274,0.5630387117069198,0.7829639135282594,0.8336913062891312,2458,2042,0
dialseg711,random,2,125,0.621428197041397,1.1929480901077376,0.5615731346394565,0.7851597720532321,0.8331145681779553,2436,2042,0
dialseg711,random,2,126,0.6266187080975543,1.1816846229187072,0.5583726548566982,0.7872224675231004,0.8319304000449476,2413,2042,0
dialseg711,random,2,127,0.6315796059704477,1.1723800195886387,0.5565850856330407,0.7885008480736329,0.8307952953725712,2394,2042,0
dialseg711,random,2,128,0.636206654329805,1.1591576885406465,0.5540800053321118,0.7905784606470262,0.8285946725073916,2367,2042,0
dialseg711,random,2,129,0.6404746286795289,1.1483839373163565,0.5516588784684564,0.792222272180078,0.8272845905749469,2345,2042,0
dialseg711,random,2,130,0.6461933021575825,1.134671890303624,0.5476221059185358,0.7946431303498814,0.8261916328346612,2317,2042,0
dialseg711,random,2,131,0.6524667052236273,1.1234084231145935,0.5444249965510302,0.796261407759298,0.824748603290366,2294,2042,0
dialseg711,random,2,132,0.6595361934555839,1.109696376101861,0.5393554458896518,0.7985254333883025,0.8224912709082094,2266,2042,0
dialseg711,random,2,133,0.664154008448113,1.0999020568070519,0.535781461702743,0.8005187694006259,0.8215585570236672,2246,2042,0
dialseg711,random,2,134,0.6681410353003082,1.0886385896180215,0.5337938874888097,0.8021793246213078,0.8194972218645823,2223,2042,0
dialseg711,random,2,135,0.6734239570952891,1.0759059745347699,0.5306414003080278,0.8043038195200642,0.8183161779514708,2197,2042,0
dialseg711,random,2,136,0.6797447407512129,1.0617042115572968,0.5295425547688745,0.8066334245922853,0.8170866128611464,2168,2042,0
dialseg711,random,2,137,0.6842554293228545,1.050930460333007,0.5239736042632152,0.8082790500248306,0.8155162037942533,2146,2042,0
dialseg711,random,2,138,0.6894574507944685,1.0372184133202742,0.5200312209338872,0.8105274482120475,0.8137186158662154,2118,2042,0
dialseg711,random,2,139,0.6939916306702583,1.0254652301665035,0.5151594644488271,0.8128804944469502,0.811992240194692,2094,2042,0
dialseg711,random,2,140,0.6979482312388946,1.0127326150832516,0.5142010472234767,0.814851645073164,0.8108185227461102,2068,2042,0
dialseg711,random,2,141,0.7037602248653517,0.9985308521057786,0.509352966900223,0.817110229003689,0.8084665920415073,2039,2042,0
dialseg711,random,2,142,0.7090459503842278,0.9862879529872673,0.5054139323084209,0.8187511103914057,0.8065429934881617,2014,2042,0
dialseg711,random,2,143,0.7148749937972017,0.9735553379040157,0.5018411815527464,0.8208195139366027,0.8052018883777178,1988,2042,0
dialseg711,random,2,144,0.7193249469130844,0.9603330068560235,0.499922151996586,0.8231555374224151,0.8033978253131063,1961,2042,0
dialseg711,random,2,145,0.7243318364529131,0.94564152791381,0.4969223778030979,0.8255316062278087,0.8013316542595933,1931,2042,0
dialseg711,random,2,146,0.7299614539309562,0.9324191968658179,0.49210153664308404,0.8281775274655023,0.7984185037673289,1904,2042,0
dialseg711,random,2,147,0.7343068556841456,0.9201762977473066,0.48873113081549285,0.8303147196607114,0.7957942409925183,1879,2042,0
dialseg711,random,2,148,0.7386247066573675,0.9074436826640548,0.4832528148853213,0.8324315403693041,0.7936961317776722,1853,2042,0
dialseg711,random,2,149,0.7444405230945085,0.8932419196865817,0.4801518865946502,0.8346873336852241,0.7913186103797821,1824,2042,0
dialseg711,random,2,150,0.7487494822517667,0.8770812928501469,0.47431838582444064,0.8371245169504664,0.789194419066069,1791,2042,0
dialseg711,random,2,151,0.7548387897514592,0.8623898139079333,0.4675048212049688,0.8396153180699595,0.786296190751174,1761,2042,0
dialseg711,random,2,152,0.7593668812738088,0.8442703232125367,0.4602612930133145,0.8425931829149129,0.7818305777251269,1724,2042,0
dialseg711,random,2,153,0.7652457489047878,0.8300685602350637,0.4569215174994328,0.8448058934345855,0.7796022596037004,1695,2042,0
dialseg711,random,2,154,0.7708138528147299,0.8168462291870715,0.4501760438763222,0.8471137317128878,0.7770336589461405,1668,2042,0
dialseg711,random,2,155,0.7742494040735709,0.8021547502448579,0.447137622694441,0.8497828150518025,0.7744699617998341,1638,2042,0
dialseg711,random,2,156,0.7784854011311645,0.7904015670910872,0.44122217634712574,0.851420766294184,0.7716463705866508,1614,2042,0
dialseg711,random,2,157,0.7836420879310433,0.7757100881488737,0.4357972215550824,0.8539977593511348,0.7681285843930559,1584,2042,0
dialseg711,random,2,158,0.7896225534171741,0.7585700293829579,0.42984517409410616,0.8567709326148145,0.764069293600808,1549,2042,0
dialseg711,random,2,159,0.7934688198548289,0.7438785504407444,0.425748551854024,0.8598620964127293,0.7599506505732895,1519,2042,0
dialseg711,random,2,160,0.7989536529769145,0.7306562193927522,0.4195696714880005,0.8621953292839369,0.7566090352292127,1492,2042,0
dialseg711,random,2,161,0.8028883096677057,0.7159647404505387,0.41704487262415957,0.8651784962966397,0.7534777267754358,1462,2042,0
dialseg711,random,2,162,0.8073201891040805,0.703232125367287,0.4121374342867204,0.8674628934122605,0.7509113185391962,1436,2042,0
dialseg711,random,2,163,0.8126766636053795,0.6870714985308521,0.40414577067331436,0.8700573278104924,0.7463524177847963,1403,2042,0
dialseg711,random,2,164,0.8173447971102427,0.6723800195886386,0.3995892551463348,0.8726191120178461,0.7431641424850581,1373,2042,0
dialseg711,random,2,165,0.822517508034256,0.6552399608227228,0.3902853460533961,0.8750558766908978,0.7375605088517504,1338,2042,0
dialseg711,random,2,166,0.8284686091692539,0.6385896180215475,0.38270157180295516,0.8772772059164465,0.7336047161160703,1304,2042,0
dialseg711,random,2,167,0.8345059452899055,0.623898139079334,0.37470948657347264,0.8800443793587254,0.7306442047958543,1274,2042,0
dialseg711,random,2,168,0.8408278497116726,0.6047992164544564,0.36810399734202165,0.8837550595989413,0.7246093695082059,1235,2042,0
dialseg711,random,2,169,0.8446741493135835,0.5871694417238001,0.36041529598243427,0.886847758234889,0.721044923086661,1199,2042,0
dialseg711,random,2,170,0.8497836042678001,0.5700293829578844,0.3540225560453905,0.8902617961425978,0.7154714780920405,1164,2042,0
dialseg711,random,2,171,0.8562884671715753,0.5519098922624878,0.34469743828145416,0.8937707149468752,0.7087058775064266,1127,2042,0
dialseg711,random,2,172,0.8610570095389165,0.5333006856023507,0.33305052916619066,0.8969622393936739,0.7021170173381008,1089,2042,0
dialseg711,random,2,173,0.8661225308691497,0.5166503428011753,0.32222918234335457,0.9004930645226004,0.6966943710344461,1055,2042,0
dialseg711,random,2,174,0.8725349762235491,0.5,0.3132596873723704,0.9034572553559894,0.6918853509367894,1021,2042,0
dialseg711,random,2,175,0.8779214281025033,0.4813907933398629,0.30578307272276,0.9066910195602179,0.6850803656683724,983,2042,0
dialseg711,random,2,176,0.8822927865466395,0.46278158667972574,0.29569509941810757,0.9099648925070866,0.6778526686414076,945,2042,0
dialseg711,random,2,177,0.8871326907889041,0.44613124387855047,0.2859531623244703,0.9130019183816652,0.6720864705543275,911,2042,0
dialseg711,random,2,178,0.8926709449093955,0.4289911851126347,0.2777152680106267,0.9162577284412727,0.6659919857130485,876,2042,0
dialseg711,random,2,179,0.8984982270298587,0.410871694417238,0.26782309735896237,0.9199144102888829,0.6593242098979615,839,2042,0
dialseg711,random,2,180,0.904385612318063,0.3922624877571009,0.2566517089723841,0.9233803536282439,0.6513982752033909,801,2042,0
dialseg711,random,2,181,0.909055267342825,0.37169441723800195,0.24561873507021187,0.9280348197278577,0.6450585923957054,759,2042,0
dialseg711,random,2,182,0.9147365575160747,0.35308521057786485,0.23461478355993126,0.9315547614598247,0.6378748498216674,721,2042,0
dialseg711,random,2,183,0.9194475742476838,0.331537708129285,0.21856093586051395,0.9349554044174296,0.6293071445236614,677,2042,0
dialseg711,random,2,184,0.9237187077279049,0.31243878550440746,0.20916437836269058,0.9389114050506455,0.6201409662682212,638,2042,0
dialseg711,random,2,185,0.9279747576189125,0.292360430950049,0.19509968075368922,0.9419937023048838,0.6110595813119294,597,2042,0
dialseg711,random,2,186,0.9336323140260663,0.2713026444662096,0.18407563681825287,0.9465391949041738,0.6002293195106809,554,2042,0
dialseg711,random,2,187,0.9392620520462621,0.2507345739471107,0.1727903913557922,0.9502723395919599,0.5905681365098399,512,2042,0
dialseg711,random,2,188,0.9437976227822473,0.23065621939275222,0.1574643359453486,0.9542894293158007,0.5799675070086985,471,2042,0
dialseg711,random,2,189,0.9492684242211819,0.21057786483839372,0.14232134485299042,0.9580682005523777,0.5691400476368592,430,2042,0
dialseg711,random,2,190,0.9546697845829986,0.18952007835455437,0.1293483356774496,0.962799408553628,0.5587801315721407,387,2042,0
dialseg711,random,2,191,0.9591994609485225,0.17042115572967678,0.1156586966713549,0.966473531742519,0.5476314910567218,348,2042,0
dialseg711,random,2,192,0.9639945329941407,0.1503428011753183,0.09929676511954992,0.9708465643592226,0.5355087742497368,307,2042,0
dialseg711,random,2,193,0.9674704552134819,0.1287952987267385,0.08476324425691514,0.9749016444955262,0.5228865668043613,263,2042,0
dialseg711,random,2,194,0.972916983061554,0.10822722820763957,0.07191748710736051,0.9790872229427082,0.5095729302462537,221,2042,0
dialseg711,random,2,195,0.9784429102523676,0.08667972575905974,0.05958743553680262,0.9834596974364908,0.49701843865454287,177,2042,0
dialseg711,random,2,196,0.9829932845664251,0.06562193927522038,0.04861697140178152,0.9872853509984312,0.483486449209355,134,2042,0
dialseg711,random,2,197,0.9890882808424913,0.04407443682664055,0.0313173933427098,0.9911079348843063,0.4688634240583173,90,2042,0
dialseg711,random,2,198,0.9948217681939491,0.022526934378060724,0.01819034224097515,0.9959653294041478,0.45431676498687523,46,2042,0
dialseg711,random,2,199,0.9999779517807228,0.0004897159647404506,0.0009376465072667604,0.9999062353492734,0.4380201152962975,1,2042,0
dialseg711,random,2,0,9.695068767479054e-05,2.0048971596474043,0.6792084709974658,0.6512019167346171,0.8964239626862693,4094,2042,1
dialseg711,random,2,1,0.005275515145347872,2.0004897159647403,0.6785900539314461,0.6519344530684192,0.8963398467969494,4085,2042,1
dialseg711,random,2,2,0.009627700352793749,1.9985308521057787,0.6786177024823014,0.6522802102179739,0.8961696193060468,4081,2042,1
dialseg711,random,2,3,0.014682212309178013,1.9931439764936336,0.6781779744779375,0.6532373910274754,0.8961011562277383,4070,2042,1
dialseg711,random,2,4,0.02003514045880772,1.9892262487757102,0.6773950490114679,0.6537813071832059,0.8959173477457585,4062,2042,1
dialseg711,random,2,5,0.025204003225859906,1.9867776689520078,0.6776095234130854,0.6541865044238462,0.8956686109639698,4057,2042,1
dialseg711,random,2,6,0.029640646412066353,1.9833496571988247,0.6768414213791606,0.6546904894215021,0.8952396376868951,4050,2042,1
dialseg711,random,2,7,0.03450300081253763,1.9809010773751223,0.6764002692724522,0.6551710332564763,0.8950635499053221,4045,2042,1
dialseg711,random,2,8,0.03904995092863026,1.9784524975514202,0.6763412565552116,0.6556856225896309,0.8951156202369284,4040,2042,1
dialseg711,random,2,9,0.04381955653169094,1.9755142017629774,0.6758246545537229,0.655900499914213,0.8948086526303827,4034,2042,1
dialseg711,random,2,10,0.049415347818114894,1.9701273261508325,0.6753287820646694,0.6566193622364508,0.8943407037693254,4023,2042,1
dialseg711,random,2,11,0.0548262019424285,1.9676787463271304,0.6744384343792382,0.6567951709565634,0.8941364772904857,4018,2042,1
dialseg711,random,2,12,0.05925876032727127,1.965230166503428,0.6740022558014342,0.657099906071425,0.8938839520379606,4013,2042,1
dialseg711,random,2,13,0.06518429737945343,1.9627815866797258,0.6736719164637666,0.6575637062187695,0.8937656299787102,4008,2042,1
dialseg711,random,2,14,0.06997849019725295,1.959843290891283,0.6728230839171115,0.6580032280190508,0.893296155581669,4002,2042,1
dialseg711,random,2,15,0.07454355250643303,1.9569049951028403,0.6717927732964626,0.6587592055155346,0.8931774614404713,3996,2042,1
dialseg711,random,2,16,0.07996918102947294,1.9520078354554358,0.6704983660726748,0.6593478983510629,0.8929339245038963,3986,2042,1
dialseg711,random,2,17,0.0839163358612688,1.9485798237022527,0.6698313489943765,0.6598606737847245,0.892656258350703,3979,2042,1
dialseg711,random,2,18,0.08873850394375651,1.9431929480901078,0.6693827313927497,0.660314579934833,0.8920197191593114,3968,2042,1
dialseg711,random,2,19,0.09417904425180165,1.9378060724779629,0.6690405833490694,0.6614104542902011,0.8917976048408538,3957,2042,1
dialseg711,random,2,20,0.09937931382358792,1.9324191968658178,0.6692589538206044,0.6628794338182524,0.8915858733000083,3946,2042,1
dialseg711,random,2,21,0.10392209093099883,1.9270323212536729,0.6678368723264141,0.6636563409242734,0.8911767691989211,3935,2042,1
dialseg711,random,2,22,0.10841804312605349,1.9191968658178256,0.6670993140161264,0.664921098201689,0.8906388528645913,3919,2042,1
dialseg711,random,2,23,0.11340891836610552,1.916258570029383,0.6668349607361366,0.665512987559401,0.8907694536281033,3913,2042,1
dialseg711,random,2,24,0.1194954932783451,1.9123408423114594,0.665970643815857,0.6661048769171133,0.8905679712536253,3905,2042,1
dialseg711,random,2,25,0.12450941643004633,1.909892262487757,0.6660568054087265,0.6665092369733719,0.8903165926900105,3900,2042,1
dialseg711,random,2,26,0.12921878853155092,1.9069539666993145,0.6657100703307494,0.666860854413597,0.890103994367356,3894,2042,1
dialseg711,random,2,27,0.13375488518143808,1.9030362389813908,0.6651916396657499,0.6675074398175664,0.8897594929943735,3886,2042,1
dialseg711,random,2,28,0.1390099479975239,1.8996082272282075,0.6645195902373158,0.6682653707442737,0.8893609002082983,3879,2042,1
dialseg711,random,2,29,0.1444635464967537,1.8956904995102841,0.6638250980783098,0.6686926392095169,0.8890048177847054,3871,2042,1
dialseg711,random,2,30,0.14892336105688916,1.89128305582762,0.6631602214640661,0.6694226639901746,0.8888131025613445,3862,2042,1
dialseg711,random,2,31,0.15405927429635555,1.8834476003917728,0.6623155572760099,0.6706709059029734,0.8881808592251631,3846,2042,1
dialseg711,random,2,32,0.15991151547286006,1.8795298726738492,0.6617574675614157,0.6710951300613748,0.8878799472523102,3838,2042,1
dialseg711,random,2,33,0.16499895778610435,1.8756121449559255,0.6615985069904423,0.6720537061781787,0.8880680346766845,3830,2042,1
dialseg711,random,2,34,0.1711244291089779,1.8702252693437806,0.6611159523106857,0.6729347032089649,0.8876310244295477,3819,2042,1
dialseg711,random,2,35,0.1757980880503374,1.8638589618021548,0.6602259290706662,0.6743683814622633,0.8872654370034821,3806,2042,1
dialseg711,random,2,36,0.18114086961602907,1.8594515181194906,0.6591876495291666,0.6752717034098891,0.886837914846002,3797,2042,1
dialseg711,random,2,37,0.1852887590282163,1.856513222331048,0.6590472760994885,0.6758102920286465,0.8869157560806649,3791,2042,1
dialseg711,random,2,38,0.18967254986551813,1.8530852105778648,0.6592923748455866,0.6763865539445708,0.8867000043635065,3784,2042,1
dialseg711,random,2,39,0.19388197967650883,1.8462291870714986,0.6591049470210281,0.6772982477360114,0.8861679271788274,3770,2042,1
dialseg711,random,2,40,0.1989306589608224,1.8428011753183153,0.6593464931574677,0.6781312461955922,0.8861433697703038,3763,2042,1
dialseg711,random,2,41,0.20305583909014044,1.8393731635651323,0.6590271933663182,0.6786000694492256,0.8858305883833308,3756,2042,1
dialseg711,random,2,42,0.20771177962390794,1.8344760039177277,0.6581040043319354,0.6794816246029326,0.8854187401778824,3746,2042,1
dialseg711,random,2,43,0.2137197535067341,1.8300685602350637,0.6579359031311892,0.6802155562440372,0.8853705555657033,3737,2042,1
dialseg711,random,2,44,0.21781806804607845,1.8251714005876591,0.657197667349649,0.6806734961007113,0.8848803748082933,3727,2042,1
dialseg711,random,2,45,0.22229086712304078,1.8188050930460333,0.6566271174120104,0.6816387696925672,0.8846542420048046,3714,2042,1
dialseg711,random,2,46,0.22759668218260617,1.8148873653281097,0.6560604547233637,0.6821779164342455,0.8843156474327362,3706,2042,1
dialseg711,random,2,47,0.23170243993477072,1.8099902056807051,0.6557592626722272,0.6828447464787126,0.8839847503059528,3696,2042,1
dialseg711,random,2,48,0.23581596027151808,1.8050930460333008,0.6548861875153412,0.6836568153287562,0.8837844864998521,3686,2042,1
dialseg711,random,2,49,0.24040623632698102,1.8006856023506366,0.6546815303930735,0.6842047525064402,0.8833464530273603,3677,2042,1
dialseg711,random,2,50,0.24493709412104006,1.7952987267384917,0.6539787171287001,0.6847995720094876,0.8827196809870861,3666,2042,1
dialseg711,random,2,51,0.2503182324164523,1.7884427032321253,0.6526809134135537,0.6854383436925631,0.8818900075870891,3652,2042,1
dialseg711,random,2,52,0.25423895093691745,1.7845249755142019,0.6524952487107697,0.6861747868868121,0.88172731475562,3644,2042,1
dialseg711,random,2,53,0.25920543437397575,1.7781586679725758,0.6512707773193565,0.6867471419422896,0.8809463705604705,3631,2042,1
dialseg711,random,2,54,0.264650683125266,1.7722820763956906,0.6507919890346611,0.6875455367807689,0.8808213789323142,3619,2042,1
dialseg711,random,2,55,0.2701880909778222,1.7668952007835454,0.6506893255441908,0.68857569216219,0.8804104609317337,3608,2042,1
dialseg711,random,2,56,0.27562338932490005,1.7600391772771793,0.6498649809745,0.6895309195414681,0.8799358145956249,3594,2042,1
dialseg711,random,2,57,0.2805388608588472,1.7561214495592556,0.6488918392318057,0.6906326541875065,0.8796340933445365,3586,2042,1
dialseg711,random,2,58,0.28512421047333747,1.7507345739471107,0.6479211421411307,0.6914268631040783,0.8793156842181103,3575,2042,1
dialseg711,random,2,59,0.2894700318270094,1.7458374142997062,0.6470878459269773,0.6922877930789324,0.8789789128475837,3565,2042,1
dialseg711,random,2,60,0.2944457975080925,1.7394711067580804,0.6460755584390069,0.693084792610109,0.8785057641413128,3552,2042,1
dialseg711,random,2,61,0.2989429880653475,1.7321253672869736,0.6449680244341945,0.6942191774470255,0.8778329469600566,3537,2042,1
dialseg711,random,2,62,0.3046043910413997,1.723800195886386,0.6442302327681327,0.695957172222995,0.8774440748148553,3520,2042,1
dialseg711,random,2,63,0.30998178630981094,1.7179236043095005,0.6446227852481824,0.6970169081192288,0.8773253975864735,3508,2042,1
dialseg711,random,2,64,0.31445850455754054,1.7100881488736532,0.6434864530652221,0.6983709396947794,0.8767432195675867,3492,2042,1
dialseg711,random,2,65,0.31996431720269103,1.703232125367287,0.6421590541006923,0.6998641975698938,0.8766369343593323,3478,2042,1
dialseg711,random,2,66,0.32538593442806363,1.6953966699314398,0.6415385012117171,0.7010421159946476,0.8764291079876523,3462,2042,1
dialseg711,random,2,67,0.3303213049744625,1.6909892262487758,0.6413498556644218,0.7017746523284498,0.8762925911211776,3453,2042,1
dialseg711,random,2,68,0.3366226081463138,1.6831537708129285,0.6399978620801965,0.7027416002890686,0.8755656081104393,3437,2042,1
dialseg711,random,2,69,0.3435747676599546,1.677277179236043,0.6393465850636318,0.7037691045866151,0.8753494936133825,3425,2042,1
dialseg711,random,2,70,0.34863488180431906,1.6714005876591578,0.6379579805770926,0.7045585948275822,0.8747894730744591,3413,2042,1
dialseg711,random,2,71,0.3527200407775087,1.6640548481880508,0.637254961525516,0.7057599544150177,0.8737613548416996,3398,2042,1
dialseg711,random,2,72,0.35857773802619053,1.6547502448579823,0.6363378995554362,0.7074837170565019,0.8733712083158284,3379,2042,1
dialseg711,random,2,73,0.3634756151359511,1.6478942213516161,0.6349091048776965,0.7089868816134638,0.8730178606945483,3365,2042,1
dialseg711,random,2,74,0.3693124761965726,1.6385896180215476,0.6343153635666555,0.7103699102116824,0.872176136913303,3346,2042,1
dialseg711,random,2,75,0.37482904063596784,1.6297747306562194,0.6335088263684374,0.7114830863776012,0.871186234154262,3328,2042,1
dialseg711,random,2,76,0.3798663180347621,1.6219392752203723,0.6325509013517859,0.7131122471839771,0.8709432274344622,3312,2042,1
dialseg711,random,2,77,0.385030589027177,1.6155729676787463,0.6327094940297449,0.7141557975155022,0.8705166680390208,3299,2042,1
dialseg711,random,2,78,0.3906027545349859,1.6077375122428992,0.6310980100572262,0.7154952925258832,0.8696412817140665,3283,2042,1
dialseg711,random,2,79,0.39668364336590123,1.598922624877571,0.6285027657117818,0.7168959019961129,0.8690100446904244,3265,2042,1
dialseg711,random,2,80,0.4019325499681356,1.5915768854064642,0.6278801355310792,0.7181441439089119,0.8685530079781135,3250,2042,1
dialseg711,random,2,81,0.40666867677017315,1.583741429970617,0.626802130769909,0.7194676055699263,0.8683178388987612,3234,2042,1
dialseg711,random,2,82,0.41323191411647037,1.5763956904995102,0.6252780184037493,0.7210624418166612,0.8681785885588377,3219,2042,1
dialseg711,random,2,83,0.41744818351019786,1.5690499510284035,0.6235958527894395,0.7225222123165161,0.8675179012490646,3204,2042,1
dialseg711,random,2,84,0.4211147856333831,1.5607247796278159,0.622060085756161,0.7239416584353292,0.8668705065668598,3187,2042,1
dialseg711,random,2,85,0.4263946080118944,1.5519098922624877,0.6213451116012579,0.725028881885422,0.8658779686703135,3169,2042,1
dialseg711,random,2,86,0.43111040546406587,1.5450538687561215,0.619055653364784,0.7260443865401671,0.8653022864411501,3155,2042,1
dialseg711,random,2,87,0.43706691523759683,1.539177277179236,0.6178173720703253,0.7268384559260086,0.8648232402360141,3143,2042,1
dialseg711,random,2,88,0.4419052851411368,1.5313418217433887,0.6159546464822402,0.727987910081792,0.863702641035246,3127,2042,1
dialseg711,random,2,89,0.4467338620776426,1.523996082272282,0.6151360632567592,0.7290959236106915,0.8629354469593319,3112,2042,1
dialseg711,random,2,90,0.452083536979705,1.5181194906953968,0.6142225156884381,0.7300433372690757,0.8624714886771598,3100,2042,1
dialseg711,random,2,91,0.4578822913219534,1.5127326150832516,0.6134625552238363,0.7308944747235887,0.8621420845291903,3089,2042,1
dialseg711,random,2,92,0.4638247171621891,1.5029382957884427,0.6114458832172229,0.7326041574459295,0.8616398762228329,3069,2042,1
dialseg711,random,2,93,0.467840151503668,1.4931439764936336,0.6099327466925312,0.7345383324286278,0.860661633883831,3049,2042,1
dialseg711,random,2,94,0.47400466290592946,1.4867776689520078,0.608144490887743,0.7359849870398394,0.8603767679449567,3036,2042,1
dialseg711,random,2,95,0.47897636703937324,1.4789422135161607,0.6064679285659899,0.7381005519718599,0.8601462631785869,3020,2042,1
dialseg711,random,2,96,0.4839076808218319,1.4715964740450538,0.6057246143662816,0.7395109285932069,0.8599065679881182,3005,2042,1
dialseg711,random,2,97,0.4893353230621758,1.4622918707149852,0.6041368696785119,0.7410053027141634,0.859070964954906,2986,2042,1
dialseg711,random,2,98,0.49369744376869795,1.4544564152791382,0.6027889684227062,0.7422200572517029,0.8584181006680757,2970,2042,1
dialseg711,random,2,99,0.49775863532113906,1.4471106758080314,0.6017332348553137,0.7436021091348096,0.857788314764028,2955,2042,1
dialseg711,random,2,100,0.5030739562771094,1.436826640548482,0.6005147643941161,0.7453038259209145,0.8573709406863165,2934,2042,1
dialseg711,random,2,101,0.5085133708386156,1.4270323212536729,0.6004816617814318,0.747528503883989,0.8570237603233133,2914,2042,1
dialseg711,random,2,102,0.5128939250227224,1.4177277179236043,0.599492154854451,0.7492680334979913,0.8567626704208733,2895,2042,1
dialseg711,random,2,103,0.5180434951616646,1.408912830558276,0.5988810132405791,0.7508123596203765,0.8559996738642258,2877,2042,1
dialseg711,random,2,104,0.5238437970652553,1.4040156709108718,0.5984090467466199,0.7516445208955757,0.8554738709113835,2867,2042,1
dialseg711,random,2,105,0.5283585246143934,1.3947110675808032,0.597088076912502,0.7533346566310701,0.8546557477565113,2848,2042,1
dialseg711,random,2,106,0.5338522608577784,1.386875612144956,0.5964841879119885,0.754991863114226,0.8539044108764824,2832,2042,1
dialseg711,random,2,107,0.5383372012748378,1.3775710088148874,0.5934620985409291,0.7569489211366849,0.8530342414303635,2813,2042,1
dialseg711,random,2,108,0.542541818419457,1.3677766895200782,0.5900040166762948,0.7582764165042646,0.8513919089230522,2793,2042,1
dialseg711,random,2,109,0.5464860477512181,1.3594515181194906,0.5891782991839106,0.7598500440800019,0.8510318266185254,2776,2042,1
dialseg711,random,2,110,0.5511493566527583,1.3486777668952008,0.5880302216423177,0.7616187356166259,0.8505223441100976,2754,2042,1
dialseg711,random,2,111,0.5562143636401391,1.3383937316356513,0.5862377581099683,0.7634864939717261,0.8497221632782715,2733,2042,1
dialseg711,random,2,112,0.5593585724430368,1.3276199804113613,0.5847951789113833,0.765670289430838,0.8488787279200681,2711,2042,1
dialseg711,random,2,113,0.56337328424941,1.3183153770812928,0.5834700084799962,0.7673516347303267,0.8480029772447394,2692,2042,1
dialseg711,random,2,114,0.5680307019964006,1.3090107737512242,0.5806148486007607,0.7691888485401145,0.8470915067024671,2673,2042,1
dialseg711,random,2,115,0.5732511559417838,1.2982370225269344,0.5801305471360673,0.7712915766449522,0.8464127497403066,2651,2042,1
dialseg711,random,2,116,0.5773918390058582,1.2859941234084231,0.5761022188461355,0.7729860378330843,0.8451081881509347,2626,2042,1
dialseg711,random,2,117,0.5816922604788068,1.2786483839373164,0.5749451419062471,0.7742849294009632,0.8446762263793106,2611,2042,1
dialseg711,random,2,118,0.5865487902115347,1.268364348677767,0.5721616784377501,0.7761845007625598,0.8434958057034608,2590,2042,1
dialseg711,random,2,119,0.5909028470137355,1.2600391772771793,0.5717533614894794,0.7776537593520716,0.8425839072669492,2573,2042,1
dialseg711,random,2,120,0.5966233481258367,1.2502448579823702,0.5708522570319224,0.779168923551835,0.8414431319225875,2553,2042,1
dialseg711,random,2,121,0.6016347589565286,1.2419196865817825,0.5701169771304657,0.780325633305591,0.8404140141424148,2536,2042,1
dialseg711,random,2,122,0.6065321150493358,1.2306562193927522,0.5662367036299392,0.781800219432076,0.8388583429031992,2513,2042,1
dialseg711,random,2,123,0.6128514760926179,1.2179236043095005,0.5626093523356729,0.783884694380475,0.8377208418799739,2487,2042,1
dialseg711,random,2,124,0.6176407333925644,1.203232125367287,0.5599058429209514,0.7863024828742129,0.8361931821016108,2457,2042,1
dialseg711,random,2,125,0.621696830877778,1.1914789422135161,0.559672312540852,0.7887498089502308,0.8349533120326269,2433,2042,1
dialseg711,random,2,126,0.6269344930130293,1.1787463271302645,0.5568571405273678,0.7912393162393162,0.8327954273697192,2407,2042,1
dialseg711,random,2,127,0.6320270824271049,1.169441723800196,0.554399674567792,0.7926792733754758,0.8315637070662689,2388,2042,1
dialseg711,random,2,128,0.6388017039404753,1.1562193927522038,0.5531222840453232,0.795155106652997,0.8305503232786233,2361,2042,1
dialseg711,random,2,129,0.644375623521781,1.1454456415279137,0.5496701893174776,0.7965770643249547,0.829294871562553,2339,2042,1
dialseg711,random,2,130,0.650173105573769,1.133692458374143,0.5461724994185649,0.7985971902374854,0.828292183802029,2315,2042,1
dialseg711,random,2,131,0.6549172216146357,1.118511263467189,0.5429572517630096,0.8012902728620028,0.8260851205365972,2284,2042,1
dialseg711,random,2,132,0.6605883664391636,1.1077375122428992,0.5391935057829633,0.8028572029626881,0.8239871382329188,2262,2042,1
dialseg711,random,2,133,0.6652193309408245,1.0930460333006855,0.5357660005089766,0.8050246733263612,0.8224425558813745,2232,2042,1
dialseg711,random,2,134,0.6703339582360652,1.0808031341821744,0.5325085324959862,0.8073048845200743,0.821597989966485,2207,2042,1
dialseg711,random,2,135,0.674190715354412,1.064152791380999,0.5284550005499382,0.8101203355950193,0.820101783341938,2173,2042,1
dialseg711,random,2,136,0.6797424090675283,1.0548481880509304,0.5258949892036275,0.8118283312639853,0.8187271074630428,2154,2042,1
dialseg711,random,2,137,0.6838845337886649,1.0440744368266406,0.5220776254086017,0.8138677124172904,0.8178368904107302,2132,2042,1
dialseg711,random,2,138,0.6874883443495264,1.0323212536728696,0.5189979508844,0.8164283803788024,0.8161196226157548,2108,2042,1
dialseg711,random,2,139,0.6924177373170767,1.019588638589618,0.5157561700054883,0.8185205041481413,0.8140920736683748,2082,2042,1
dialseg711,random,2,140,0.6971886017456167,1.0063663075416258,0.508259922561363,0.8207415543122294,0.8111642369325209,2055,2042,1
dialseg711,random,2,141,0.7023261146134187,0.9965719882468168,0.5052152635350708,0.8224985252675127,0.8092765922934698,2035,2042,1
dialseg711,random,2,142,0.7074829089152235,0.980411361410382,0.499990127116351,0.8253134182195363,0.8064778112053076,2002,2042,1
dialseg711,random,2,143,0.7124217422713328,0.9681684622918707,0.4978246101829017,0.8281425433060455,0.8048647547821247,1977,2042,1
dialseg711,random,2,144,0.7186297043467773,0.9549461312438785,0.4936386882754607,0.8311929641307279,0.8020283461914965,1950,2042,1
dialseg711,random,2,145,0.7237935789369764,0.9397649363369246,0.4909646385772049,0.8342947322641416,0.8004613044662272,1919,2042,1
dialseg711,random,2,146,0.7288808013362226,0.9270323212536729,0.48631166627717376,0.8363447177529456,0.7981862280033869,1893,2042,1
dialseg711,random,2,147,0.7332208491604524,0.915279138099902,0.48150739789633556,0.8386048365215032,0.7955945075266453,1869,2042,1
dialseg711,random,2,148,0.7382248609159112,0.8996082272282077,0.47521846882259633,0.8409322091020404,0.7924977152086857,1837,2042,1
dialseg711,random,2,149,0.743681964751811,0.8873653281096964,0.4716920512232078,0.8429607068583862,0.7907165199251296,1812,2042,1
dialseg711,random,2,150,0.7487779100384113,0.8731635651322233,0.4670145443534426,0.8452781727570757,0.7872403090104516,1783,2042,1
dialseg711,random,2,151,0.7532981690405224,0.8589618021547503,0.46207515650266234,0.8477725636217197,0.7846288869897469,1754,2042,1
dialseg711,random,2,152,0.7581730929625928,0.8481880509304603,0.45827099067318006,0.8501893754003459,0.7830249669347016,1732,2042,1
dialseg711,random,2,153,0.764154141356048,0.8334965719882468,0.45271634840967706,0.8532151500242217,0.7806727903120722,1702,2042,1
dialseg711,random,2,154,0.7680771077648137,0.8197845249755142,0.44746887670650914,0.8554960588715863,0.7774449365821294,1674,2042,1
dialseg711,random,2,155,0.7732230937261833,0.8050930460333007,0.4431824926732897,0.8582100711056407,0.7754016045950561,1644,2042,1
dialseg711,random,2,156,0.7795477524813623,0.7899118511263468,0.43900727105021714,0.8610717068522976,0.7723842589206202,1613,2042,1
dialseg711,random,2,157,0.7842488307626007,0.7776689520078355,0.4373927427708567,0.8633710337560547,0.7701099136615599,1588,2042,1
dialseg711,random,2,158,0.7889221034119397,0.7585700293829579,0.4328873119065279,0.8668807897447137,0.7659564192009173,1549,2042,1
dialseg711,random,2,159,0.793938029097038,0.7409402546523016,0.4287880355586852,0.8697770291124722,0.7629096202557359,1513,2042,1
dialseg711,random,2,160,0.7989926945987509,0.7257590597453477,0.4216831307744555,0.8720026457368228,0.7584972780958137,1482,2042,1
dialseg711,random,2,161,0.8036748140637936,0.7081292850146915,0.41575851946127973,0.8750724613330099,0.7549695216672133,1446,2042,1
dialseg711,random,2,162,0.8082782597011057,0.6939275220372184,0.4095267539246064,0.8774923427877014,0.750430436162938,1417,2042,1
dialseg711,random,2,163,0.8125301408066262,0.6787463271302644,0.4033994558664387,0.88029872436518,0.7465797812310593,1386,2042,1
dialseg711,random,2,164,0.8177743043237615,0.6640548481880509,0.4000147634744179,0.8832776166636926,0.7433319860898044,1356,2042,1
dialseg711,random,2,165,0.8234937966733445,0.6488736532810969,0.39226644145456435,0.8856725221176699,0.7390693747962486,1325,2042,1
dialseg711,random,2,166,0.8292768146703005,0.6327130264446621,0.3839236200315742,0.8884958630211794,0.7335002463807768,1292,2042,1
dialseg711,random,2,167,0.8356552980667173,0.6165523996082273,0.37808184590982985,0.8906362644231842,0.7295546167359457,1259,2042,1
dialseg711,random,2,168,0.8401671310595872,0.5999020568070519,0.3689103484560109,0.8935870603064696,0.7251388587994629,1225,2042,1
dialseg711,random,2,169,0.844363941307764,0.5827619980411362,0.36232449798830385,0.8970806307304197,0.7213207437616492,1190,2042,1
dialseg711,random,2,170,0.8493432548272859,0.5666013712047012,0.35737529892407033,0.8998767124030836,0.7168999359759659,1157,2042,1
dialseg711,random,2,171,0.8548286527050767,0.548971596474045,0.3506845213472168,0.9037228769823705,0.7123747683530486,1121,2042,1
dialseg711,random,2,172,0.8600034598435806,0.5318315377081293,0.3422791901570755,0.9065818616451529,0.7069902592589755,1086,2042,1
dialseg711,random,2,173,0.8644403862967155,0.5146914789422136,0.33817363795025746,0.9096574106858917,0.7030578940179729,1051,2042,1
dialseg711,random,2,174,0.8701558141861576,0.49853085210577863,0.32766529959381785,0.9126508268649618,0.6964931954982814,1018,2042,1
dialseg711,random,2,175,0.8753857013608033,0.48188050930460335,0.31664703387215176,0.9144001236300815,0.6907562471004217,984,2042,1
dialseg711,random,2,176,0.8797848486522843,0.46376101860920665,0.30721475650738495,0.9177764882406232,0.6841567493255964,947,2042,1
dialseg711,random,2,177,0.8837934158667519,0.44515181194906955,0.29722882120499394,0.921552329331865,0.6778693368690396,909,2042,1
dialseg711,random,2,178,0.8893565443244417,0.42703232125367285,0.2842267896375615,0.9243010847177514,0.6705450831247142,872,2042,1
dialseg711,random,2,179,0.8948573366797465,0.40744368266405484,0.27289466184973754,0.927392667107857,0.6621019357968145,832,2042,1
dialseg711,random,2,180,0.9007787986650123,0.3878550440744368,0.26474383471156865,0.9307483811703221,0.654264455781119,792,2042,1
dialseg711,random,2,181,0.9053933927281006,0.3692458374142997,0.25541425196426437,0.9343671106593049,0.6466732093356827,754,2042,1
dialseg711,random,2,182,0.9110232128059009,0.35063663075416257,0.2479398698063379,0.937726312990026,0.6402611212400874,716,2042,1
dialseg711,random,2,183,0.9164482720609838,0.3305582761998041,0.2330446852909002,0.9416012589535797,0.6300523965376917,675,2042,1
dialseg711,random,2,184,0.9218124935856827,0.31145935357492655,0.22082849079622469,0.9442861092650123,0.6200607633755306,636,2042,1
dialseg711,random,2,185,0.9274925718183225,0.29040156709108716,0.2077483220198534,0.9478380035342061,0.6099037921667607,593,2042,1
dialseg711,random,2,186,0.9327685753729615,0.27081292850146915,0.1929335072050386,0.9504198157679171,0.6009361494753586,553,2042,1
dialseg711,random,2,187,0.9372029304875049,0.24926542605288932,0.18202620945236977,0.9541811456632131,0.5905426049811275,509,2042,1
dialseg711,random,2,188,0.941927533536227,0.23065621939275222,0.17016498113544526,0.957749923150767,0.5807000835647044,471,2042,1
dialseg711,random,2,189,0.9482990236741329,0.21057786483839372,0.15547518585493267,0.9616747830619139,0.5699197919587485,430,2042,1
dialseg711,random,2,190,0.95206411701052,0.19196865817825662,0.14623267028330317,0.9656098287163689,0.5602091032628899,392,2042,1
dialseg711,random,2,191,0.95865832245528,0.17238001958863858,0.13127051101734646,0.9684932312569442,0.5494633210592723,352,2042,1
dialseg711,random,2,192,0.9644017915255391,0.15181194906953965,0.11673699015471167,0.9724394393698191,0.5371195415526973,310,2042,1
dialseg711,random,2,193,0.9707054499527533,0.1307541625857003,0.09920300046882326,0.9756027405552723,0.5232791254252165,267,2042,1
dialseg711,random,2,194,0.9755303258644875,0.10969637610186092,0.08448195030473511,0.9795762966912755,0.5108986944421712,224,2042,1
dialseg711,random,2,195,0.9802824458246594,0.08765915768854064,0.06736990154711672,0.9833807415822183,0.4964574729120078,179,2042,1
dialseg711,random,2,196,0.9843810114338662,0.06611165523996082,0.052273792780121904,0.9873117408454961,0.48236141650369124,135,2042,1
dialseg711,random,2,197,0.9893074835884871,0.04407443682664055,0.03614627285513361,0.9917795470274373,0.4665989394374755,90,2042,1
dialseg711,random,2,198,0.9946454290063917,0.022526934378060724,0.018049695264885136,0.995635757819302,0.4528838036305316,46,2042,1
dialseg711,random,2,199,0.9998757875742624,0.0004897159647404506,0.0007032348804500703,0.9999120956399438,0.4380614163924509,1,2042,1
dialseg711,random,2,0,0.00010952037034372974,2.004407443682664,0.6832721563543471,0.6500755232031604,0.8919439438250972,4093,2042,2
dialseg711,random,2,1,0.005048829404940319,2.0014691478942215,0.6824008436908958,0.6503099348299771,0.8915356769083915,4087,2042,2
dialseg711,random,2,2,0.008826229237980581,1.999020568070519,0.6823904766141285,0.6509076844783596,0.891606837580818,4082,2042,2
dialseg711,random,2,3,0.014583882140779887,1.9941234084231145,0.6819636647949117,0.6515987801852781,0.8915448859365879,4072,2042,2
dialseg711,random,2,4,0.019935111644474923,1.9906953966699314,0.6822463945531602,0.65238740787264,0.8914290754304819,4065,2042,2
dialseg711,random,2,5,0.025605111769487918,1.9867776689520078,0.682515838304727,0.653018644896282,0.8913321480832029,4057,2042,2
dialseg711,random,2,6,0.030921201284140776,1.9809010773751223,0.6822569707462814,0.6541714477895912,0.8913313362680451,4045,2042,2
dialseg711,random,2,7,0.03576074893585921,1.9789422135161607,0.6826011646646938,0.6547072457937436,0.8913182203794018,4041,2042,2
dialseg711,random,2,8,0.04111341415763543,1.9745347698334965,0.6821281499741043,0.6556390320103399,0.8912470597069754,4032,2042,2
dialseg711,random,2,9,0.0438711692727083,1.9720861900097943,0.6821909731389175,0.6562221309320465,0.8912807500360245,4027,2042,2
dialseg711,random,2,10,0.048875863062195324,1.9701273261508325,0.6826928241371696,0.6565854689536125,0.8911468005349862,4023,2042,2
dialseg711,random,2,11,0.05421734313844912,1.9671890303623898,0.6826715619858299,0.6571246156952908,0.8911464284530388,4017,2042,2
dialseg711,random,2,12,0.059677482732518425,1.9622918707149852,0.6826207889497212,0.6581172373102753,0.8910832675424799,4007,2042,2
dialseg711,random,2,13,0.0632309882134638,1.9583741429970618,0.6822151228718945,0.658629036028825,0.8907104414312573,3999,2042,2
dialseg711,random,2,14,0.06812043463443655,1.9534769833496572,0.6812265273004604,0.6595784031174327,0.8904272870693406,3989,2042,2
dialseg711,random,2,15,0.07383640656944111,1.949069539666993,0.681143629208392,0.6602406159631897,0.8902641291354372,3980,2042,2
dialseg711,random,2,16,0.07848765770282748,1.94564152791381,0.6806248902508345,0.6607049742334552,0.8901344585767933,3973,2042,2
dialseg711,random,2,17,0.08350567376712764,1.9422135161606269,0.6797567594571639,0.661291003300497,0.8899143721049487,3966,2042,2
dialseg711,random,2,18,0.08765778379440689,1.9392752203721841,0.6794167338006825,0.6618477309141866,0.8899113024288834,3960,2042,2
dialseg711,random,2,19,0.09269643662534548,1.9348677766895201,0.6791642592866046,0.6624630614345804,0.8895585687428164,3951,2042,2
dialseg711,random,2,20,0.09647589888448703,1.930460333006856,0.6783920678715738,0.6629737439072882,0.8890305844595578,3942,2042,2
dialseg711,random,2,21,0.10012147129653837,1.9275220372184134,0.6781161661632937,0.6633853595615199,0.888880449393811,3936,2042,2
dialseg711,random,2,22,0.10520654372774224,1.9226248775710089,0.6768908092417341,0.6641706385113558,0.8885124975560982,3926,2042,2
dialseg711,random,2,23,0.10890690544796866,1.9191968658178256,0.6757785426763709,0.6645046750795696,0.8881331972189921,3919,2042,2
dialseg711,random,2,24,0.1130954249056351,1.9147894221351616,0.6749504475022843,0.6649919163895958,0.8876653041702269,3910,2042,2
dialseg711,random,2,25,0.11948445113121559,1.908912830558276,0.6739553433948758,0.6659471437688738,0.887115925174997,3898,2042,2
dialseg711,random,2,26,0.1233043033876414,1.9035259549461312,0.6739210043532083,0.6671836651003318,0.8869886731490108,3887,2042,2
dialseg711,random,2,27,0.12915415648185047,1.9005876591576885,0.6738787742565049,0.6678077860567312,0.8869925800094576,3881,2042,2
dialseg711,random,2,28,0.13443163505875408,1.8952007835455436,0.6741979885219772,0.668978867475703,0.8870251371798489,3870,2042,2
dialseg711,random,2,29,0.1393355966205471,1.8917727717923605,0.6736946631241371,0.6693572748161356,0.8866456135935743,3863,2042,2
dialseg711,random,2,30,0.14506610588724128,1.8863858961802156,0.673435841579506,0.6703593845207769,0.8863502743935235,3852,2042,2
dialseg711,random,2,31,0.14919712078495437,1.8829578844270323,0.6740347261668427,0.6709763894099338,0.886207580966723,3845,2042,2
dialseg711,random,2,32,0.15575525718404903,1.8756121449559255,0.6733447161497174,0.6722695602178724,0.8858841487340081,3830,2042,2
dialseg711,random,2,33,0.1609714271531774,1.8731635651322234,0.673410153038318,0.6726153173674271,0.8857736403956515,3825,2042,2
dialseg711,random,2,34,0.164997498288857,1.8667972575905976,0.6721751458018215,0.673770771344611,0.8854733888682552,3812,2042,2
dialseg711,random,2,35,0.16997672800392624,1.8599412340842312,0.6718223741505748,0.674828972402812,0.8849558786918141,3798,2042,2
dialseg711,random,2,36,0.17453764061523877,1.856513222331048,0.6713118281847115,0.6752509133310821,0.8845702157534084,3791,2042,2
dialseg711,random,2,37,0.1805742483882237,1.8521057786483839,0.6713632925821674,0.6762706039077346,0.8846600735436883,3782,2042,2
dialseg711,random,2,38,0.18522013983007746,1.8496571988246817,0.6712929925118674,0.676566282209742,0.8845898684453536,3777,2042,2
dialseg711,random,2,39,0.18920361466813393,1.8437806072477962,0.6715736610725062,0.6777775611636371,0.8845641203745986,3765,2042,2
dialseg711,random,2,40,0.1955777840255741,1.8408423114593535,0.6708274797878603,0.6782639652892817,0.8845659435761406,3759,2042,2
dialseg711,random,2,41,0.2008238622617549,1.8364348677766895,0.6706759270302018,0.6790442211328287,0.8842987887379589,3750,2042,2
dialseg711,random,2,42,0.20555620667540947,1.830558276199804,0.6707438091035443,0.6805388996844693,0.8844123667523809,3738,2042,2
dialseg711,random,2,43,0.20931460575511626,1.8266405484818804,0.6702100726826216,0.6811165569076961,0.8840606562916691,3730,2042,2
dialseg711,random,2,44,0.21470032685428336,1.8237022526934379,0.6693847073747543,0.6814623140572508,0.8835189979968461,3724,2042,2
dialseg711,random,2,45,0.21901755071972415,1.8188050930460333,0.6680967314032341,0.6822593135884275,0.883117614596166,3714,2042,2
dialseg711,random,2,46,0.2241070091608221,1.8129285014691479,0.6672302662129848,0.6831735189330126,0.8826639722859837,3702,2042,2
dialseg711,random,2,47,0.22951669329280275,1.8080313418217433,0.6655724350614827,0.6840793524337828,0.8820667342502787,3692,2042,2
dialseg711,random,2,48,0.2352179729580275,1.8026444662095984,0.6641987180981588,0.6850238359468317,0.8820383536997461,3681,2042,2
dialseg711,random,2,49,0.2407509146822102,1.7972575905974535,0.664004966660792,0.6856508870485664,0.8814047167475437,3670,2042,2
dialseg711,random,2,50,0.2455681815885498,1.7899118511263468,0.6626030967878375,0.6866036028747,0.8809150569048599,3655,2042,2
dialseg711,random,2,51,0.24988607395203083,1.7830558276199804,0.6627768252316082,0.6881281156333899,0.8810415647669517,3641,2042,2
dialseg711,random,2,52,0.25367784292808376,1.7766895200783546,0.6625968432349288,0.6890677155708801,0.8804963902977266,3628,2042,2
dialseg711,random,2,53,0.25747980128551906,1.7732615083251715,0.6623494642433139,0.6893753808310771,0.8801662605899597,3621,2042,2
dialseg711,random,2,54,0.26263395186246397,1.768364348677767,0.6613932248682426,0.6901020568742088,0.8799557087180153,3611,2042,2
dialseg711,random,2,55,0.2670800707236084,1.763956904995103,0.6625952121380858,0.6909597649576552,0.8797891090260992,3602,2042,2
dialseg711,random,2,56,0.27243494534577445,1.7571008814887366,0.6612916374050269,0.6919091320462629,0.8789342321480156,3588,2042,2
dialseg711,random,2,57,0.27742792070153655,1.7502448579823702,0.6607158397851672,0.6931280725057096,0.8788124218205091,3574,2042,2
dialseg711,random,2,58,0.28117316546992766,1.744368266405485,0.659836136584789,0.6940431150346762,0.8781823847611472,3562,2042,2
dialseg711,random,2,59,0.2858020450692992,1.737022526934378,0.6588811499997053,0.6949947146149679,0.877577658576252,3547,2042,2
dialseg711,random,2,60,0.29134666374933066,1.7296767874632712,0.658697546251811,0.6962923504062745,0.8772010186250693,3532,2042,2
dialseg711,random,2,61,0.2956456508405288,1.722820763956905,0.6576914565636662,0.6975687775265834,0.8768400526259176,3518,2042,2
dialseg711,random,2,62,0.3006852633306369,1.7159647404505387,0.6569737079438597,0.6988521811834049,0.8758551517113402,3504,2042,2
dialseg711,random,2,63,0.30653461260117126,1.7100881488736532,0.6566156428178621,0.6998576396255721,0.875477404816364,3492,2042,2
dialseg711,random,2,64,0.31247066260835193,1.7056807051909892,0.6561039425915924,0.700718265169742,0.8753753799464068,3483,2042,2
dialseg711,random,2,65,0.31698492664962974,1.6998041136141038,0.6549937443085291,0.7017965586530988,0.8750753888763735,3471,2042,2
dialseg711,random,2,66,0.32211374485370636,1.692458374142997,0.6541898662689576,0.7033593028318766,0.8747621423869667,3456,2042,2
dialseg711,random,2,67,0.32680961643420897,1.6860920666013712,0.6533911475997997,0.7046720079420501,0.8742216003379857,3443,2042,2
dialseg711,random,2,68,0.33215529655150194,1.6797257590597454,0.6525177202583967,0.7057536501629328,0.8738282539073678,3430,2042,2
dialseg711,random,2,69,0.33808201993723835,1.6748285994123409,0.6533525012397466,0.7067105519109738,0.8736909556688037,3420,2042,2
dialseg711,random,2,70,0.3441077343208939,1.669441723800196,0.6534197804209498,0.7075093653416438,0.8732346622747467,3409,2042,2
dialseg711,random,2,71,0.347779980842484,1.6601371204701274,0.6526616313646784,0.7088248610664222,0.8726651485723216,3390,2042,2
dialseg711,random,2,72,0.35181062846498645,1.6513222331047992,0.6518081243326816,0.7099360838021175,0.8720661431473669,3372,2042,2
dialseg711,random,2,73,0.3567491091133938,1.6459353574926543,0.6513003019061384,0.711108141936201,0.8716278771236577,3361,2042,2
dialseg711,random,2,74,0.3613384481502523,1.637120470127326,0.6503249646402123,0.7123415935915935,0.8709657609225623,3343,2042,2
dialseg711,random,2,75,0.36791495688448983,1.6278158667972575,0.6478090940030892,0.7139788471803239,0.8704348557960172,3324,2042,2
dialseg711,random,2,76,0.3729127470082851,1.6180215475024486,0.6472192776666521,0.7156070312715882,0.8698169207019921,3304,2042,2
dialseg711,random,2,77,0.37694567226674214,1.6111655239960823,0.6447062023687666,0.7163420791585348,0.8691336945282597,3290,2042,2
dialseg711,random,2,78,0.3806294787046639,1.6038197845249755,0.6437599009384741,0.7173956757026377,0.868477100119907,3275,2042,2
dialseg711,random,2,79,0.38569852267981264,1.5999020568070519,0.6428483713793762,0.7185325720926987,0.8684393245002046,3267,2042,2
dialseg711,random,2,80,0.38999095531468486,1.593535749265426,0.6414832027146296,0.7197441174234424,0.8680616985318613,3254,2042,2
dialseg711,random,2,81,0.3963186395493956,1.5866797257590597,0.6387676272887042,0.7214385786115743,0.8676617476466785,3240,2042,2
dialseg711,random,2,82,0.40075818253063983,1.578354554358472,0.6382050393843441,0.7230643906804244,0.8674305173205112,3223,2042,2
dialseg711,random,2,83,0.4057327087829882,1.5714985308521057,0.6383050798940462,0.7243009120118825,0.8670059492279203,3209,2042,2
dialseg711,random,2,84,0.411662423319824,1.5666013712047013,0.6366836820701166,0.7253423693824537,0.866662687685141,3199,2042,2
dialseg711,random,2,85,0.4170537724238491,1.5582761998041137,0.6355206950880139,0.7269158574274609,0.8660754945331497,3182,2042,2
dialseg711,random,2,86,0.4238652225047837,1.5504407443682664,0.6340057465266519,0.7278329929173811,0.8652534073766744,3166,2042,2
dialseg711,random,2,87,0.42889607042185307,1.542605288932419,0.6323273572351737,0.7292878798416774,0.8651079047311718,3150,2042,2
dialseg711,random,2,88,0.4336226902240565,1.5362389813907933,0.6322837699242744,0.7300649391630405,0.8646687364087404,3137,2042,2
dialseg711,random,2,89,0.43781581711371875,1.530362389813908,0.6318493642075136,0.7309785863847044,0.8642383399182174,3125,2042,2
dialseg711,random,2,90,0.4426769498064656,1.523016650342801,0.6298528731919316,0.7319151166461293,0.8633363016533099,3110,2042,2
dialseg711,random,2,91,0.4466938989805455,1.5146914789422135,0.6278034051531232,0.7333291210664628,0.8623126111957236,3093,2042,2
dialseg711,random,2,92,0.4514213083471452,1.5073457394711067,0.6270807561404453,0.7345246203632281,0.8617247961353347,3078,2042,2
dialseg711,random,2,93,0.455962091478131,1.5,0.6263396009467029,0.7357372604735474,0.8609519633266367,3063,2042,2
dialseg711,random,2,94,0.46052994292358257,1.4906953966699314,0.6264365660225709,0.7372083329625524,0.8602481145109737,3044,2042,2
dialseg711,random,2,95,0.4662879150396943,1.4818805093046032,0.6246598070728162,0.7387627052975154,0.859704223724467,3026,2042,2
dialseg711,random,2,96,0.4703095493690649,1.4730656219392753,0.6238138707633384,0.7403935404726545,0.859073479709405,3008,2042,2
dialseg711,random,2,97,0.47430056511906915,1.465230166503428,0.6234504988728856,0.7418406136760567,0.8586550828616832,2992,2042,2
dialseg711,random,2,98,0.47942611157932136,1.4569049951028403,0.6223505370878903,0.7434594492083945,0.8585866197833748,2975,2042,2
dialseg711,random,2,99,0.4847223280729363,1.450048971596474,0.621647537206565,0.7446891335340702,0.858251275612889,2961,2042,2
dialseg711,random,2,100,0.49087691408514644,1.4417238001958863,0.6208483458566296,0.7460106290802494,0.857678740073506,2944,2042,2
dialseg711,random,2,101,0.4952552464413667,1.435847208619001,0.6193636851637286,0.7469332062686492,0.8571516594178337,2932,2042,2
dialseg711,random,2,102,0.501485635155139,1.4265426052889325,0.6188942052948941,0.7485054385370842,0.8563243054153744,2913,2042,2
dialseg711,random,2,103,0.5053112897866295,1.417238001958864,0.6173683022797879,0.7500324628489186,0.8555425147337947,2894,2042,2
dialseg711,random,2,104,0.5102035618069317,1.406464250734574,0.6150811465948973,0.7513455865512829,0.8549976565342247,2872,2042,2
dialseg711,random,2,105,0.5172979352050447,1.3956904995102841,0.6147255238019451,0.7531770669165184,0.8543059747982392,2850,2042,2
dialseg711,random,2,106,0.5213935444517251,1.385896180215475,0.6127913047569111,0.7547409273411383,0.8533102556010431,2830,2042,2
dialseg711,random,2,107,0.5259452677386721,1.3775710088148874,0.6099968921513921,0.7557341070790439,0.8520151313628811,2813,2042,2
dialseg711,random,2,108,0.5310300934755896,1.3682664054848188,0.6083868246182031,0.7570770903576811,0.8510990656085593,2794,2042,2
dialseg711,random,2,109,0.5357936469445452,1.3584720861900097,0.6069897227769531,0.7589562902326615,0.8509804086755564,2774,2042,2
dialseg711,random,2,110,0.5415857929219531,1.345739471106758,0.605254243245625,0.7609489539605572,0.8501503386700292,2748,2042,2
dialseg711,random,2,111,0.5472882206793821,1.3359451518119492,0.6049477032243848,0.7629046166757137,0.8491958368505484,2728,2042,2
dialseg711,random,2,112,0.5523551656859387,1.327130264446621,0.6044972864643241,0.7642593205356918,0.8486682990656269,2710,2042,2
dialseg711,random,2,113,0.5573961916614757,1.3143976493633693,0.5996995152631095,0.7662319045230437,0.8469846654621618,2684,2042,2
dialseg711,random,2,114,0.5625698675930055,1.306562193927522,0.5978646898518447,0.7672418279485791,0.8460137189494733,2668,2042,2
dialseg711,random,2,115,0.5677098761968186,1.2962781586679726,0.5956248772840214,0.7692510958333741,0.8453109863796522,2647,2042,2
dialseg711,random,2,116,0.5723942762311031,1.2864838393731635,0.5938776912775833,0.770725529744517,0.8444547987583452,2627,2042,2
dialseg711,random,2,117,0.5772261961984081,1.2781586679725758,0.5938618288366708,0.7723976660158094,0.844017909437841,2610,2042,2
dialseg711,random,2,118,0.5824732861296745,1.267384916748286,0.5927925033346142,0.7744900688466088,0.842722110378329,2588,2042,2
dialseg711,random,2,119,0.588280331859474,1.2585700293829578,0.5907682591081838,0.7758884711943783,0.8413832200011123,2570,2042,2
dialseg711,random,2,120,0.5940932526907294,1.247796278158668,0.5882493470652999,0.7778046467128745,0.8402864048099633,2548,2042,2
dialseg711,random,2,121,0.5986438123969923,1.2384916748285995,0.5849641026584501,0.779251301324086,0.8379975427109745,2529,2042,2
dialseg711,random,2,122,0.6044246624475678,1.227228207639569,0.5821650437935006,0.7810625497334359,0.8369442531344781,2506,2042,2
dialseg711,random,2,123,0.6100254892693021,1.2115572967678747,0.5774036523852986,0.7841003113155012,0.8348615032932896,2474,2042,2
dialseg711,random,2,124,0.6151351084378991,1.1998041136141038,0.5739968804431712,0.786019137917872,0.833144782665076,2450,2042,2
dialseg711,random,2,125,0.6211345778894354,1.1904995102840352,0.5707852545388306,0.7873749580236923,0.8317799860822764,2431,2042,2
dialseg711,random,2,126,0.6259173206916337,1.1787463271302645,0.569600036453768,0.7895016854141326,0.8299384036921709,2407,2042,2
dialseg711,random,2,127,0.6325633999122272,1.1669931439764936,0.5661289335012736,0.7915106488682437,0.8278491625275213,2383,2042,2
dialseg711,random,2,128,0.6379873252162548,1.157688540646425,0.5638569135821948,0.7931642275524131,0.827235783262846,2364,2042,2
dialseg711,random,2,129,0.6419303801238619,1.1454456415279137,0.5608164949077543,0.7952225848850322,0.8259499323215802,2339,2042,2
dialseg711,random,2,130,0.6469386923492271,1.134671890303624,0.5578533158586979,0.7972943371677548,0.8246748917269193,2317,2042,2
dialseg711,random,2,131,0.6521249922116334,1.122918707149853,0.5538832993970092,0.7993588338525047,0.8234959207395798,2293,2042,2
dialseg711,random,2,132,0.6571587844701982,1.1126346718903035,0.5498045370903989,0.8005666118535316,0.8220702430287404,2272,2042,2
dialseg711,random,2,133,0.6633768359411717,1.1008814887365328,0.5478506472362855,0.8031228402008993,0.8214936866166345,2248,2042,2
dialseg711,random,2,134,0.6686240189634093,1.0896180215475024,0.5451140167684694,0.8048932061062863,0.8196602222108373,2225,2042,2
dialseg711,random,2,135,0.6745020581033605,1.074926542605289,0.5400897942336983,0.8075253138016851,0.8166699721108825,2195,2042,2
dialseg711,random,2,136,0.6800566248673717,1.0626836434867777,0.5360525680223659,0.8099253818926814,0.8141682512318762,2170,2042,2
dialseg711,random,2,137,0.6854379200853671,1.050930460333007,0.5329781919744166,0.8120036921197259,0.812694481994394,2146,2042,2
dialseg711,random,2,138,0.691793997652213,1.0386875612144957,0.5294135593703202,0.8139550293822445,0.8107200590635716,2121,2042,2
dialseg711,random,2,139,0.6967006471823979,1.0254652301665035,0.5250206723514714,0.8161411968637706,0.8082764286329509,2094,2042,2
dialseg711,random,2,140,0.7014168016186184,1.014201762977473,0.5212533806493389,0.8183039231826151,0.8064860396449529,2071,2042,2
dialseg711,random,2,141,0.7057552096136438,1.000979431929481,0.5141234588259448,0.8201880066331542,0.8040971446432893,2044,2042,2
dialseg711,random,2,142,0.7115439667800398,0.9897159647404505,0.5115526909287931,0.8221545527452702,0.8024502527010386,2021,2042,2
dialseg711,random,2,143,0.7162560065707433,0.9789422135161606,0.5074238945438537,0.8243638823280173,0.7999936111761833,1999,2042,2
dialseg711,random,2,144,0.7208469547439811,0.9627815866797258,0.5025801359424695,0.827005084890106,0.7964769262346694,1966,2042,2
dialseg711,random,2,145,0.7280830824118166,0.9500489715964741,0.5005284760849026,0.829437105518329,0.7948043983666422,1940,2042,2
dialseg711,random,2,146,0.7322992297016692,0.9343780607247796,0.49404998220258634,0.8322964873070359,0.7932052575480921,1908,2042,2
dialseg711,random,2,147,0.7388769322097347,0.9236043095004897,0.49128904660471856,0.8345281418066228,0.790465755293822,1886,2042,2
dialseg711,random,2,148,0.7449967327256084,0.9084231145935358,0.4851506280612367,0.8371119718693559,0.78835829927638,1855,2042,2
dialseg711,random,2,149,0.7488004885260272,0.8952007835455436,0.4814982716662642,0.8392414898744013,0.7867797930037809,1828,2042,2
dialseg711,random,2,150,0.7545754968671782,0.881488736532811,0.47857817254363355,0.8418317383507257,0.7843639071367697,1800,2042,2
dialseg711,random,2,151,0.7594088442523222,0.8677766895200784,0.4739444651451027,0.8439944646695702,0.7818871184152554,1772,2042,2
dialseg711,random,2,152,0.7649678030826906,0.8535749265426053,0.4673882936844883,0.8464147647164525,0.7790377909052388,1743,2042,2
dialseg711,random,2,153,0.7716189019188743,0.83692458374143,0.46276773052843906,0.8492833340670893,0.7750577019989895,1709,2042,2
dialseg711,random,2,154,0.7761041586077901,0.8222331047992164,0.45855455909014975,0.8520093586285569,0.7719984019460187,1679,2042,2
dialseg711,random,2,155,0.7815228110963224,0.8085210577864839,0.45157469017705987,0.8543635211093018,0.7685945904374248,1651,2042,2
dialseg711,random,2,156,0.7862675489385412,0.7938295788442703,0.4453025047909504,0.8569064686680721,0.7663144782487333,1621,2042,2
dialseg711,random,2,157,0.7904993811653542,0.7810969637610186,0.4403195833523328,0.8587657156486271,0.7629822333441107,1595,2042,2
dialseg711,random,2,158,0.7956858430295257,0.7644466209598433,0.4355585918824806,0.8612338747359845,0.760271618894748,1561,2042,2
dialseg711,random,2,159,0.8010165617555225,0.7458374142997062,0.42967259991074175,0.8649285411416213,0.7566025230403498,1523,2042,2
dialseg711,random,2,160,0.8053058012109293,0.7321253672869735,0.42618052328637424,0.8677929675028829,0.7549512353922267,1495,2042,2
dialseg711,random,2,161,0.8120233143345491,0.7144955925563173,0.4196890940845951,0.870441400293721,0.7501213941298548,1459,2042,2
dialseg711,random,2,162,0.8162223242782837,0.7007835455435847,0.41271367381803564,0.8721855344218215,0.7455430685511776,1431,2042,2
dialseg711,random,2,163,0.8210998685366463,0.6831537708129285,0.4089972317794293,0.8757263423402664,0.7415655215760917,1395,2042,2
dialseg711,random,2,164,0.825946678934139,0.6694417238001958,0.4042509544593123,0.8784293316466313,0.7393708124721001,1367,2042,2
dialseg711,random,2,165,0.8302672016889366,0.6513222331047992,0.3957563236018123,0.8820283873026489,0.7349776941714017,1330,2042,2
dialseg711,random,2,166,0.8356495762553952,0.6351616062683644,0.3883957985197682,0.8848113277174459,0.7304110881743603,1297,2042,2
dialseg711,random,2,167,0.8413989497810632,0.6175318315377081,0.3800045188949318,0.8880578019027386,0.7261114965329967,1261,2042,2
dialseg711,random,2,168,0.8457463196824702,0.6008814887365328,0.3723598107538226,0.890822057884294,0.72042803271507,1227,2042,2
dialseg711,random,2,169,0.8510111806573288,0.5842311459353575,0.36328538867369187,0.8942342818925096,0.7150695887419989,1193,2042,2
dialseg711,random,2,170,0.8553244535619037,0.569539666993144,0.3578867641512153,0.8968552398141008,0.711216619302759,1163,2042,2
dialseg711,random,2,171,0.8607935266065794,0.5523996082272282,0.3539497650665369,0.9002048145244348,0.7067455028753542,1128,2042,2
dialseg711,random,2,172,0.8651512413668109,0.534769833496572,0.3419423085443124,0.9025796275532563,0.7000742684015219,1092,2042,2
dialseg711,random,2,173,0.8708039841187182,0.5161606268364348,0.3320501378926481,0.9063784912149891,0.695183570698625,1054,2042,2
dialseg711,random,2,174,0.8760119222684614,0.5009794319294809,0.3232831430497039,0.9090308094000078,0.6887867081288079,1023,2042,2
dialseg711,random,2,175,0.8804238136066119,0.48090107737512244,0.3152356671441987,0.9130315740284096,0.6819472358152726,982,2042,2
dialseg711,random,2,176,0.8845109773248293,0.4642507345739471,0.30590943313442037,0.9155244300550207,0.6746072334668989,948,2042,2
dialseg711,random,2,177,0.8908254238494246,0.44319294809010773,0.2951856593304778,0.9194677080225603,0.6678384856664641,905,2042,2
dialseg711,random,2,178,0.8955619919943123,0.42605288932419194,0.28570804786987464,0.9218613576999654,0.6627576473028143,870,2042,2
dialseg711,random,2,179,0.9016326743849724,0.40842311459353575,0.27450986958308876,0.9247118309882022,0.6550688173524584,834,2042,2
dialseg711,random,2,180,0.9068157365707429,0.3878550440744368,0.2628428680426695,0.927892446668818,0.6477130177129579,792,2042,2
dialseg711,random,2,181,0.91237765886092,0.3697355533790402,0.2518422652699148,0.9312802020607928,0.6401615462901784,755,2042,2
dialseg711,random,2,182,0.9174045342424254,0.3486777668952008,0.23993927622619604,0.9352922686783447,0.6311372539835374,712,2042,2
dialseg711,random,2,183,0.923026082718187,0.331537708129285,0.2321032304154667,0.9380865110822917,0.6243391030253015,677,2042,2
dialseg711,random,2,184,0.9268629148454706,0.31341821743388837,0.22071082535217554,0.9413830641151316,0.6162247364721708,640,2042,2
dialseg711,random,2,185,0.9325483040786737,0.29187071498530853,0.20813296720469715,0.9457145546280568,0.6060452463667544,596,2042,2
dialseg711,random,2,186,0.9370366693801027,0.272771792360431,0.19498359118612282,0.9489871083752941,0.5981205016599569,557,2042,2
dialseg711,random,2,187,0.9413384256453229,0.25269343780607245,0.18218471636193154,0.9530070267675754,0.5887426961651185,516,2042,2
dialseg711,random,2,188,0.9463571939199406,0.2316356513222331,0.1694952336302547,0.9569910477083473,0.576650794894968,473,2042,2
dialseg711,random,2,189,0.9510670362905252,0.2120470127326151,0.15655571182997344,0.9606234512088941,0.5670600003658098,433,2042,2
dialseg711,random,2,190,0.9555962140026067,0.19000979431929482,0.14206907329270196,0.9649316527744799,0.5567050581058577,388,2042,2
dialseg711,random,2,191,0.9604127671944035,0.168462291870715,0.13019221753398968,0.9686642647085685,0.5455526701806995,344,2042,2
dialseg711,random,2,192,0.9645708691869401,0.14887365328109697,0.11593999062353491,0.9724135949610633,0.5344070045415699,304,2042,2
dialseg711,random,2,193,0.9708051858838144,0.1278158667972576,0.10070323488045006,0.9762481784897398,0.5208061783421165,261,2042,2
dialseg711,random,2,194,0.9753419734353932,0.10822722820763957,0.08607594936708861,0.979900953476903,0.510073975017992,221,2042,2
dialseg711,random,2,195,0.98030722134358,0.08619000979431929,0.06802625410220346,0.9835793260107607,0.49590503711765266,176,2042,2
dialseg711,random,2,196,0.9848724311214597,0.06513222331047992,0.05293014533520862,0.9881225861183667,0.4815054904244391,133,2042,2
dialseg711,random,2,197,0.9895118348211639,0.04407443682664055,0.03633380215658696,0.9918840555443931,0.46708755798902485,90,2042,2
dialseg711,random,2,198,0.9941404691171586,0.022526934378060724,0.01847163619315518,0.9961090460563035,0.45389585430383744,46,2042,2
dialseg711,random,2,199,0.9997669426231687,0.0004897159647404506,0.0007032348804500703,0.9998827941865917,0.4379944416419318,1,2042,2
dialseg711,random,2,0,1.4735641223229123e-05,2.0093046033300688,0.6801970258643546,0.6503953276368888,0.8955509062224956,4103,2042,3
dialseg711,random,2,1,0.006743356114470187,2.005386875612145,0.6798589157514595,0.6508846619078686,0.8951900797540743,4095,2042,3
dialseg711,random,2,2,0.012858213676538454,2.0029382957884425,0.6796133953892849,0.6512011176040712,0.8951236631264762,4090,2042,3
dialseg711,random,2,3,0.01846975553445741,1.999020568070519,0.6795966751194,0.6519023990542977,0.895186684506305,4082,2042,3
dialseg711,random,2,4,0.02285502516185785,1.9941234084231145,0.6799492870331935,0.6526186356618846,0.8950797109464479,4072,2042,3
dialseg711,random,2,5,0.0274079347097297,1.9921645445641527,0.6796566440056416,0.6530405765901546,0.8950567348862004,4068,2042,3
dialseg711,random,2,6,0.03368499548267702,1.9892262487757102,0.6790802552435988,0.6532749882169714,0.8945496802124789,4062,2042,3
dialseg711,random,2,7,0.038291461811112884,1.9862879529872675,0.6785394719605858,0.6537555320519455,0.8941709938105861,4056,2042,3
dialseg711,random,2,8,0.04311419697578596,1.9809010773751223,0.6788561813490251,0.6544600227089679,0.8938879789793995,4045,2042,3
dialseg711,random,2,9,0.04843047746683447,1.9755142017629774,0.6784521003542269,0.6552402785525149,0.8934934790947451,4034,2042,3
dialseg711,random,2,10,0.05423043754892267,1.9715964740450538,0.67825834891686,0.6555596643940526,0.893031632377624,4026,2042,3
dialseg711,random,2,11,0.059418585271421506,1.9691478942213516,0.6781329234749789,0.6559922096578215,0.8929711690611832,4021,2042,3
dialseg711,random,2,12,0.0647284601850328,1.965230166503428,0.6779383922677895,0.6568517189561492,0.892852753981446,4013,2042,3
dialseg711,random,2,13,0.06942423180965696,1.959843290891283,0.6777279366546555,0.6576594623535552,0.8925477398051237,4002,2042,3
dialseg711,random,2,14,0.07376508656091997,1.9544564152791382,0.6775823650645567,0.6586234801688388,0.8923483969018429,3991,2042,3
dialseg711,random,2,15,0.07795949836202778,1.9510284035259549,0.6777091439554275,0.65920364894521,0.8920284250312379,3984,2042,3
dialseg711,random,2,16,0.08215857702296588,1.944662095984329,0.6772364235674815,0.6598394904829504,0.8916244159159068,3971,2042,3
dialseg711,random,2,17,0.08666774448794635,1.9392752203721841,0.6767474541656304,0.6606203044494183,0.8910538282496792,3960,2042,3
dialseg711,random,2,18,0.09228967255785109,1.936826640548482,0.6766896123356367,0.6611594511910968,0.8910278755338531,3955,2042,3
dialseg711,random,2,19,0.09769327254565441,1.9338883447600392,0.6759395645613829,0.6614524657246176,0.89074490721291,3949,2042,3
dialseg711,random,2,20,0.10331546208343513,1.9289911851126347,0.6755044939874506,0.6622369074900719,0.8905238347239052,3939,2042,3
dialseg711,random,2,21,0.10856353718576457,1.9245837414299707,0.674917481035734,0.6629460026611925,0.8902964926540876,3930,2042,3
dialseg711,random,2,22,0.11414561893661569,1.920666013712047,0.6751644174547704,0.663520590208354,0.8900616624350802,3922,2042,3
dialseg711,random,2,23,0.11851378904636937,1.9157688540646425,0.6760864365202495,0.664469678235501,0.890065662316014,3912,2042,3
dialseg711,random,2,24,0.12355196731409022,1.9113614103819785,0.6758114375613609,0.6653848602951978,0.8900086779657806,3903,2042,3
dialseg711,random,2,25,0.12742642819668207,1.909892262487757,0.6753950778623007,0.6654853224209764,0.8897575226513343,3900,2042,3
dialseg711,random,2,26,0.13357316278085835,1.906464250734574,0.6756582074503248,0.6662276259058958,0.8897983772491509,3893,2042,3
dialseg711,random,2,27,0.13889559794921896,1.9030362389813908,0.6752568034020767,0.666503896751787,0.8896926129556227,3886,2042,3
dialseg711,random,2,28,0.14295934234894042,1.8961802154750245,0.6739785006992335,0.6675721440225658,0.8893730647510536,3872,2042,3
dialseg711,random,2,29,0.14749936216196266,1.8917727717923605,0.6735736918701558,0.6685410454134082,0.8891412069594209,3863,2042,3
dialseg711,random,2,30,0.1527438474769517,1.889324191968658,0.6734091337331348,0.6689052206193555,0.8890263731684267,3858,2042,3
dialseg711,random,2,31,0.1568648014637189,1.885896180215475,0.6733646465659395,0.6693480911571629,0.8888616803964906,3851,2042,3
dialseg711,random,2,32,0.16139717881594176,1.8819784524975514,0.6736918466218228,0.6700044437122495,0.8885864327759545,3843,2042,3
dialseg711,random,2,33,0.16645179814516808,1.877081292850147,0.6727004494056865,0.6703384802804634,0.8883049434807522,3833,2042,3
dialseg711,random,2,34,0.1712014814905534,1.8721841332027425,0.671887995663302,0.6709927398745964,0.8880142079491588,3823,2042,3
dialseg711,random,2,35,0.1749866926083631,1.866307541625857,0.6714654827271651,0.6717194159177281,0.8873929706278512,3811,2042,3
dialseg711,random,2,36,0.1790633655163437,1.8614103819784524,0.6711424817712527,0.6724441385306364,0.8870274559268932,3801,2042,3
dialseg711,random,2,37,0.18434761942992062,1.8521057786483839,0.670244460692562,0.6737426115063246,0.8865688649268115,3782,2042,3
dialseg711,random,2,38,0.1887698665941861,1.846718903036239,0.6701935192914097,0.6749590404126269,0.8866553739795652,3771,2042,3
dialseg711,random,2,39,0.1933354903813702,1.8418217433888344,0.6703073838338195,0.6757443193624627,0.8866297933456866,3761,2042,3
dialseg711,random,2,40,0.19828854976214977,1.8393731635651323,0.6699661013283588,0.6761084945684102,0.8863150678305389,3756,2042,3
dialseg711,random,2,41,0.2031506285336589,1.8325171400587659,0.6685226082093814,0.6768849830822404,0.8859712641112081,3742,2042,3
dialseg711,random,2,42,0.20723601350297083,1.8266405484818804,0.6678722799560229,0.6782035484830843,0.8858480119661555,3730,2042,3
dialseg711,random,2,43,0.2113981313131909,1.8212536728697355,0.6672661350460806,0.6792544939433125,0.8855416024825308,3719,2042,3
dialseg711,random,2,44,0.21618880533119428,1.8158667972575906,0.6670057483599123,0.680238743714482,0.8855071679895873,3708,2042,3
dialseg711,random,2,45,0.21928298491689904,1.8090107737512242,0.6658888307269523,0.6813357128494258,0.8851832613523892,3694,2042,3
dialseg711,random,2,46,0.22478090795610625,1.803134182174339,0.6656421403958737,0.6822306629532368,0.8848962107609385,3682,2042,3
dialseg711,random,2,47,0.23062911820747542,1.8001958863858962,0.66449776858449,0.6827314514287088,0.8845394213816455,3676,2042,3
dialseg711,random,2,48,0.2364027899870973,1.7962781586679726,0.6642065854563746,0.6832239949064843,0.8841424268566622,3668,2042,3
dialseg711,random,2,49,0.24067800479253074,1.7894221351616062,0.6620422051463136,0.6841971075884578,0.8833298370918927,3654,2042,3
dialseg711,random,2,50,0.24558418404502336,1.7845249755142019,0.6616258145629812,0.6848953193626189,0.8829025009753863,3644,2042,3
dialseg711,random,2,51,0.2504123443517519,1.7796278158667973,0.661456620244135,0.68563287880271,0.8826459597747524,3634,2042,3
dialseg711,random,2,52,0.2546390877707303,1.7703232125367288,0.6611062113201011,0.6869709785057887,0.8821116966086325,3615,2042,3
dialseg711,random,2,53,0.258828026748428,1.7624877571008815,0.6606562621899315,0.6883159152146494,0.881776683325307,3599,2042,3
dialseg711,random,2,54,0.26338355709893024,1.7541625857002938,0.659190466992904,0.6898130799502108,0.8814268704825265,3582,2042,3
dialseg711,random,2,55,0.2696076625726426,1.7497551420176298,0.6577214500786283,0.6904791996564148,0.8811874357494208,3573,2042,3
dialseg711,random,2,56,0.27551289629672493,1.742409402546523,0.656304281530658,0.691595445498399,0.8805424316937277,3558,2042,3
dialseg711,random,2,57,0.27967076558983117,1.7375122428991185,0.6549699618419079,0.6925721606101353,0.8806197317182851,3548,2042,3
dialseg711,random,2,58,0.28350768780882063,1.7321253672869736,0.6543411887455045,0.693732498162878,0.8804128169473759,3537,2042,3
dialseg711,random,2,59,0.2876893104163709,1.7277179236043094,0.6534561753189176,0.6942889593997189,0.879947649398875,3528,2042,3
dialseg711,random,2,60,0.29202844081748147,1.7242899118511263,0.6538424669728664,0.6949679413023295,0.8798355132019989,3521,2042,3
dialseg711,random,2,61,0.29751578962872,1.7184133202742409,0.6538227257172172,0.6959241453967192,0.8796156964895663,3509,2042,3
dialseg711,random,2,62,0.30279262648976957,1.7125367286973556,0.6537183131228362,0.6970258800427577,0.8789986357881174,3497,2042,3
dialseg711,random,2,63,0.3066296012193633,1.707639569049951,0.6524348986100771,0.6976177694004698,0.8785334403334706,3487,2042,3
dialseg711,random,2,64,0.31098648627813147,1.7012732615083253,0.652699058675546,0.6986902025931562,0.8780852676279137,3474,2042,3
dialseg711,random,2,65,0.3160487119023478,1.696865817825661,0.652076903833982,0.6991958619595751,0.877940155668456,3465,2042,3
dialseg711,random,2,66,0.3216096048530154,1.6919686581782567,0.6513205476226945,0.6997915186470038,0.8775797756983713,3455,2042,3
dialseg711,random,2,67,0.3264970692156189,1.6856023506366307,0.6504114235893731,0.7004311275144608,0.8770573726443227,3442,2042,3
dialseg711,random,2,68,0.33127252328703444,1.677277179236043,0.6503558620048961,0.7017249959760509,0.8763536912655359,3425,2042,3
dialseg711,random,2,69,0.33626114022015047,1.6669931439764936,0.6469602252840196,0.7039552551683353,0.8760255428941384,3404,2042,3
dialseg711,random,2,70,0.3413903159658079,1.6601371204701274,0.646850608559989,0.7055272337445334,0.8757426941709642,3390,2042,3
dialseg711,random,2,71,0.3461836315008318,1.6557296767874632,0.6452259290327347,0.7062267139798786,0.8757964507103047,3381,2042,3
dialseg711,random,2,72,0.35161255751767106,1.6469147894221352,0.6435818038102051,0.7071716160851182,0.8746169788434204,3363,2042,3
dialseg711,random,2,73,0.3580620090520542,1.6425073457394712,0.6436246690328851,0.7077322505592548,0.8742440597117109,3354,2042,3
dialseg711,random,2,74,0.36154860763671515,1.634671890303624,0.6429159093046481,0.7089091922688969,0.8739251110664612,3338,2042,3
dialseg711,random,2,75,0.3673259971453486,1.6253672869735554,0.6419266891171157,0.710385985517842,0.8731891980889871,3319,2042,3
dialseg711,random,2,76,0.37144104730249006,1.6209598432908914,0.6405818532175386,0.7112093563570357,0.8729391590203827,3310,2042,3
dialseg711,random,2,77,0.37619877854459166,1.6145935357492653,0.6396928770724529,0.7120189136539348,0.8723857801442191,3297,2042,3
dialseg711,random,2,78,0.3807656433047793,1.6067580803134183,0.6372393763747866,0.7128164713080325,0.8714284318978411,3281,2042,3
dialseg711,random,2,79,0.38479746487198707,1.6003917727717925,0.6362302901336327,0.7138174647668319,0.870860439503196,3268,2042,3
dialseg711,random,2,80,0.3905589055699378,1.5920666013712046,0.6356322319088886,0.71519463307438,0.8701232893532472,3251,2042,3
dialseg711,random,2,81,0.39485547535774324,1.5847208619000979,0.6343750992835234,0.7166825887817448,0.8695780590717299,3236,2042,3
dialseg711,random,2,82,0.4015810572927243,1.5768854064642508,0.6337401786486029,0.7186452280334137,0.8689694640802235,3220,2042,3
dialseg711,random,2,83,0.4070583202570648,1.5675808031341822,0.6324326011062276,0.7202800208074469,0.8682133005427661,3201,2042,3
dialseg711,random,2,84,0.41178734741956463,1.5582761998041137,0.6301760068362101,0.7217061644013121,0.8677698439758917,3182,2042,3
dialseg711,random,2,85,0.4183720591566582,1.5504407443682664,0.6297562343089537,0.7230389619366413,0.8674034362782604,3166,2042,3
dialseg711,random,2,86,0.4227797166824005,1.5455435847208618,0.6294488299105567,0.7238510307866847,0.8671309048559399,3156,2042,3
dialseg711,random,2,87,0.42729346364351506,1.5377081292850148,0.6284388076383808,0.7250286701499781,0.8669115426150287,3140,2042,3
dialseg711,random,2,88,0.43179467438509217,1.5298726738491675,0.6283676088728475,0.7265333695449729,0.8667737699719817,3124,2042,3
dialseg711,random,2,89,0.43825015007088075,1.5235063663075417,0.6265796657869461,0.7274514817500051,0.8662668548289907,3111,2042,3
dialseg711,random,2,90,0.44260965958176207,1.5156709108716944,0.6265604649761162,0.7287118628363354,0.8658938612808915,3095,2042,3
dialseg711,random,2,91,0.446505012467528,1.5088148873653282,0.6246250964788421,0.7298433175279168,0.8651557065096849,3081,2042,3
dialseg711,random,2,92,0.4517707431781679,1.5029382957884427,0.6240409503773285,0.7306442239195404,0.8645954441174956,3069,2042,3
dialseg711,random,2,93,0.4569729783569742,1.495592556317336,0.6230106554651771,0.7318255164510439,0.8639914198795051,3054,2042,3
dialseg711,random,2,94,0.46286722974115696,1.4906953966699314,0.6222933152963601,0.7326278181499699,0.8636522857886129,3044,2042,3
dialseg711,random,2,95,0.46858451024865944,1.481390793339863,0.6215869515017342,0.7341004381616196,0.8628888015388418,3025,2042,3
dialseg711,random,2,96,0.4736561943754214,1.476983349657199,0.6205432616394787,0.7348070217795956,0.8625749990731405,3016,2042,3
dialseg711,random,2,97,0.47891393012113315,1.4720861900097943,0.6198865568998752,0.7355002104474679,0.8623901301576107,3006,2042,3
dialseg711,random,2,98,0.4840496801436114,1.4618021547502449,0.6168030262536738,0.7373888984121051,0.8617005134764326,2985,2042,3
dialseg711,random,2,99,0.4898994365006924,1.4534769833496572,0.615954717961053,0.7389456427694823,0.8611740361250608,2968,2042,3
dialseg711,random,2,100,0.4947877815787694,1.44564152791381,0.6148210489774482,0.7403712409250384,0.8605673627918455,2952,2042,3
dialseg711,random,2,101,0.4987241351422299,1.4348677766895201,0.615306850917836,0.7422699751022538,0.8599929426815605,2930,2042,3
dialseg711,random,2,102,0.504465839668867,1.426052889324192,0.6133639508736701,0.7437409080605282,0.8587330901207234,2912,2042,3
dialseg711,random,2,103,0.5099857821641816,1.4147894221351616,0.6098524612781376,0.7457060588653416,0.8571981404634108,2889,2042,3
dialseg711,random,2,104,0.5148199847916786,1.404505386875612,0.6082139399351056,0.7475997699362679,0.856144531959531,2868,2042,3
dialseg711,random,2,105,0.5209675776146256,1.3981390793339863,0.6071329923439883,0.7483733283047629,0.855480053642099,2855,2042,3
dialseg711,random,2,106,0.5258205010624041,1.386875612144956,0.607232690408442,0.7504637777053388,0.854458204990152,2832,2042,3
dialseg711,random,2,107,0.5315567992744153,1.3780607247796277,0.6060977831854366,0.7518352379375585,0.8535217305410193,2814,2042,3
dialseg711,random,2,108,0.5364418887113526,1.3692458374142997,0.6039011349590884,0.7531625937744082,0.8527754603967685,2796,2042,3
dialseg711,random,2,109,0.5411324158717278,1.3599412340842312,0.6020646859175081,0.7546603166328905,0.8521746171527665,2777,2042,3
dialseg711,random,2,110,0.5453670103659953,1.3516160626836435,0.6019468338565069,0.7561599929215963,0.8512349334968382,2760,2042,3
dialseg711,random,2,111,0.5498048651095626,1.3403525954946132,0.6004495972556197,0.7579671949397688,0.8504844480748639,2737,2042,3
dialseg711,random,2,112,0.5546598099371817,1.3295788442703231,0.5984276544197097,0.760024575557276,0.8493723642352333,2715,2042,3
dialseg711,random,2,113,0.5605619490512893,1.3173359451518118,0.596905090283077,0.7622046036866711,0.8481059913006869,2690,2042,3
dialseg711,random,2,114,0.565535175328726,1.306562193927522,0.5963925473573772,0.7643709578045021,0.8468104104164984,2668,2042,3
dialseg711,random,2,115,0.5712386108506938,1.2952987267384917,0.5937730705507572,0.7666305184501385,0.8453800995048233,2645,2042,3
dialseg711,random,2,116,0.5771251487184885,1.2859941234084231,0.5918021254480381,0.7684452551277445,0.8444081098338181,2626,2042,3
dialseg711,random,2,117,0.5812906810723036,1.2757100881488737,0.5909031095923267,0.7705355649975903,0.8438713630207,2605,2042,3
dialseg711,random,2,118,0.5864119257593254,1.2703232125367288,0.5886728504000422,0.7715156288468525,0.8431065392759184,2594,2042,3
dialseg711,random,2,119,0.5913588391848028,1.2590597453476984,0.5836109105057683,0.7738778841099515,0.8417003699126463,2571,2042,3
dialseg711,random,2,120,0.596573925912562,1.248775710088149,0.5810759058310138,0.7758452674064489,0.8407669774617734,2550,2042,3
dialseg711,random,2,121,0.6009454379214277,1.2394711067580804,0.5803427673119547,0.7777166535605354,0.839962666520332,2531,2042,3
dialseg711,random,2,122,0.6067341266381969,1.2277179236043094,0.5787860743606359,0.7797323144896984,0.8386830344864803,2507,2042,3
dialseg711,random,2,123,0.6126041663292532,1.2184133202742409,0.5756996649751579,0.7811682252346809,0.8372279386889092,2488,2042,3
dialseg711,random,2,124,0.6181603627843704,1.208619000979432,0.5718939769922547,0.7823080898239126,0.8362711113572576,2468,2042,3
dialseg711,random,2,125,0.6221405248835941,1.1983349657198825,0.5706871134443432,0.7843209601384707,0.8353686451981108,2447,2042,3
dialseg711,random,2,126,0.6273507263412101,1.188050930460333,0.5682706545178452,0.786211322471871,0.8345208564811236,2426,2042,3
dialseg711,random,2,127,0.6331544844258828,1.1762977473065621,0.5663324149443094,0.7881276375210975,0.8330072152804221,2402,2042,3
dialseg711,random,2,128,0.6391942083630067,1.1640548481880508,0.564522793817501,0.7904218017878355,0.8317677358974828,2377,2042,3
dialseg711,random,2,129,0.644449496229349,1.1527913809990207,0.5607186279880186,0.7920121730512026,0.8295598565886894,2354,2042,3
dialseg711,random,2,130,0.6502125078871075,1.1405484818805094,0.5579719914257617,0.7947003721001612,0.8283652502885976,2329,2042,3
dialseg711,random,2,131,0.654435061770592,1.1307541625857003,0.556503701622642,0.7959622880245244,0.8272286464902497,2309,2042,3
dialseg711,random,2,132,0.6581222582564574,1.1155729676787463,0.5527446713335858,0.7984070440030354,0.8244373063254921,2278,2042,3
dialseg711,random,2,133,0.6627696443604056,1.102350636630754,0.5486911767737622,0.8000102520935854,0.8226661809696267,2251,2042,3
dialseg711,random,2,134,0.6677415720964138,1.0915768854064642,0.5447110760849314,0.8019597754566109,0.820739440860749,2229,2042,3
dialseg711,random,2,135,0.6728089743301119,1.0768854064642508,0.5399506934764475,0.8044341704942972,0.8185701474256326,2199,2042,3
dialseg711,random,2,136,0.6781284666037112,1.0621939275220371,0.5342448983936359,0.8068241923727156,0.8162349019293463,2169,2042,3
dialseg711,random,2,137,0.683238671147729,1.049951028403526,0.5306374268314674,0.8093656050934532,0.8144043195695797,2144,2042,3
dialseg711,random,2,138,0.6875060988248579,1.0372184133202742,0.5285220394840126,0.8118466010079934,0.8130223152375051,2118,2042,3
dialseg711,random,2,139,0.693692719816911,1.0235063663075417,0.5239199548620718,0.8135802703313253,0.8097581617606231,2090,2042,3
dialseg711,random,2,140,0.6991264571524805,1.0083251714005876,0.5182545259056343,0.8167118980410119,0.8075033209614785,2059,2042,3
dialseg711,random,2,141,0.7055063653466375,0.9955925563173359,0.5141951934397494,0.8188444857221228,0.8053014727627947,2033,2042,3
dialseg711,random,2,142,0.710045965220329,0.9828599412340843,0.5099440913205593,0.8215416147378173,0.8028914269561245,2007,2042,3
dialseg711,random,2,143,0.7156755636219537,0.9686581782566112,0.5052579420451819,0.824002657757932,0.8009806122147896,1978,2042,3
dialseg711,random,2,144,0.7194968207981103,0.9593535749265426,0.503589849141181,0.8257692563336023,0.8000481511768431,1959,2042,3
dialseg711,random,2,145,0.7256486204926378,0.94564152791381,0.49816266185745356,0.8283996896602381,0.7975679895194664,1931,2042,3
dialseg711,random,2,146,0.7305944730100419,0.930460333006856,0.4893847395552142,0.8311079811343525,0.7933061278332023,1900,2042,3
dialseg711,random,2,147,0.7354454384237786,0.9162585700293829,0.4845047477331837,0.833688183398099,0.7904186650459506,1871,2042,3
dialseg711,random,2,148,0.7405880624863301,0.9040156709108716,0.48081687442505716,0.8357373317025215,0.7882338046648877,1846,2042,3
dialseg711,random,2,149,0.7449606918469989,0.8898139079333987,0.4772145461391846,0.8383642767609012,0.7857588863707007,1817,2042,3
dialseg711,random,2,150,0.7517167607296408,0.8746327130264446,0.47348805788800047,0.8411479148293494,0.7834280339783152,1786,2042,3
dialseg711,random,2,151,0.7556564565063463,0.8599412340842312,0.4675072126666488,0.8435358437468141,0.7808806207206348,1756,2042,3
dialseg711,random,2,152,0.7595670112478723,0.846718903036239,0.46289623609253666,0.8458251244379936,0.7785260258572495,1729,2042,3
dialseg711,random,2,153,0.7646774547832259,0.8330068560235063,0.4585149711627485,0.8474777264070512,0.7757637001751546,1701,2042,3
dialseg711,random,2,154,0.7703181937077738,0.8168462291870715,0.4492950155070833,0.8503355948239913,0.7716271855463757,1668,2042,3
dialseg711,random,2,155,0.774685727611684,0.8026444662095984,0.4438008534728369,0.852458973476906,0.7691874167057214,1639,2042,3
dialseg711,random,2,156,0.779889055561491,0.7889324191968659,0.4380756285492997,0.8549135980834293,0.7654419711421362,1611,2042,3
dialseg711,random,2,157,0.7854863786393083,0.7727717923604309,0.43167172615383614,0.858166617528432,0.7618286879050836,1578,2042,3
dialseg711,random,2,158,0.7911782591915073,0.7561214495592556,0.42597998860555847,0.8608993268803395,0.7583969118361767,1544,2042,3
dialseg711,random,2,159,0.7964204114299902,0.7389813907933399,0.4156589169044918,0.8640231408691323,0.7541311572170629,1509,2042,3
dialseg711,random,2,160,0.800697575995799,0.7252693437806073,0.40697229176217037,0.8669573325955182,0.7492499248486544,1481,2042,3
dialseg711,random,2,161,0.8062370450396807,0.708619000979432,0.40143413650944576,0.8701059830542953,0.7463455740944441,1447,2042,3
dialseg711,random,2,162,0.8127688199188555,0.6914789422135161,0.3981307054323736,0.8733837501769991,0.7425240790954444,1412,2042,3
dialseg711,random,2,163,0.8172809192260662,0.6758080313418218,0.3932775035105507,0.8760535311695649,0.7384204932674853,1380,2042,3
dialseg711,random,2,164,0.82218582701918,0.6601371204701273,0.38694639209394077,0.8787201410091704,0.7339818050998941,1348,2042,3
dialseg711,random,2,165,0.8273013548150805,0.6429970617042116,0.3821670810599759,0.882280267591449,0.7306854881069674,1313,2042,3
dialseg711,random,2,166,0.8321177650736039,0.6273261508325172,0.3709945764275558,0.8843698798076436,0.7262943680794199,1281,2042,3
dialseg711,random,2,167,0.8378053663919196,0.6092066601371204,0.3626964048382449,0.8876441079236437,0.722212230885267,1244,2042,3
dialseg711,random,2,168,0.8434610888121686,0.5910871694417238,0.35905544590081695,0.8912110071129059,0.7175699201258469,1207,2042,3
dialseg711,random,2,169,0.8490880176310962,0.574926542605289,0.35366062974650714,0.8947633199742903,0.7126077845378322,1174,2042,3
dialseg711,random,2,170,0.8544524020517732,0.5592556317335945,0.349277132325035,0.8978056480166186,0.7091023610271345,1142,2042,3
dialseg711,random,2,171,0.8588803717021778,0.5416258570029383,0.34220302279374004,0.9010106688904158,0.7051360433811403,1106,2042,3
dialseg711,random,2,172,0.8639940889617544,0.5220372184133203,0.3314714352689036,0.9050244098767305,0.6991773124176196,1066,2042,3
dialseg711,random,2,173,0.8692260556393886,0.5048971596474046,0.32589467104235037,0.9080560447912769,0.6946103243202345,1031,2042,3
dialseg711,random,2,174,0.874601474251199,0.48726738491674826,0.31700042417341995,0.9112273245975776,0.6890828163929376,995,2042,3
dialseg711,random,2,175,0.8794113251664603,0.4681684622918707,0.3076574464760119,0.91433955753576,0.682427185273523,956,2042,3
dialseg711,random,2,176,0.8846136020245837,0.4505386875612145,0.2970397160270578,0.9170979405420332,0.6752110128152515,920,2042,3
dialseg711,random,2,177,0.8889258425558769,0.43290891283055827,0.2862177125890206,0.9206549086559636,0.6679858568143993,884,2042,3
dialseg711,random,2,178,0.893770314991657,0.4147894221351616,0.27730002455740854,0.9241395491131776,0.6618116210557959,847,2042,3
dialseg711,random,2,179,0.8974668018283081,0.3981390793339863,0.26902617537749673,0.9269937253323329,0.6561085823448768,813,2042,3
dialseg711,random,2,180,0.9024513645656836,0.3795298726738492,0.25909381987552094,0.9300626149518553,0.6483159169111672,775,2042,3
dialseg711,random,2,181,0.9085078397705214,0.36092066601371203,0.24689771780600114,0.9328712290210179,0.6406677351378923,737,2042,3
dialseg711,random,2,182,0.9149779735929107,0.34329089128305584,0.2381150955212692,0.9359261148290683,0.6329738666260996,701,2042,3
dialseg711,random,2,183,0.918826020067853,0.3256611165523996,0.22763801204840514,0.9390507660022428,0.6235223535276931,665,2042,3
dialseg711,random,2,184,0.9240141490112972,0.3060724779627816,0.21789318584788273,0.9429824629191718,0.6169007387988145,625,2042,3
dialseg711,random,2,185,0.9279878457465506,0.28844270323212534,0.21030741410488243,0.9464647694078074,0.6079198914295071,589,2042,3
dialseg711,random,2,186,0.9320988227610252,0.2683643486777669,0.19874087469024176,0.9501980536263236,0.5987142590264747,548,2042,3
dialseg711,random,2,187,0.937389285477874,0.24926542605288932,0.187395351952314,0.9535151176765102,0.5887890846964156,509,2042,3
dialseg711,random,2,188,0.9449192826307374,0.2286973555337904,0.17356506597012925,0.9570684072530063,0.5794023545203042,467,2042,3
dialseg711,random,2,189,0.9494012512484971,0.20861900097943192,0.1614225437010247,0.9607499255706007,0.5681134564888154,426,2042,3
dialseg711,random,2,190,0.9548758439159069,0.188050930460333,0.1452481414506731,0.9648625938446613,0.5561002773890971,384,2042,3
dialseg711,random,2,191,0.9594157649386323,0.1694417238001959,0.1314647377938517,0.9683367860846763,0.5453856726714748,346,2042,3
dialseg711,random,2,192,0.9644986772262043,0.14887365328109697,0.11693121693121693,0.9714580885203248,0.5337176210824336,304,2042,3
dialseg711,random,2,193,0.9693057744530308,0.1287952987267385,0.10108499095840867,0.9754115522311725,0.5203727826388049,263,2042,3
dialseg711,random,2,194,0.973402338356087,0.10871694417238002,0.08786417520594736,0.979108418929094,0.5082355117516755,222,2042,3
dialseg711,random,2,195,0.9782911692680224,0.08667972575905974,0.06864242180697877,0.983419525270791,0.4933656830170704,177,2042,3
dialseg711,random,2,196,0.9828493758889626,0.06513222331047992,0.05274931350880718,0.9875164265723337,0.47952604207273236,133,2042,3
dialseg711,random,2,197,0.9880236094225369,0.0435847208619001,0.03727144866385373,0.9916302110922364,0.4668432712157825,89,2042,3
dialseg711,random,2,198,0.9933940839184012,0.022037218413320275,0.02259728082512892,0.9960172348358003,0.45197293338085237,45,2042,3
dialseg711,random,2,199,0.9998198793041745,0.0004897159647404506,0.0,0.9998493068113321,0.43794440756360287,1,2042,3
dialseg711,random,2,0,0.00023534774396072322,2.016160626836435,0.6739749114371774,0.6430229551273856,0.8920483550933621,4117,2042,4
dialseg711,random,2,1,0.006250498061968772,2.0122428991185113,0.6738505756043596,0.6437086091358243,0.8918982665378586,4109,2042,4
dialseg711,random,2,2,0.011250698372815638,2.0093046033300688,0.6735303145246048,0.644013344250686,0.8917601311149131,4103,2042,4
dialseg711,random,2,3,0.016283242415225045,2.0058765915768855,0.6732051990840761,0.6444030535802688,0.8913493653296748,4096,2042,4
dialseg711,random,2,4,0.02047856464671199,2.002448579823702,0.673679137852099,0.6450183841006626,0.8911477899347099,4089,2042,4
dialseg711,random,2,5,0.02505582501882693,2.0014691478942215,0.6735242841107473,0.6451062884607188,0.8910421186616686,4087,2042,4
dialseg711,random,2,6,0.03010045081709918,1.9960822722820764,0.6735563976449706,0.6458806840135954,0.890993422436812,4076,2042,4
dialseg711,random,2,7,0.03609806629433246,1.9951028403525954,0.6733260293854453,0.6459978898270038,0.890923098948767,4074,2042,4
dialseg711,random,2,8,0.04002588338351225,1.9897159647404505,0.6733945571736575,0.6470234406943267,0.8905668304842003,4063,2042,4
dialseg711,random,2,9,0.043986263220716,1.984818805093046,0.6725149397416763,0.6477090947027656,0.890293768845105,4053,2042,4
dialseg711,random,2,10,0.04846355313852939,1.9823702252693438,0.6723168411346738,0.6480406197178349,0.8901392618164771,4048,2042,4
dialseg711,random,2,11,0.052526887727015026,1.9799216454456414,0.6721818768646884,0.648591487040854,0.8901703306590788,4043,2042,4
dialseg711,random,2,12,0.058883106603476475,1.9784524975514202,0.6722598274104431,0.648817526823856,0.8901577728933565,4040,2042,4
dialseg711,random,2,13,0.06285210954091873,1.9735553379040156,0.6721137935313424,0.6494593681829968,0.8896401646225839,4030,2042,4
dialseg711,random,2,14,0.06749203877632694,1.9706170421155729,0.6716808844708517,0.6498938668769891,0.8894209618453642,4024,2042,4
dialseg711,random,2,15,0.07351729429241474,1.9666993143976494,0.6716505814266158,0.6503744107119634,0.8891977126769675,4016,2042,4
dialseg711,random,2,16,0.07731322946041272,1.9632713026444661,0.6708523996438561,0.6508080722215743,0.8888167937833901,4009,2042,4
dialseg711,random,2,17,0.0820108911584645,1.9603330068560234,0.6703887282941088,0.6511317835157497,0.8886709376600377,4003,2042,4
dialseg711,random,2,18,0.08690598382103376,1.9539666993143976,0.6700173922909718,0.6521606831205987,0.888363970053492,3990,2042,4
dialseg711,random,2,19,0.0917392070145678,1.9510284035259549,0.6693234226922141,0.6525533225955167,0.8881627667404742,3984,2042,4
dialseg711,random,2,20,0.09781895765249728,1.9451518119490696,0.6690443075086561,0.6536776612198553,0.8878611013016781,3972,2042,4
dialseg711,random,2,21,0.10174566343089635,1.9422135161606269,0.6685868817125672,0.6541102064836243,0.887846357554515,3966,2042,4
dialseg711,random,2,22,0.10674548942858911,1.9363369245837414,0.6685806266129756,0.6551162230487124,0.8875371574562855,3954,2042,4
dialseg711,random,2,23,0.11243152277553334,1.9324191968658178,0.6677060666888931,0.6555479311281,0.8872407941852388,3946,2042,4
dialseg711,random,2,24,0.1165561043840241,1.9285014691478943,0.668196200090419,0.6561861446882544,0.8872247439230561,3938,2042,4
dialseg711,random,2,25,0.12191688173018785,1.9255631733594516,0.6679086605845805,0.6566968271609621,0.886985588251411,3932,2042,4
dialseg711,random,2,26,0.1272917123736229,1.921645445641528,0.6681015730238385,0.6574996869828094,0.8869681003998868,3924,2042,4
dialseg711,random,2,27,0.132168071837898,1.9157688540646425,0.6678631031429081,0.6586784425919446,0.8867595670725066,3912,2042,4
dialseg711,random,2,28,0.1369455646035237,1.9079333986287954,0.6679008834320184,0.6601733748358221,0.8866744998372987,3896,2042,4
dialseg711,random,2,29,0.14278208806122308,1.9035259549461312,0.6677270717632613,0.6610133498319153,0.8865500942382095,3887,2042,4
dialseg711,random,2,30,0.14718473034924465,1.9000979431929481,0.6679400500875642,0.661529613533833,0.8863606115065328,3880,2042,4
dialseg711,random,2,31,0.15193124132167346,1.8932419196865817,0.6673826375048351,0.6627602745746206,0.8859569491039252,3866,2042,4
dialseg711,random,2,32,0.1585574430004787,1.8898139079333987,0.6678941591134031,0.6635113684955457,0.8859508097517943,3859,2042,4
dialseg711,random,2,33,0.16337713608233295,1.8878550440744368,0.6674857389482195,0.663698897796999,0.8858243949101895,3855,2042,4
dialseg711,random,2,34,0.16779089910491657,1.8829578844270323,0.6676493657163322,0.664843747438684,0.8857416066769089,3845,2042,4
dialseg711,random,2,35,0.17362990600279868,1.8775710088148874,0.6665257494472573,0.6657755336552804,0.885153391628427,3834,2042,4
dialseg711,random,2,36,0.17722026311092068,1.8702252693437806,0.6654971987766323,0.6668107121429907,0.8846300583695099,3819,2042,4
dialseg711,random,2,37,0.18138468899354673,1.8638589618021548,0.665426570857903,0.6677932875453972,0.8844388414701858,3806,2042,4
dialseg711,random,2,38,0.18517528465489375,1.8594515181194906,0.6652832394687356,0.668734840913111,0.8841313157407191,3797,2042,4
dialseg711,random,2,39,0.19037666899849712,1.8540646425073457,0.6652489168605733,0.6698598771911008,0.8839196476229327,3786,2042,4
dialseg711,random,2,40,0.19430990584099625,1.850146914789422,0.6649712440312682,0.6706049712906254,0.8838146274932993,3778,2042,4
dialseg711,random,2,41,0.19987511494815688,1.8408423114593535,0.6651599733856576,0.6723438032509762,0.883404035064423,3759,2042,4
dialseg711,random,2,42,0.20438098220776516,1.8349657198824683,0.6639373114875039,0.6733996449713748,0.8833006986056011,3747,2042,4
dialseg711,random,2,43,0.20841721246738987,1.8290891283055828,0.6635820291291125,0.6745616568928806,0.8831331687088168,3735,2042,4
dialseg711,random,2,44,0.2123826241409906,1.8246816846229188,0.6630372144714841,0.6751652668319335,0.8827511335693976,3726,2042,4
dialseg711,random,2,45,0.2169735934686122,1.8188050930460333,0.661151170246999,0.6761478422343401,0.8820894974506587,3714,2042,4
dialseg711,random,2,46,0.2242645166638221,1.8134182174338884,0.6605296702806177,0.6771220457929319,0.8817517214588744,3703,2042,4
dialseg711,random,2,47,0.23000459991954686,1.8080313418217433,0.659063696512121,0.6780049962539414,0.8814219173228116,3692,2042,4
dialseg711,random,2,48,0.23493906713442378,1.803134182174339,0.6581007570036368,0.6788899001451744,0.8810769669145699,3682,2042,4
dialseg711,random,2,49,0.24141167065628788,1.7972575905974535,0.6586426470472913,0.6801018640681087,0.8807933474502191,3670,2042,4
dialseg711,random,2,50,0.24542186342889838,1.790401567091087,0.6584740455923634,0.6811717857076507,0.8803978801525013,3656,2042,4
dialseg711,random,2,51,0.25156358647987087,1.7845249755142019,0.6581883187021507,0.6823750987253097,0.8803363271675007,3644,2042,4
dialseg711,random,2,52,0.2559327546648692,1.7786483839373164,0.6573124407394996,0.6833110708638134,0.8801914012490164,3632,2042,4
dialseg711,random,2,53,0.2609109152948339,1.772771792360431,0.6570793208538604,0.6844401535329805,0.8799126374540781,3620,2042,4
dialseg711,random,2,54,0.26612722930584964,1.7688540646425073,0.6563662521638876,0.6850836692608844,0.8799194744598603,3612,2042,4
dialseg711,random,2,55,0.2717810037241455,1.7624877571008815,0.6552290059455842,0.6861298706762842,0.8794619066851336,3599,2042,4
dialseg711,random,2,56,0.2758183546862823,1.7571008814887366,0.654034337598293,0.6868954757931551,0.8790568954854667,3588,2042,4
dialseg711,random,2,57,0.2804480751077538,1.7517140058765917,0.6531597602256946,0.6877343345434063,0.8785039737385528,3577,2042,4
dialseg711,random,2,58,0.286155320435101,1.7448579823702253,0.6519505832258683,0.6891271302927421,0.878271682978836,3563,2042,4
dialseg711,random,2,59,0.2914756111873985,1.7384916748285995,0.6508015603468875,0.6901345421651328,0.8781656117177012,3550,2042,4
dialseg711,random,2,60,0.2964255940386505,1.732615083251714,0.6499389221343838,0.6911296753332619,0.8778935958946509,3538,2042,4
dialseg711,random,2,61,0.30221239919012666,1.72820763956905,0.6498058859253981,0.6917039838189627,0.877524676643875,3529,2042,4
dialseg711,random,2,62,0.30706813537723676,1.7208619000979433,0.6478705354587475,0.692958086022432,0.877192174913694,3514,2042,4
dialseg711,random,2,63,0.3129860807945893,1.7149853085210578,0.6467904310031155,0.6936476468913177,0.8764732660812128,3502,2042,4
dialseg711,random,2,64,0.31911369271593004,1.7105778648383938,0.6470270691523872,0.6944149390615636,0.8763650367447835,3493,2042,4
dialseg711,random,2,65,0.32448897131670623,1.7022526934378062,0.6471590689146988,0.6957477365968927,0.8757789146572552,3476,2042,4
dialseg711,random,2,66,0.329063015016482,1.6963761018609207,0.6464933973548577,0.6965343679214987,0.8753135213226635,3464,2042,4
dialseg711,random,2,67,0.33449916346150177,1.688050930460333,0.6457379546783427,0.6983005479049783,0.8748441239997399,3447,2042,4
dialseg711,random,2,68,0.3397395059664674,1.6816846229187072,0.6453682586423589,0.6994089800260687,0.8745636858360386,3434,2042,4
dialseg711,random,2,69,0.3437136890626561,1.6733594515181196,0.6437717257800033,0.7006650356597613,0.8740071924648477,3417,2042,4
dialseg711,random,2,70,0.34909369053646416,1.6674828599412341,0.6438805796037719,0.7016693778560866,0.8735341367790634,3405,2042,4
dialseg711,random,2,71,0.35464886832970366,1.6601371204701274,0.6432493378554969,0.703055615661101,0.87309787999787,3390,2042,4
dialseg711,random,2,72,0.3591420946895139,1.6547502448579823,0.6433121894395566,0.7041171654568279,0.8726032435591405,3379,2042,4
dialseg711,random,2,73,0.36401411033704323,1.6478942213516161,0.641923176026675,0.7052099701361305,0.8721570800960995,3365,2042,4
dialseg711,random,2,74,0.369979347884116,1.6395690499510285,0.641630953232852,0.7069878960701746,0.8716577368207367,3348,2042,4
dialseg711,random,2,75,0.373604633608437,1.6332027424094024,0.6411624512794634,0.707969215696009,0.8713681361390825,3335,2042,4
dialseg711,random,2,76,0.3779907246040879,1.6248775710088148,0.6409146369932955,0.7097926032788903,0.8709226676719645,3318,2042,4
dialseg711,random,2,77,0.38201146602751296,1.61949069539667,0.6405318183925568,0.710654903191823,0.8704002739199646,3307,2042,4
dialseg711,random,2,78,0.3871291961513685,1.609696376101861,0.63938889275485,0.7123111329598673,0.8701138731430573,3287,2042,4
dialseg711,random,2,79,0.3913152437909441,1.6038197845249755,0.6377178033945077,0.7131564101237098,0.8696214971021582,3275,2042,4
dialseg711,random,2,80,0.39652910787822254,1.5974534769833497,0.6375751437500836,0.714329444972905,0.868925517819681,3262,2042,4
dialseg711,random,2,81,0.4021815352986834,1.590107737512243,0.6372109443359755,0.7158472602565429,0.8685837472624192,3247,2042,4
dialseg711,random,2,82,0.40823024385707457,1.583741429970617,0.635519382622337,0.7171423844947051,0.868381762577312,3234,2042,4
dialseg711,random,2,83,0.41247129513231706,1.5759059745347699,0.6349150339911828,0.7186024340560204,0.867713410379424,3218,2042,4
dialseg711,random,2,84,0.41718822814657486,1.5700293829578844,0.6343870497079241,0.7193070642437731,0.8668338923743786,3206,2042,4
dialseg711,random,2,85,0.42258910742837397,1.5626836434867777,0.6323356405579794,0.7205879563474501,0.8662425890457335,3191,2042,4
dialseg711,random,2,86,0.42773727347629,1.555337904015671,0.6313495283823392,0.7213263529719224,0.8658875416864668,3176,2042,4
dialseg711,random,2,87,0.4340713825741784,1.5470127326150833,0.6310503744966873,0.7228470984008958,0.8653802637635771,3159,2042,4
dialseg711,random,2,88,0.43845548102268955,1.5406464250734575,0.629513303972275,0.723826604127237,0.86489507820631,3146,2042,4
dialseg711,random,2,89,0.4444742935920077,1.5323212536728696,0.6285506627319104,0.7255053110274629,0.864343169053838,3129,2042,4
dialseg711,random,2,90,0.448522898066943,1.5244857982370226,0.6290217825678982,0.7267669478903657,0.8639911330214223,3113,2042,4
dialseg711,random,2,91,0.45379142775229586,1.5156709108716944,0.6265120880528738,0.7277221752696436,0.8629424479590242,3095,2042,4
dialseg711,random,2,92,0.4593672156643207,1.5078354554358473,0.6257107466929507,0.7290260899438115,0.86241471483108,3079,2042,4
dialseg711,random,2,93,0.4651085295805344,1.4995102840352597,0.6241906548552928,0.7304892091811923,0.8615649168715777,3062,2042,4
dialseg711,random,2,94,0.4714114565799067,1.4892262487757102,0.6216096318225447,0.732239203599963,0.8615042489100657,3041,2042,4
dialseg711,random,2,95,0.4769034036612787,1.4799216454456414,0.619374463724749,0.7339303160505691,0.8611776433498858,3022,2042,4
dialseg711,random,2,96,0.48275729287486496,1.4706170421155729,0.6186072518078518,0.7355647790246946,0.8607436004562788,3003,2042,4
dialseg711,random,2,97,0.4878072436615271,1.4637610186092067,0.6165632564404511,0.7366049806186937,0.8600553232701112,2989,2042,4
dialseg711,random,2,98,0.4944523280480554,1.4549461312438785,0.6153994716579024,0.7380602861351806,0.8594487473063924,2971,2042,4
dialseg711,random,2,99,0.5006782244764627,1.4441723800195887,0.6155351142208156,0.7396258209285634,0.8583555654712979,2949,2042,4
dialseg711,random,2,100,0.505365811415637,1.4343780607247796,0.614214969251992,0.7413345142511807,0.8575820855057845,2929,2042,4
dialseg711,random,2,101,0.510308222296891,1.4255631733594516,0.6120557162390597,0.7428611199708246,0.857182385775916,2911,2042,4
dialseg711,random,2,102,0.5149214421251133,1.416258570029383,0.6104639665379507,0.7443973533108554,0.8563601962969052,2892,2042,4
dialseg711,random,2,103,0.5209306325606965,1.4035259549461312,0.6064049922258118,0.7469663931161822,0.8549605638484481,2866,2042,4
dialseg711,random,2,104,0.5263315963694744,1.3932419196865817,0.6039588379553836,0.7494569024896027,0.8543823112941056,2845,2042,4
dialseg711,random,2,105,0.5321447195315343,1.3844270323212537,0.6033513972635547,0.7510500643675749,0.8536343149553919,2827,2042,4
dialseg711,random,2,106,0.5355714610477862,1.3736532810969637,0.6004663613926663,0.752700712906409,0.8521570853557995,2805,2042,4
dialseg711,random,2,107,0.5412657425690768,1.3667972575905976,0.5988974591686452,0.7538766779009395,0.8516255290858465,2791,2042,4
dialseg711,random,2,108,0.5459829842610116,1.3579823702252694,0.5967962628779543,0.7550702237674812,0.8504376389299535,2773,2042,4
dialseg711,random,2,109,0.5511543166250181,1.3481880509304602,0.5947598625691605,0.7571564872461497,0.8496124541912667,2753,2042,4
dialseg711,random,2,110,0.5568278929512782,1.3379040156709108,0.5941176153024406,0.7590863367762103,0.8483991228671758,2732,2042,4
dialseg711,random,2,111,0.5621792210302912,1.3281096963761019,0.5927061422894266,0.7605410880727338,0.8475630068924224,2712,2042,4
dialseg711,random,2,112,0.5669756202395851,1.3168462291870715,0.5914606543954242,0.7625363775152805,0.8461713459930257,2689,2042,4
dialseg711,random,2,113,0.5726524390636119,1.3090107737512242,0.5911748954598762,0.7636883432242081,0.8455674011802202,2673,2042,4
dialseg711,random,2,114,0.5778195624445603,1.2982370225269344,0.5900465678981905,0.7660127212606115,0.845063827619333,2651,2042,4
dialseg711,random,2,115,0.5840711718197144,1.2850146914789422,0.5846924119333305,0.7673937964286066,0.8428687606141394,2624,2042,4
dialseg711,random,2,116,0.5893561470165484,1.2757100881488737,0.5835050150796459,0.7690639792696755,0.8418798259929966,2605,2042,4
dialseg711,random,2,117,0.5930922954200184,1.2659157688540645,0.5822362972187216,0.7709631320390814,0.8408592576412046,2585,2042,4
dialseg711,random,2,118,0.5978157566534973,1.2536728697355535,0.5785668692876902,0.7723319285028145,0.8390051360894739,2560,2042,4
dialseg711,random,2,119,0.6025158355088658,1.243388834476004,0.5749904176099728,0.7738380232051117,0.8375433191389088,2539,2042,4
dialseg711,random,2,120,0.6069988983479525,1.2350636630754162,0.5740344895531577,0.775743594388109,0.8369703704435975,2522,2042,4
dialseg711,random,2,121,0.6120838913765163,1.2252693437806073,0.5693401684031404,0.7772021091113918,0.8351530342662048,2502,2042,4
dialseg711,random,2,122,0.6169902569187995,1.2140058765915769,0.5669244414926321,0.7794558348355817,0.8340838703208103,2479,2042,4
dialseg711,random,2,123,0.6234710779872226,1.2047012732615083,0.5664036083458373,0.7809003964858394,0.8323820774270341,2460,2042,4
dialseg711,random,2,124,0.6274890473265987,1.196865817825661,0.5651036356013373,0.7821701261310967,0.8314856762036287,2444,2042,4
dialseg711,random,2,125,0.632323702373784,1.1841332027424094,0.561879457979046,0.7842555524253837,0.8296722155979741,2418,2042,4
dialseg711,random,2,126,0.6373518612010596,1.1709108716944172,0.5586381150530484,0.7869020825244454,0.8279045870318222,2391,2042,4
dialseg711,random,2,127,0.6418644101396365,1.1606268364348677,0.5564726204256657,0.7889307198115215,0.8265851937486455,2370,2042,4
dialseg711,random,2,128,0.6466299023062123,1.149853085210578,0.5523465161630511,0.7913708332220991,0.8247266029202938,2348,2042,4
dialseg711,random,2,129,0.6510970994630939,1.138099902056807,0.5481188655741511,0.7933885871122159,0.8227938216837152,2324,2042,4
dialseg711,random,2,130,0.6561421818601522,1.1273261508325172,0.5438936807360415,0.7947356675204776,0.8210220570884625,2302,2042,4
dialseg711,random,2,131,0.6608356096910823,1.1165523996082272,0.5422505288420765,0.7966577033296443,0.8200501730575067,2280,2042,4
dialseg711,random,2,132,0.665442063002231,1.1062683643486777,0.5417247770505019,0.7990251212297627,0.8188898634109102,2259,2042,4
dialseg711,random,2,133,0.6693009741377267,1.0940254652301664,0.536862420530427,0.8018620600371656,0.8167643030047591,2234,2042,4
dialseg711,random,2,134,0.6748257367927364,1.0817825661116551,0.5321529413085312,0.803947207269992,0.8146952254838532,2209,2042,4
dialseg711,random,2,135,0.6795985654206836,1.0680705190989226,0.531375597410659,0.8064911315438742,0.8138424895080512,2181,2042,4
dialseg711,random,2,136,0.684520135322149,1.0577864838393731,0.5281994563741372,0.8083057540599734,0.8123982327717008,2160,2042,4
dialseg711,random,2,137,0.6883029665952922,1.0455435847208618,0.5272352929803518,0.8102742536023128,0.8105691133054505,2135,2042,4
dialseg711,random,2,138,0.6932561553032859,1.0323212536728696,0.5251882950907131,0.8129616154668897,0.8091872159794602,2108,2042,4
dialseg711,random,2,139,0.6977368661491584,1.0210577864838393,0.5211452526510462,0.8145279874446542,0.8072068664727395,2085,2042,4
dialseg711,random,2,140,0.7032029815094737,1.004407443682664,0.515005440889492,0.8176967303285868,0.8051745836282204,2051,2042,4
dialseg711,random,2,141,0.7081001759800118,0.9916748285994124,0.5097950022836699,0.819598813243328,0.8031138821793333,2025,2042,4
dialseg711,random,2,142,0.7134794167565334,0.980411361410382,0.506328599313668,0.8214721528276381,0.8013162029220902,2002,2042,4
dialseg711,random,2,143,0.7170176065798046,0.9666993143976493,0.501382513987836,0.8235168361486928,0.7988023550337694,1974,2042,4
dialseg711,random,2,144,0.7227033310663006,0.9534769833496572,0.498406602573106,0.8258135119685753,0.7963278495423863,1947,2042,4
dialseg711,random,2,145,0.7275645578305436,0.9427032321253673,0.4945093287080982,0.8278006071518731,0.7947352711565591,1925,2042,4
dialseg711,random,2,146,0.7335780383210786,0.9275220372184133,0.49070039346456373,0.8302326277800962,0.7924422825256661,1894,2042,4
dialseg711,random,2,147,0.7381285482574638,0.9138099902056807,0.4881301492887233,0.8328505287102335,0.7909767454711698,1866,2042,4
dialseg711,random,2,148,0.7433626547027785,0.9005876591576886,0.48496335983501393,0.8352419839497899,0.7888557430688734,1839,2042,4
dialseg711,random,2,149,0.7490587706434045,0.8893241919686582,0.4813352982024847,0.8370917428406879,0.7866812778247879,1816,2042,4
dialseg711,random,2,150,0.7547585966318148,0.8741429970617042,0.4782066580919633,0.8397811976662187,0.7844601354858537,1785,2042,4
dialseg711,random,2,151,0.7606400834383907,0.8594515181194907,0.471291515100871,0.8423337728453762,0.7808790228886495,1755,2042,4
dialseg711,random,2,152,0.7653851420489461,0.8432908912830558,0.46555201398051255,0.8450145767656315,0.7767875820274354,1722,2042,4
dialseg711,random,2,153,0.7692487421636729,0.8305582761998042,0.4627256795086085,0.8475452456201402,0.7741346072999178,1696,2042,4
dialseg711,random,2,154,0.7753367008665476,0.8134182174338883,0.4559679271812359,0.8505952985910791,0.7697201527981794,1661,2042,4
dialseg711,random,2,155,0.7804996643027106,0.7997061704211558,0.450805514793575,0.8525442638311836,0.767461514746644,1633,2042,4
dialseg711,random,2,156,0.7859432348052433,0.7840352595494613,0.4460616669497024,0.8557434244143105,0.7644173465899583,1601,2042,4
dialseg711,random,2,157,0.792010090733849,0.7698334965719883,0.44083386605561364,0.8584925983923876,0.7615325922786417,1572,2042,4
dialseg711,random,2,158,0.7975386586004445,0.7546523016650343,0.43510752488623455,0.860719508847146,0.7578370220130995,1541,2042,4
dialseg711,random,2,159,0.8029989895766284,0.7394711067580804,0.43014469587277254,0.8637387001574766,0.7548604158260194,1510,2042,4
dialseg711,random,2,160,0.8080146040633053,0.7252693437806073,0.423642798842339,0.866059679693646,0.7512797053711879,1481,2042,4
dialseg711,random,2,161,0.8121611103388671,0.7095984329089128,0.4177340499700757,0.868891189487181,0.7468158817812102,1449,2042,4
dialseg711,random,2,162,0.8183086416298486,0.6939275220372184,0.4103445024961399,0.8714903679302413,0.7433943682137754,1417,2042,4
dialseg711,random,2,163,0.8228651257655066,0.678256611165524,0.40188247776718206,0.8738933661665729,0.7389500185256067,1385,2042,4
dialseg711,random,2,164,0.8283233192442463,0.66307541625857,0.39738689613087075,0.8767187239233653,0.735567718423587,1354,2042,4
dialseg711,random,2,165,0.8331890362174931,0.6469147894221352,0.3921836146307414,0.8799555578036591,0.731807184403553,1321,2042,4
dialseg711,random,2,166,0.8375260428215404,0.6287952987267384,0.38549953452893976,0.8834527560265957,0.7276361854540728,1284,2042,4
dialseg711,random,2,167,0.8423705675964653,0.6121449559255632,0.3774536344999173,0.887246317520579,0.7224874443142878,1250,2042,4
dialseg711,random,2,168,0.8467286320295051,0.5964740450538688,0.3710977306756591,0.8902297889639661,0.7185583928602094,1218,2042,4
dialseg711,random,2,169,0.8527657016180898,0.5798237022526934,0.36395598977864385,0.8935889912946875,0.7141474441364657,1184,2042,4
dialseg711,random,2,170,0.8589992553433828,0.5631733594515181,0.3520746690365637,0.8966182034483723,0.7077433215491505,1150,2042,4
dialseg711,random,2,171,0.8629436894058965,0.5430950048971597,0.3458594121883955,0.9000838677262728,0.700892548601021,1109,2042,4
dialseg711,random,2,172,0.8680639506738139,0.5254652301665035,0.3387902272711093,0.903321310467935,0.6960567093108364,1073,2042,4
dialseg711,random,2,173,0.8737146702021492,0.5088148873653281,0.33179806331692,0.9064445663338068,0.6915971945220422,1039,2042,4
dialseg711,random,2,174,0.8784530224693747,0.49167482859941236,0.3211006197825442,0.9098269307657494,0.6866665947769723,1004,2042,4
dialseg711,random,2,175,0.8844576010765446,0.47502448579823703,0.3123983671984351,0.912866506247308,0.6817456796239897,970,2042,4
dialseg711,random,2,176,0.8888317392902528,0.4603330068560235,0.30618557784107553,0.9150099773253781,0.6765189984358416,940,2042,4
dialseg711,random,2,177,0.893881108293542,0.4436826640548482,0.2930161093973454,0.9178910078435395,0.669236306637141,906,2042,4
dialseg711,random,2,178,0.8985737796423754,0.4236043095004897,0.2858699035169624,0.9216872204213976,0.6618626533290398,865,2042,4
dialseg711,random,2,179,0.9031346096296226,0.40450538687561216,0.26960016073940124,0.9242257029968002,0.6523773316343195,826,2042,4
dialseg711,random,2,180,0.9077555846118609,0.385896180215475,0.2615866318397964,0.9277453656673067,0.645747315789436,788,2042,4
dialseg711,random,2,181,0.9123202644804708,0.3672869735553379,0.25095773893242246,0.9312423482518419,0.6396335969631954,750,2042,4
dialseg711,random,2,182,0.9174930689290764,0.34916748285994126,0.24067711472774764,0.9352026489684717,0.6334737815917271,713,2042,4
dialseg711,random,2,183,0.9225032499641767,0.33202742409402547,0.23114660772888623,0.9380299601554876,0.6255293454546209,678,2042,4
dialseg711,random,2,184,0.927607054097549,0.3129285014691479,0.2188165561583283,0.9416594335106993,0.6162469822246442,639,2042,4
dialseg711,random,2,185,0.9323494159773781,0.292360430950049,0.20695532784140377,0.9459403758454392,0.6065745075950115,597,2042,4
dialseg711,random,2,186,0.9380297738424401,0.2742409402546523,0.1998024244859688,0.9495694306084601,0.5998156195039887,560,2042,4
dialseg711,random,2,187,0.9428848141226522,0.2546523016650343,0.1878507802558435,0.952758544979009,0.5913404253768,520,2042,4
dialseg711,random,2,188,0.947400359526731,0.2345739471106758,0.1737592927466345,0.9563789488367548,0.579930106128928,479,2042,4
dialseg711,random,2,189,0.9525600892766186,0.21400587659157688,0.1653204741812337,0.9600721877356898,0.5700296014959628,437,2042,4
dialseg711,random,2,190,0.957193006079242,0.1929480901077375,0.15385439689237157,0.9641949022223284,0.55866145753261,394,2042,4
dialseg711,random,2,191,0.9618338719388152,0.17189030362389815,0.1393342709798406,0.9680843213279924,0.5461130202653579,351,2042,4
dialseg711,random,2,192,0.9672578371686417,0.15083251714005877,0.12705110173464604,0.9722285235470891,0.533201855141915,308,2042,4
dialseg711,random,2,193,0.9722811848811019,0.13026444662095985,0.11270511017346459,0.9764307705499687,0.5216133521018523,266,2042,4
dialseg711,random,2,194,0.9771183455908621,0.10969637610186092,0.0959212376933896,0.9796044506751259,0.508748128262055,224,2042,4
dialseg711,random,2,195,0.9817577763691784,0.0871694417238002,0.08030942334739802,0.9838356439622261,0.49432023684455856,178,2042,4
dialseg711,random,2,196,0.986027710198473,0.06562193927522038,0.06394749179559306,0.9877331558502446,0.4809311363095804,134,2042,4
dialseg711,random,2,197,0.9903983159737194,0.04407443682664055,0.0403187998124707,0.9915084388185653,0.46734988455260806,90,2042,4
dialseg711,random,2,198,0.9948868735794819,0.022037218413320275,0.017440225035161742,0.9954206014332598,0.45187153518911466,45,2042,4
dialseg711,random,2,199,0.999782709081737,0.0004897159647404506,0.0007032348804500703,0.9998241912798875,0.4376863577895441,1,2042,4
dialseg711,random,2,0,0.0001468096603828295,2.004407443682664,0.6793692614489123,0.649498297256736,0.8938873785744391,4093,2042,5
dialseg711,random,2,1,0.005188500014023639,2.001958863858962,0.6789062223782782,0.6498499146969611,0.8938708674380264,4088,2042,5
dialseg711,random,2,2,0.01157085379953227,1.9980411361410382,0.6788995014854814,0.6505350105824789,0.8936470601467084,4080,2042,5
dialseg711,random,2,3,0.01610557560416198,1.995592556317336,0.6783248581260278,0.6508280251159998,0.8935206453051038,4075,2042,5
dialseg711,random,2,4,0.021441647870994906,1.9921645445641527,0.6780898451043702,0.6513515444158904,0.8933585105965556,4068,2042,5
dialseg711,random,2,5,0.02725594362181081,1.9892262487757102,0.6783740510022249,0.6520293847034353,0.8933576734121742,4062,2042,5
dialseg711,random,2,6,0.03177675942460344,1.9862879529872675,0.6785805336935871,0.6526261576367062,0.8932678156218944,4056,2042,5
dialseg711,random,2,7,0.03718972981034663,1.9828599412340842,0.678186397434472,0.6531770249597254,0.8931331219569616,4049,2042,5
dialseg711,random,2,8,0.041391959297601796,1.979431929480901,0.6776192751151843,0.6537786814685549,0.8929659641421245,4042,2042,5
dialseg711,random,2,9,0.04655877277454745,1.976003917727718,0.6776263004386653,0.654374477686714,0.8929757820316893,4035,2042,5
dialseg711,random,2,10,0.05185478189078454,1.9711067580803134,0.6774161072009424,0.6549945522519361,0.8924928196640574,4025,2042,5
dialseg711,random,2,11,0.0553292674108699,1.9666993143976494,0.6766439217551405,0.6558811305119322,0.8923631863136083,4016,2042,5
dialseg711,random,2,12,0.06034767327613026,1.964250734573947,0.6762867230857056,0.6562835371379674,0.8922415155168322,4011,2042,5
dialseg711,random,2,13,0.06583436024652291,1.959843290891283,0.6765350568097558,0.6573584818837984,0.8922491009147129,4002,2042,5
dialseg711,random,2,14,0.07233431794021561,1.9583741429970618,0.6765938509613769,0.6575538249061456,0.8922504962220152,3999,2042,5
dialseg711,random,2,15,0.07804413955602395,1.9559255631733594,0.6757456883410624,0.6576710307195539,0.8919769229702423,3994,2042,5
dialseg711,random,2,16,0.08184405897603875,1.9515181194906954,0.6754495310084195,0.6585232844199089,0.8918037374278585,3985,2042,5
dialseg711,random,2,17,0.08619011175086805,1.949069539666993,0.6752289896708451,0.6587401151747143,0.8916153709420236,3980,2042,5
dialseg711,random,2,18,0.09203708202511299,1.94564152791381,0.6753696132291902,0.6591073600567272,0.89135268108721,3973,2042,5
dialseg711,random,2,19,0.09723468654622767,1.9422135161606269,0.6744166897246344,0.6596875288330984,0.891024783871127,3966,2042,5
dialseg711,random,2,20,0.10134609994590889,1.935847208619001,0.6744059868968554,0.6610270238434796,0.8908622026642421,3953,2042,5
dialseg711,random,2,21,0.10631402476103823,1.9314397649363368,0.6750054109140009,0.662024668564753,0.8907281601427172,3944,2042,5
dialseg711,random,2,22,0.11266784331835188,1.9265426052889325,0.6750135441951213,0.6631439840828026,0.8906316048773857,3934,2042,5
dialseg711,random,2,23,0.1177187835924396,1.9255631733594516,0.6751698186129991,0.6633901162909601,0.8906394185982794,3932,2042,5
dialseg711,random,2,24,0.12312774686263792,1.921645445641528,0.6751697877287268,0.6639995865206836,0.8904577495874966,3924,2042,5
dialseg711,random,2,25,0.1280614390322931,1.9182174338883449,0.6749240441173837,0.6647145419824745,0.890319521144064,3917,2042,5
dialseg711,random,2,26,0.13318903176449617,1.9113614103819785,0.6746213314595092,0.66569655926196,0.889806234097725,3903,2042,5
dialseg711,random,2,27,0.1378969615929235,1.908912830558276,0.6745213598486438,0.6659376683638287,0.88962903007031,3898,2042,5
dialseg711,random,2,28,0.14313159126359074,1.9035259549461312,0.6748258082520066,0.6666389498140554,0.8894386171337649,3887,2042,5
dialseg711,random,2,29,0.14691509236116712,1.8986287952987266,0.6741650853028747,0.6677172432974121,0.8889792354595448,3877,2042,5
dialseg711,random,2,30,0.15233186035799787,1.8947110675808032,0.6744729445237461,0.6684732207938959,0.8887601722130554,3869,2042,5
dialseg711,random,2,31,0.15706604797920462,1.8907933398628796,0.673287929392473,0.6690508780171227,0.8888494718804141,3861,2042,5
dialseg711,random,2,32,0.16159077541967898,1.8878550440744368,0.6732029932315874,0.6694209135137404,0.8886137833360056,3855,2042,5
dialseg711,random,2,33,0.16663421111026347,1.8834476003917728,0.6734439699722891,0.6702099597932931,0.8885310695191144,3846,2042,5
dialseg711,random,2,34,0.17290610347922272,1.8756121449559255,0.6724496070874161,0.6714551320300265,0.8878667172021603,3830,2042,5
dialseg711,random,2,35,0.17740840024537943,1.8736532810969637,0.6721850568228658,0.6719390246025266,0.8879590307332924,3826,2042,5
dialseg711,random,2,36,0.18286463501648365,1.867286973555338,0.6726703887650043,0.6730943390489804,0.887986936879342,3813,2042,5
dialseg711,random,2,37,0.1886341562898874,1.862879529872674,0.6721675001590153,0.6737866905324711,0.8877927752171776,3804,2042,5
dialseg711,random,2,38,0.19227990800226194,1.8570029382957884,0.6711498768085681,0.6750896284915272,0.8874156143512684,3792,2042,5
dialseg711,random,2,39,0.19852081360825444,1.8530852105778648,0.6707197162518252,0.6757459810466139,0.8871165999963471,3784,2042,5
dialseg711,random,2,40,0.20464219882988188,1.8481880509304602,0.6699499896692419,0.6765711657853009,0.8865115389376993,3774,2042,5
dialseg711,random,2,41,0.20839473479964135,1.8437806072477962,0.6698076713090034,0.6772258439716244,0.8860070888376094,3765,2042,5
dialseg711,random,2,42,0.21474152164619495,1.8364348677766895,0.6689806111025752,0.6784266454361391,0.8856249234695086,3750,2042,5
dialseg711,random,2,43,0.21892283644402838,1.8320274240940255,0.6676673031002625,0.6791494146188238,0.8850082441520557,3741,2042,5
dialseg711,random,2,44,0.22423416732309323,1.8276199804113613,0.6670615495504644,0.6798526494992739,0.884557931975302,3732,2042,5
dialseg711,random,2,45,0.22926923968992088,1.8222331047992164,0.6671591703231905,0.6809016415292787,0.884331194538649,3721,2042,5
dialseg711,random,2,46,0.23421978189151405,1.8153770812928502,0.6665684575642614,0.6818099865831934,0.8839664891159267,3707,2042,5
dialseg711,random,2,47,0.2404773954180864,1.8090107737512242,0.6664014265955427,0.6831314821293724,0.8838346790860857,3694,2042,5
dialseg711,random,2,48,0.24534732135409484,1.8046033300685602,0.6656174161068908,0.6841486611528805,0.8835385948764992,3685,2042,5
dialseg711,random,2,49,0.24948287743954656,1.7987267384916747,0.6657917388645952,0.6849534744049511,0.8831662338677106,3673,2042,5
dialseg711,random,2,50,0.2527600561272887,1.7933398628795298,0.6656405618058662,0.685924329226017,0.8828324391527625,3662,2042,5
dialseg711,random,2,51,0.2588494669430524,1.7889324191968659,0.6654289981888605,0.6865723099372888,0.8823697552512602,3653,2042,5
dialseg711,random,2,52,0.26428128171645204,1.7850146914789422,0.6644804468183682,0.6870411331909222,0.8818348502437814,3645,2042,5
dialseg711,random,2,53,0.2691602532630596,1.7801175318315376,0.664443915136267,0.6877047667132055,0.8815152783612701,3635,2042,5
dialseg711,random,2,54,0.2737262689656974,1.7737512242899118,0.6637835075460999,0.6888274309687812,0.8811335222833113,3622,2042,5
dialseg711,random,2,55,0.27870362984414504,1.766405484818805,0.6631112560462843,0.6903407812690513,0.8808223222446149,3607,2042,5
dialseg711,random,2,56,0.2835463787382277,1.7595494613124387,0.6629555054412367,0.6914048426179228,0.88065293870322,3593,2042,5
dialseg711,random,2,57,0.2887381417731501,1.752203721841332,0.6620017400589262,0.6927937315068117,0.8800958390075831,3578,2042,5
dialseg711,random,2,58,0.2940242946613337,1.7458374142997062,0.6602220091824708,0.6936540779895211,0.8797770950074044,3565,2042,5
dialseg711,random,2,59,0.2986001632181526,1.7409402546523016,0.6597399549996158,0.6947633472949929,0.8796382619308077,3555,2042,5
dialseg711,random,2,60,0.3031704833707822,1.7321253672869736,0.6580552578038271,0.6963062781100756,0.8790052947261106,3537,2042,5
dialseg711,random,2,61,0.30943926129795274,1.7252693437806073,0.6560733125729368,0.6969612138915936,0.878474475854926,3523,2042,5
dialseg711,random,2,62,0.3135206533761109,1.7198824681684624,0.6558695569782653,0.698137178886124,0.8781348394534049,3512,2042,5
dialseg711,random,2,63,0.32099955941450203,1.7125367286973556,0.6550745175534235,0.6993981180953754,0.8780012341281679,3497,2042,5
dialseg711,random,2,64,0.32581751290410665,1.708619000979432,0.654496067208151,0.7002654411145972,0.8777592878419178,3489,2042,5
dialseg711,random,2,65,0.3309301427286243,1.7022526934378062,0.6550960784089382,0.7012989452335444,0.8773382771185162,3476,2042,5
dialseg711,random,2,66,0.3356186200155825,1.693437806072478,0.6545479636859596,0.702846899154916,0.8767330486229923,3458,2042,5
dialseg711,random,2,67,0.34110732901198365,1.6895200783545543,0.6545101285127245,0.7035989697909529,0.8766621670120264,3450,2042,5
dialseg711,random,2,68,0.34684057916839445,1.6846229187071498,0.6532157586751612,0.7040736533352566,0.875970541088333,3440,2042,5
dialseg711,random,2,69,0.351769599805107,1.6807051909892263,0.6532519381727456,0.7047718651094178,0.8755732590454813,3432,2042,5
dialseg711,random,2,70,0.356195553796631,1.6748285994123409,0.652764310469928,0.7058423448718807,0.8753333499078928,3420,2042,5
dialseg711,random,2,71,0.36065406410088613,1.6645445641527914,0.651410544603615,0.7076794064663263,0.8747332561432422,3399,2042,5
dialseg711,random,2,72,0.3654137583139586,1.658667972575906,0.650839409222353,0.7085797982686168,0.8743720271498049,3387,2042,5
dialseg711,random,2,73,0.37066522252361495,1.6537708129285014,0.650910609998574,0.7095233050665539,0.8742880296501957,3377,2042,5
dialseg711,random,2,74,0.3751941801040139,1.6478942213516161,0.651249724103021,0.711008470159314,0.8739788295519659,3365,2042,5
dialseg711,random,2,75,0.38025002119879603,1.6376101860920667,0.6499720599385231,0.713044921167284,0.8733234816181372,3344,2042,5
dialseg711,random,2,76,0.38590633206377417,1.629285014691479,0.6493851973785969,0.7144518348895985,0.8727265099592807,3327,2042,5
dialseg711,random,2,77,0.3905390508116548,1.6204701273261508,0.6481003086875345,0.715730215440131,0.8718304622137252,3309,2042,5
dialseg711,random,2,78,0.3959540739036452,1.6111655239960823,0.6471357767723945,0.7175561145761568,0.8711517847417987,3290,2042,5
dialseg711,random,2,79,0.4005708861335574,1.6028403525954946,0.6461634134171752,0.7193652700245527,0.8708707326428846,3273,2042,5
dialseg711,random,2,80,0.40404766258904795,1.595494613124388,0.6452676937369909,0.721044103770897,0.870882783869774,3258,2042,5
dialseg711,random,2,81,0.4090521483345239,1.5857002938295788,0.6443909205097584,0.7231099957629494,0.8704939117245728,3238,2042,5
dialseg711,random,2,82,0.4136550353822975,1.5803134182174339,0.6434726023663223,0.7243322849599222,0.8703795988483048,3227,2042,5
dialseg711,random,2,83,0.41956261395664335,1.5729676787463271,0.642410377075146,0.7257914973368561,0.8697186510811687,3212,2042,5
dialseg711,random,2,84,0.42504717359637134,1.5646425073457395,0.6405141180517544,0.7270069748972703,0.8691360225773526,3195,2042,5
dialseg711,random,2,85,0.4290437251736864,1.5558276199804113,0.6389636305138916,0.7282911015769665,0.8684048722488044,3177,2042,5
dialseg711,random,2,86,0.43424138143467017,1.549951028403526,0.6380795421293133,0.7292067022288542,0.8677280365825172,3165,2042,5
dialseg711,random,2,87,0.438892391769026,1.542605288932419,0.6377876285743407,0.7303099970821489,0.8670353874334685,3150,2042,5
dialseg711,random,2,88,0.4436716713720054,1.5328109696376102,0.6343536564260474,0.7319605060902529,0.8661403815173657,3130,2042,5
dialseg711,random,2,89,0.4485272128263115,1.523996082272282,0.633565656293166,0.7331660515995959,0.8654460486975053,3112,2042,5
dialseg711,random,2,90,0.45308310189712603,1.5166503428011753,0.6335618061403956,0.7344925702520639,0.8648064956423405,3097,2042,5
dialseg711,random,2,91,0.45785724762400887,1.5078354554358473,0.6330707057237553,0.7363858627307995,0.8646473189852737,3079,2042,5
dialseg711,random,2,92,0.4636103835605103,1.5004897159647403,0.6323677290174547,0.7376315930904538,0.8639064533313078,3064,2042,5
dialseg711,random,2,93,0.4693278278367282,1.4911851126346718,0.6308701316227431,0.7390588909839965,0.862737781142945,3045,2042,5
dialseg711,random,2,94,0.4731047381813577,1.4818805093046032,0.6281196742211381,0.7403149466176893,0.8622322334011103,3026,2042,5
dialseg711,random,2,95,0.47833536466273624,1.4706170421155729,0.6253578416680552,0.7420371744211408,0.8609196257068972,3003,2042,5
dialseg711,random,2,96,0.48376645581654304,1.4627815866797258,0.6237911929869892,0.7433629954199574,0.8603388243912156,2987,2042,5
dialseg711,random,2,97,0.48809102672886884,1.4524975514201763,0.6228482593135882,0.7447560955999776,0.8591743195206628,2966,2042,5
dialseg711,random,2,98,0.49375687216740477,1.4441723800195887,0.621563482655531,0.7461966108590581,0.85804322760898,2949,2042,5
dialseg711,random,2,99,0.4982455336372249,1.4348677766895201,0.6222759053406312,0.7482131089726026,0.8578050353638058,2930,2042,5
dialseg711,random,2,100,0.504972838183985,1.4285014691478943,0.6208504796957962,0.7490255964148369,0.8566904266823898,2917,2042,5
dialseg711,random,2,101,0.510585743873562,1.4201762977473065,0.6203175707985289,0.7506017355437188,0.8562176407560174,2900,2042,5
dialseg711,random,2,102,0.5175207492046436,1.410871694417238,0.6199333424215955,0.7526093036905274,0.8553708752643856,2881,2042,5
dialseg711,random,2,103,0.5227748747853656,1.4025465230166503,0.6188493505236364,0.7540626557767908,0.8549192861700396,2864,2042,5
dialseg711,random,2,104,0.5267171607400314,1.3932419196865817,0.6175273212891044,0.7556736775882346,0.8540842146824666,2845,2042,5
dialseg711,random,2,105,0.5313877160458456,1.3863858961802156,0.6160918291363126,0.7569891733130131,0.853817863807064,2831,2042,5
dialseg711,random,2,106,0.5363048350803641,1.377081292850147,0.6143095367111808,0.7586099622755741,0.8532205834893196,2812,2042,5
dialseg711,random,2,107,0.5418272842050206,1.3682664054848188,0.6103636076597665,0.7596240716230167,0.8517198416932192,2794,2042,5
dialseg711,random,2,108,0.546401017904814,1.3589618021547503,0.6089076014657425,0.7614174600988948,0.8508463557089738,2775,2042,5
dialseg711,random,2,109,0.5509616487548741,1.3506366307541626,0.6082452460653693,0.7627661641374721,0.8503518588009747,2758,2042,5
dialseg711,random,2,110,0.5560235308653068,1.3408423114593535,0.6073207921827569,0.7644313238722522,0.8491154211879548,2738,2042,5
dialseg711,random,2,111,0.5625578257032867,1.331537708129285,0.6064217926638831,0.7664334503205811,0.8489660993870357,2719,2042,5
dialseg711,random,2,112,0.5686494096933671,1.3212536728697355,0.6038086257915948,0.7683550929067807,0.848227060921204,2698,2042,5
dialseg711,random,2,113,0.5734347171072162,1.3124387855044075,0.600963315140377,0.7697590511145365,0.8469933251305062,2680,2042,5
dialseg711,random,2,114,0.5781150355572054,1.3041136141038199,0.6005420308273082,0.7714907670076446,0.846138876146662,2663,2042,5
dialseg711,random,2,115,0.5830874753724014,1.2938295788442704,0.5982843251196148,0.7729529095299138,0.8449762781960893,2642,2042,5
dialseg711,random,2,116,0.5868764044460555,1.2815866797257591,0.5963594908637911,0.7750772648979402,0.8439487925026403,2617,2042,5
dialseg711,random,2,117,0.5925201714567324,1.270812928501469,0.594748196212818,0.776927306753256,0.8429098094770187,2595,2042,5
dialseg711,random,2,118,0.5985162388688698,1.2615083251714005,0.5940958490104583,0.7789351539615252,0.8418707892432025,2576,2042,5
dialseg711,random,2,119,0.6039829512210209,1.2502448579823702,0.5932487904859094,0.7809631189641738,0.8408468649055348,2553,2042,5
dialseg711,random,2,120,0.6076560672132081,1.2389813907933398,0.5893774409828896,0.7828986892541745,0.8396408542937578,2530,2042,5
dialseg711,random,2,121,0.6130333761296567,1.227228207639569,0.5885083988256866,0.784952454757307,0.8384055284381786,2506,2042,5
dialseg711,random,2,122,0.618584568175458,1.2154750244857981,0.5838713106442945,0.7869053268578585,0.8371488646586598,2482,2042,5
dialseg711,random,2,123,0.6226225336761615,1.2017629774730656,0.5813269378286051,0.789156934251871,0.8360950448653884,2454,2042,5
dialseg711,random,2,124,0.6276025449097798,1.1904995102840352,0.5793286331399371,0.7911547606167859,0.8348696301800581,2431,2042,5
dialseg711,random,2,125,0.6323602040644983,1.1767874632713027,0.5761609781480082,0.793258744498196,0.8332795286761029,2403,2042,5
dialseg711,random,2,126,0.6369765972550427,1.1645445641527914,0.5749269005404017,0.7956422084322928,0.8322408991283313,2378,2042,5
dialseg711,random,2,127,0.6416128988577073,1.1513222331047992,0.5700964771968303,0.7973165771952692,0.8304503331597965,2351,2042,5
dialseg711,random,2,128,0.6469182587513755,1.1415279138099903,0.5677775749523882,0.7986658393567675,0.8290473469557254,2331,2042,5
dialseg711,random,2,129,0.6522630439971545,1.13026444662096,0.5652508860421119,0.8003731373720825,0.8277599683597273,2308,2042,5
dialseg711,random,2,130,0.6564670636366002,1.1199804113614105,0.5622595821847187,0.8021612236802108,0.8267317105962374,2287,2042,5
dialseg711,random,2,131,0.6608371278600751,1.109696376101861,0.5594535751370949,0.8038760563549593,0.8257367834020437,2266,2042,5
dialseg711,random,2,132,0.6668294145680671,1.09794319294809,0.5590052822615315,0.8061282218718927,0.8243473549943312,2242,2042,5
dialseg711,random,2,133,0.6717236587770185,1.0857002938295788,0.554687440390947,0.8084756868775856,0.8213440498918698,2217,2042,5
dialseg711,random,2,134,0.6764166419604032,1.074926542605289,0.5529847438658445,0.8106322738442991,0.8197320234591683,2195,2042,5
dialseg711,random,2,135,0.6814158760169053,1.0651322233104799,0.5514838480308503,0.8123605014691512,0.8188098445675802,2175,2042,5
dialseg711,random,2,136,0.686442615081209,1.0533790401567091,0.5481485054550014,0.8150124225282452,0.8175189647956878,2151,2042,5
dialseg711,random,2,137,0.6909282712703658,1.0430950048971597,0.5437080898631964,0.8164466589044648,0.816013478304266,2130,2042,5
dialseg711,random,2,138,0.6963498798145143,1.0293829578844271,0.5411536597460957,0.81920043739664,0.8143332391029298,2102,2042,5
dialseg711,random,2,139,0.7013472735259243,1.0156709108716944,0.5381833295605757,0.8218199873263164,0.8114473410763847,2074,2042,5
dialseg711,random,2,140,0.7072238411412646,1.0014691478942213,0.532756536245969,0.8240928033913266,0.8097112993682212,2045,2042,5
dialseg711,random,2,141,0.7128542962722347,0.9897159647404505,0.5267087162740983,0.8255315047509141,0.8074426903661382,2021,2042,5
dialseg711,random,2,142,0.717210371138541,0.9794319294809011,0.5217182161137115,0.827011646737385,0.8056330279235643,2000,2042,5
dialseg711,random,2,143,0.7218374133056786,0.9662095984329089,0.5184092418219937,0.8294528763938045,0.8041067308628087,1973,2042,5
dialseg711,random,2,144,0.7264531405586532,0.9529872673849168,0.5148113568417623,0.831349936202257,0.8023769024399423,1946,2042,5
dialseg711,random,2,145,0.7314569515305185,0.9397649363369246,0.5112616950642523,0.8338397606066382,0.800760658991772,1919,2042,5
dialseg711,random,2,146,0.7353231976950507,0.9236043095004897,0.5088121920562981,0.8367387905890016,0.7976804422740729,1886,2042,5
dialseg711,random,2,147,0.7399483276606601,0.9103819784524976,0.5080830648591953,0.839538335160698,0.7966708995076988,1859,2042,5
dialseg711,random,2,148,0.7453621295935454,0.8981390793339863,0.5029788665929221,0.8414349763769595,0.795148090389953,1834,2042,5
dialseg711,random,2,149,0.7494067179848173,0.8849167482859941,0.49942270432492064,0.843645561736279,0.7928766383156577,1807,2042,5
dialseg711,random,2,150,0.7551523481979465,0.8712047012732616,0.49677899737925074,0.8461199392106565,0.7905786133658169,1779,2042,5
dialseg711,random,2,151,0.7605889011986542,0.8570029382957884,0.4914355285336723,0.8481199726980317,0.7884709162757007,1750,2042,5
dialseg711,random,2,152,0.7651061007969185,0.8413320274240941,0.4874237409775809,0.8510582108155949,0.7863581385757218,1718,2042,5
dialseg711,random,2,153,0.7689897125480265,0.827130264446621,0.48123862276714624,0.8530674533311665,0.7831814039309843,1689,2042,5
dialseg711,random,2,154,0.7735666856528676,0.8134182174338883,0.47545848313506484,0.8561383851731953,0.7803940311646053,1661,2042,5
dialseg711,random,2,155,0.7790705536758195,0.7962781586679726,0.46892752569817536,0.8587381217391765,0.7771380146111574,1626,2042,5
dialseg711,random,2,156,0.7848161965394861,0.7806072477962782,0.4620688516143833,0.8614648312696837,0.7738817181397332,1594,2042,5
dialseg711,random,2,157,0.7898595482439246,0.7654260528893242,0.4577333848094518,0.8645167996170107,0.7704206242059204,1563,2042,5
dialseg711,random,2,158,0.7951312174440864,0.7531831537708129,0.45420472874915013,0.8667738487095029,0.7687398884182931,1538,2042,5
dialseg711,random,2,159,0.7991809809597471,0.7370225269343781,0.44834332183289083,0.8703503003872203,0.7654286559813321,1505,2042,5
dialseg711,random,2,160,0.8038055754764774,0.7247796278158668,0.4417373789400281,0.8723042887336135,0.761427631741208,1480,2042,5
dialseg711,random,2,161,0.807986910262932,0.708619000979432,0.43381338470690667,0.8742835575114057,0.7580390675913924,1447,2042,5
dialseg711,random,2,162,0.8124246201087145,0.692458374142997,0.42783700446892303,0.8772915609940927,0.7534504338466402,1414,2042,5
dialseg711,random,2,163,0.8174763455262153,0.6772771792360431,0.4241757181072147,0.8805710278547831,0.7490149867599977,1383,2042,5
dialseg711,random,2,164,0.8221295177747545,0.6611165523996082,0.41744429604940897,0.8840174368919094,0.7449526941534013,1350,2042,5
dialseg711,random,2,165,0.8268052280707916,0.6459353574926543,0.4105369667792105,0.8862309523965642,0.7413346587403589,1319,2042,5
dialseg711,random,2,166,0.8312045494099723,0.6297747306562194,0.4054424207563945,0.8888698970977452,0.7375565320542524,1286,2042,5
dialseg711,random,2,167,0.8366594348229724,0.6136141038197845,0.3967318948207506,0.8913716830910924,0.7318086806238115,1253,2042,5
dialseg711,random,2,168,0.8416493941293942,0.5964740450538688,0.38529103155561334,0.8936838038895001,0.7256234497009222,1218,2042,5
dialseg711,random,2,169,0.8463491028581366,0.5788442703232125,0.3783792373020469,0.896960683089375,0.7198826299023338,1182,2042,5
dialseg711,random,2,170,0.851387661176625,0.5626836434867777,0.3710338800311498,0.9001151938388227,0.7165692474468979,1149,2042,5
dialseg711,random,2,171,0.8569464555197484,0.5450538687561215,0.3636927907590603,0.9037609922894734,0.7121209665253398,1113,2042,5
dialseg711,random,2,172,0.8631552679002906,0.5254652301665035,0.35167082304089003,0.9064131924100279,0.7052686735192628,1073,2042,5
dialseg711,random,2,173,0.8688302311357756,0.5073457394711067,0.3399850423057174,0.9090994380287629,0.6984579326895345,1036,2042,5
dialseg711,random,2,174,0.8747493236515647,0.4887365328109696,0.33432902462438324,0.9131388526694434,0.6920861678046977,998,2042,5
dialseg711,random,2,175,0.8799428847142747,0.47257590597453475,0.3247918201504699,0.9160103950979478,0.6868229034345417,965,2042,5
dialseg711,random,2,176,0.8843067873825344,0.45592556317335947,0.3160181278324738,0.9193306683549299,0.6806162482938425,931,2042,5
dialseg711,random,2,177,0.8891814074623766,0.43927522037218414,0.30452526064340407,0.9212118216601339,0.6744239282467611,897,2042,5
dialseg711,random,2,178,0.8945426735574725,0.4201762977473066,0.29185363784519897,0.9239033694466183,0.665970567306262,858,2042,5
dialseg711,random,2,179,0.9000257935370212,0.4040156709108717,0.28186100506775613,0.9266155677811797,0.6593585975238405,825,2042,5
dialseg711,random,2,180,0.9046804965309491,0.385896180215475,0.27083026365726787,0.9295596915586367,0.6518754887279576,788,2042,5
dialseg711,random,2,181,0.9100380150186295,0.36777668952007836,0.2609849753309669,0.9324916507933385,0.6453028050021342,751,2042,5
dialseg711,random,2,182,0.9143972376732831,0.34818805093046035,0.2508985779027973,0.9364262778556026,0.6382211825952657,711,2042,5
dialseg711,random,2,183,0.9196538369139571,0.33006856023506365,0.24152211283012967,0.9396135783266586,0.6305864097002959,674,2042,5
dialseg711,random,2,184,0.9254869087803745,0.31145935357492655,0.2285825910298484,0.9429616181989601,0.6217556998980116,636,2042,5
dialseg711,random,2,185,0.9304867968092342,0.2908912830558276,0.21349987721295735,0.946396902831502,0.6119632211311182,594,2042,5
dialseg711,random,2,186,0.9352724227230175,0.2722820763956905,0.2048110195789521,0.9501930266170772,0.6037377244529887,556,2042,5
dialseg711,random,2,187,0.9407403451576337,0.25269343780607245,0.18980867546268387,0.9535187415725391,0.593558832925715,516,2042,5
dialseg711,random,2,188,0.9460142782711168,0.23310479921645447,0.176628044560534,0.9574010446109602,0.5821463867496798,476,2042,5
dialseg711,random,2,189,0.9505311697194397,0.21253672869735554,0.16364164043488938,0.9609322883320774,0.5692129026083582,434,2042,5
dialseg711,random,2,190,0.9567315661745526,0.19196865817825662,0.14867948116893265,0.9642937231544827,0.5603030500700206,392,2042,5
dialseg711,random,2,191,0.9611694612619801,0.17238001958863858,0.13647444913267698,0.9685685261370915,0.5505665848079907,352,2042,5
dialseg711,random,2,192,0.9651094544478919,0.15083251714005877,0.12039381153305204,0.9722818574611822,0.5373444833029144,308,2042,5
dialseg711,random,2,193,0.9702810912409107,0.13026444662095985,0.10436005625879043,0.9764914234850943,0.5259554099243667,266,2042,5
dialseg711,random,2,194,0.9744986963846495,0.10822722820763957,0.08949835911861229,0.9813635575238951,0.5115439733746389,221,2042,5
dialseg711,random,2,195,0.9791765902235248,0.08667972575905974,0.0690576652601969,0.9848975918596171,0.4970919633141456,177,2042,5
dialseg711,random,2,196,0.9847030492677853,0.06464250734573947,0.05039849976558838,0.9883955843344028,0.4823824736547587,132,2042,5
dialseg711,random,2,197,0.9884435340441013,0.0435847208619001,0.03483356774496015,0.9917606469557947,0.46842231888980823,89,2042,5
dialseg711,random,2,198,0.9939125139459053,0.022526934378060724,0.019690576652601967,0.9959741959478248,0.45328488968506875,46,2042,5
dialseg711,random,2,199,0.9999791484778461,0.0004897159647404506,0.0,0.9998827941865917,0.43785044592831585,1,2042,5
dialseg711,random,2,0,3.434199970775431e-05,2.0166503428011753,0.6845043489464402,0.6486885877444948,0.8945572444693403,4118,2042,6
dialseg711,random,2,1,0.004776247500387261,2.013222331047992,0.684558302609099,0.6495090284383532,0.8945138504122331,4111,2042,6
dialseg711,random,2,2,0.009848856063752767,2.0102840352595495,0.6848950150958758,0.6497995314187297,0.8944491588918452,4105,2042,6
dialseg711,random,2,3,0.01567168815123837,2.005386875612145,0.6848025913225073,0.6507264340597674,0.8942999075207233,4095,2042,6
dialseg711,random,2,4,0.019817442685983677,2.001958863858962,0.6844726193451312,0.6510497394463639,0.8940536822920788,4088,2042,6
dialseg711,random,2,5,0.024264941623127496,1.9980411361410382,0.6846961495264672,0.6515957231938245,0.8939161049920544,4080,2042,6
dialseg711,random,2,6,0.028967192076358672,1.9926542605288933,0.6843619717859851,0.6526076000495831,0.8934413284272636,4069,2042,6
dialseg711,random,2,7,0.034720496086134776,1.9887365328109696,0.6839670783531171,0.6531443874534592,0.8932693056409653,4061,2042,6
dialseg711,random,2,8,0.04108772263383006,1.9853085210577865,0.6839174709417508,0.6536751623513226,0.8931158683479359,4054,2042,6
dialseg711,random,2,9,0.04573549887615792,1.9799216454456414,0.6842656654882576,0.6548433136249592,0.8931154117019096,4043,2042,6
dialseg711,random,2,10,0.05140545594842719,1.976003917727718,0.6841558844039571,0.6554352029826713,0.893011761510355,4035,2042,6
dialseg711,random,2,11,0.05684250589449717,1.9706170421155729,0.6827941156563876,0.6561911804791551,0.8924783820388603,4024,2042,6
dialseg711,random,2,12,0.06275477817835869,1.9647404505386876,0.6816251018291459,0.6569881800103319,0.8917571011839648,4012,2042,6
dialseg711,random,2,13,0.06697491019371665,1.9618021547502449,0.6820048521263425,0.657472630705753,0.8915452935354483,4006,2042,6
dialseg711,random,2,14,0.07365766745421673,1.955435847208619,0.6812279373110742,0.6584395786663719,0.8912373027035475,3993,2042,6
dialseg711,random,2,15,0.07753312195091529,1.9520078354554358,0.6800207603655006,0.6588087769786081,0.8909536443397204,3986,2042,6
dialseg711,random,2,16,0.08212713421048211,1.9466209598432909,0.6786095749136103,0.6597095873730895,0.8908073603221283,3975,2042,6
dialseg711,random,2,17,0.08707814893152177,1.9436826640548481,0.678275107068594,0.6603667771125576,0.8907093167290073,3969,2042,6
dialseg711,random,2,18,0.09298360200406044,1.940254652301665,0.6775535526240313,0.6610563379814435,0.8903616061492293,3962,2042,6
dialseg711,random,2,19,0.09663198502309293,1.9373163565132223,0.6777510032434229,0.6615438583529301,0.8902951895216312,3956,2042,6
dialseg711,random,2,20,0.1016102060703183,1.9343780607247796,0.677880503372923,0.6621240271293013,0.8901241248463471,3950,2042,6
dialseg711,random,2,21,0.10734195236389014,1.929480901077375,0.6774675859857009,0.6629327472418189,0.8900414592309811,3940,2042,6
dialseg711,random,2,22,0.1118973603038759,1.925073457394711,0.6762656458907352,0.6634250116581341,0.8897163526295032,3931,2042,6
dialseg711,random,2,23,0.11727660963930261,1.9221351616062683,0.6764418878391292,0.6640082501105709,0.8895051961243944,3925,2042,6
dialseg711,random,2,24,0.12128512045915663,1.9167482859941234,0.6762268041400878,0.6650435681290112,0.8893762401322175,3914,2042,6
dialseg711,random,2,25,0.12634404611806344,1.9147894221351616,0.6752742084839612,0.6650435681290112,0.8889898330299175,3910,2042,6
dialseg711,random,2,26,0.13127783594671713,1.9079333986287954,0.674874686046843,0.6663324134843122,0.8887471797879674,3896,2042,6
dialseg711,random,2,27,0.13642838494707746,1.901077375122429,0.6741435542268888,0.6674556358628089,0.8882320627749601,3882,2042,6
dialseg711,random,2,28,0.14176257841174056,1.8956904995102841,0.6745432408309416,0.6684585827518317,0.8879898374272496,3871,2042,6
dialseg711,random,2,29,0.14744354535288906,1.8917727717923605,0.6736615861518185,0.6692438617016676,0.8874177614332326,3863,2042,6
dialseg711,random,2,30,0.1528490275153381,1.885896180215475,0.673246717721907,0.6697775667448663,0.8869289387749304,3851,2042,6
dialseg711,random,2,31,0.1594805193063036,1.88050930460333,0.6737004520452186,0.6706633078204808,0.8863549093506901,3840,2042,6
dialseg711,random,2,32,0.16541827542059614,1.8765915768854065,0.6726891593884868,0.6711321310741142,0.885964502367456,3832,2042,6
dialseg711,random,2,33,0.1709280133504964,1.8712047012732616,0.6721489501240283,0.6721077299400084,0.8856073036980211,3821,2042,6
dialseg711,random,2,34,0.17471734386265117,1.8667972575905976,0.6722405334627223,0.6730030771697437,0.8853520554821539,3812,2042,6
dialseg711,random,2,35,0.17946676369065293,1.862879529872674,0.671701363303299,0.6736496625737132,0.8849842524772202,3804,2042,6
dialseg711,random,2,36,0.1841899272101131,1.8584720861900097,0.6716363168564997,0.6743607111750571,0.8845997988051435,3795,2042,6
dialseg711,random,2,37,0.18942531154206127,1.8555337904015672,0.671539615345055,0.6751030146599766,0.8846446346797965,3789,2042,6
dialseg711,random,2,38,0.19547800376995159,1.8506366307541626,0.6708919963048668,0.6756965783864518,0.8842319027797227,3779,2042,6
dialseg711,random,2,39,0.20235261129607907,1.841332027424094,0.6702547802486547,0.6771303961704805,0.8836699434280809,3760,2042,6
dialseg711,random,2,40,0.20705441390373774,1.8383937316356513,0.6699001185015879,0.6776812634934998,0.8835152326000226,3754,2042,6
dialseg711,random,2,41,0.2121118641596375,1.8325171400587659,0.6689944372161598,0.6784235669784192,0.8831931956746102,3742,2042,6
dialseg711,random,2,42,0.2166963493520458,1.8241919686581782,0.6676546143573496,0.6798183161579786,0.8828504828318974,3725,2042,6
dialseg711,random,2,43,0.22159895390678627,1.8183153770812928,0.6679986132245552,0.6808848890599946,0.8827375559608833,3713,2042,6
dialseg711,random,2,44,0.2269304107399022,1.8114593535749266,0.6671981447858456,0.6821466654536273,0.8823651814218421,3699,2042,6
dialseg711,random,2,45,0.23155713108885806,1.8060724779627817,0.66660795516612,0.683292352279694,0.882184191460613,3688,2042,6
dialseg711,random,2,46,0.2376450130222624,1.8006856023506366,0.6658225548852144,0.6841596752989159,0.8819003859552885,3677,2042,6
dialseg711,random,2,47,0.2442635046242853,1.7943192948090108,0.6651092417468514,0.6855043456309279,0.8816619744475381,3664,2042,6
dialseg711,random,2,48,0.24970985576367583,1.7889324191968659,0.6647460939551918,0.6866920312067991,0.8815274160851315,3653,2042,6
dialseg711,random,2,49,0.2557069719319557,1.7806072477962782,0.6646255394042576,0.6887900152668085,0.8812505313040274,3636,2042,6
dialseg711,random,2,50,0.2604574379207138,1.7757100881488737,0.6633413784457561,0.6897407776627186,0.8806981198409268,3626,2042,6
dialseg711,random,2,51,0.264920933539504,1.7713026444662097,0.6630682889462742,0.6902828545497321,0.8802702721117429,3617,2042,6
dialseg711,random,2,52,0.26962040283738514,1.768364348677767,0.6620804113761182,0.6907935370224401,0.8798438662001049,3611,2042,6
dialseg711,random,2,53,0.27392476999376547,1.763956904995103,0.6621960629907704,0.6917456947256525,0.879718921082192,3602,2042,6
dialseg711,random,2,54,0.27761484088843114,1.7580803134182175,0.6609040739572758,0.6924372090247617,0.879065163798688,3590,2042,6
dialseg711,random,2,55,0.28295622878584936,1.7526934378060726,0.6598098794857193,0.6930046805046806,0.8785594765261231,3579,2042,6
dialseg711,random,2,56,0.28763525209395774,1.7463271302644465,0.6585273784862976,0.6936116645504831,0.8779479797786509,3566,2042,6
dialseg711,random,2,57,0.29144022094422367,1.7394711067580804,0.656991993942853,0.6947602815218848,0.8773093755324516,3552,2042,6
dialseg711,random,2,58,0.29692012285784614,1.7350636630754162,0.6565692797467124,0.6955053756214093,0.8771139580937151,3543,2042,6
dialseg711,random,2,59,0.3015631817072413,1.727228207639569,0.6567874919238744,0.6967271066954611,0.8764689354339243,3527,2042,6
dialseg711,random,2,60,0.30621000774953977,1.7213516160626836,0.6565761155521604,0.6980124637825059,0.8761602097401777,3515,2042,6
dialseg711,random,2,61,0.3116737177304394,1.7179236043095005,0.6568953618629679,0.6987512789991693,0.8760234696245346,3508,2042,6
dialseg711,random,2,62,0.31592718227717836,1.7125367286973556,0.6573090831627653,0.6999174768425822,0.8761124344181407,3497,2042,6
dialseg711,random,2,63,0.32109281958428765,1.7071498530852105,0.6566110236039462,0.7008062875942622,0.8755252332929647,3486,2042,6
dialseg711,random,2,64,0.32566572672396416,1.6998041136141038,0.6565146088040004,0.7018406288975909,0.8752284421276786,3471,2042,6
dialseg711,random,2,65,0.33057363310758203,1.6929480901077376,0.6547355306758217,0.7026123860512046,0.8748550020812428,3457,2042,6
dialseg711,random,2,66,0.3356281778644567,1.6875612144955925,0.6524438459168928,0.7036008217442816,0.8743985970626016,3446,2042,6
dialseg711,random,2,67,0.34239255560078863,1.6816846229187072,0.6521911375647532,0.7045959549124107,0.8742359042311324,3434,2042,6
dialseg711,random,2,68,0.34609861112007834,1.6753183153770812,0.6526424910839962,0.705604762092104,0.8737363470086495,3421,2042,6
dialseg711,random,2,69,0.35198406545658695,1.6689520078354554,0.6521138207985623,0.7066272432833615,0.8734501694809108,3408,2042,6
dialseg711,random,2,70,0.35751377150372066,1.6625857002938296,0.6518052217557861,0.7077680465338693,0.872927394344915,3395,2042,6
dialseg711,random,2,71,0.36218306309598197,1.6581782566111656,0.6506711388191196,0.7087349944944881,0.8725945577409813,3386,2042,6
dialseg711,random,2,72,0.3678401087051743,1.654260528893242,0.6508142532860183,0.7092780480966135,0.8721442920744709,3378,2042,6
dialseg711,random,2,73,0.37270017104847314,1.6483839373163565,0.6508837649589055,0.7101863931505282,0.8720045939073466,3366,2042,6
dialseg711,random,2,74,0.3780408581799608,1.6400587659157688,0.6498078531979603,0.7118202980017325,0.8717529734904659,3349,2042,6
dialseg711,random,2,75,0.38307615282841784,1.6341821743388834,0.6478661091542188,0.7127501307881055,0.8713973096590637,3337,2042,6
dialseg711,random,2,76,0.38835463861660335,1.6287952987267384,0.6472273121019196,0.713771495733521,0.8710363901701554,3326,2042,6
dialseg711,random,2,77,0.39218698362683735,1.623898139079334,0.6468634316659304,0.7144604984794858,0.8708488608687022,3316,2042,6
dialseg711,random,2,78,0.39720516128375943,1.617531831537708,0.6458615705796812,0.7156254532309385,0.8706024123908893,3303,2042,6
dialseg711,random,2,79,0.40202182506790624,1.60871694417238,0.6450502482589133,0.7169241037911924,0.870166392389117,3285,2042,6
dialseg711,random,2,80,0.406858847232624,1.6018609206660137,0.6436948854667307,0.7176761744272293,0.8696310594873986,3271,2042,6
dialseg711,random,2,81,0.41140569268792637,1.598922624877571,0.6428789097562402,0.7181977402968964,0.8696701280918682,3265,2042,6
dialseg711,random,2,82,0.41769189483166075,1.5925563173359452,0.6414323028988614,0.7191705485481856,0.8694246656312157,3252,2042,6
dialseg711,random,2,83,0.4238845647654869,1.582761998041136,0.6396189107901107,0.7209629983627873,0.8684065564028394,3232,2042,6
dialseg711,random,2,84,0.4287197921465614,1.5754162585700293,0.6378404207639164,0.7222229608569272,0.8679044969292609,3217,2042,6
dialseg711,random,2,85,0.43346915874643105,1.5680705190989226,0.6354846672309142,0.7234770630603963,0.8672480885618821,3202,2042,6
dialseg711,random,2,86,0.43915333640674853,1.5582761998041137,0.6320031979266602,0.7250738527373548,0.8664532098978049,3182,2042,6
dialseg711,random,2,87,0.44481699065862684,1.5519098922624877,0.6311796592028981,0.7261764245677749,0.8656615683466699,3169,2042,6
dialseg711,random,2,88,0.4490173631968563,1.5416258570029382,0.6289758795109078,0.7281491100320214,0.8645597778883393,3148,2042,6
dialseg711,random,2,89,0.4540243566668352,1.5342801175318315,0.6273300034492829,0.7297786894305881,0.8644849056984882,3133,2042,6
dialseg711,random,2,90,0.45980892793727696,1.5279138099902057,0.6262725430346618,0.7308460995169856,0.8636284660762258,3120,2042,6
dialseg711,random,2,91,0.464779510020851,1.516160626836435,0.6238394110131565,0.7327741351475529,0.8630087914990968,3096,2042,6
dialseg711,random,2,92,0.4700354350978696,1.5058765915768855,0.6226347410240217,0.734894444124402,0.8626255843015438,3075,2042,6
dialseg711,random,2,93,0.47526377801882785,1.4970617042115573,0.6218450852154895,0.736535071819882,0.8619796686450795,3057,2042,6
dialseg711,random,2,94,0.48042310784416364,1.4872673849167484,0.6211461135256809,0.7386721244843609,0.8615482954394447,3037,2042,6
dialseg711,random,2,95,0.4864214557489439,1.479431929480901,0.6192692983577265,0.7396881872620268,0.8609519969106566,3021,2042,6
dialseg711,random,2,96,0.4926839786662441,1.4701273261508325,0.6172901610522054,0.7414316617903115,0.8602002691215571,3002,2042,6
dialseg711,random,2,97,0.49746752003342615,1.4632713026444661,0.6159806028868313,0.7422420562715922,0.8593031981506463,2988,2042,6
dialseg711,random,2,98,0.5015421245525447,1.455435847208619,0.6150847111371297,0.7435120649783096,0.8582950886246042,2972,2042,6
dialseg711,random,2,99,0.5063259910839737,1.444662095984329,0.6124380488903317,0.7452379205807477,0.8571831031209171,2950,2042,6
dialseg711,random,2,100,0.5117668381411553,1.4343780607247796,0.6118455036243007,0.7470960513154606,0.8569732861108189,2929,2042,6
dialseg711,random,2,101,0.5166346919525816,1.4240940254652301,0.609352958704485,0.7485125672889387,0.856228839772139,2908,2042,6
dialseg711,random,2,102,0.5209661370209473,1.4133202742409403,0.6083907607579238,0.7504191151870478,0.854838382823615,2886,2042,6
dialseg711,random,2,103,0.5252338251219335,1.404505386875612,0.6065474329652288,0.7516414043840205,0.8543896426930886,2868,2042,6
dialseg711,random,2,104,0.5318957699441227,1.396669931439765,0.6045527242416727,0.7528413471978873,0.8534646562740796,2852,2042,6
dialseg711,random,2,105,0.5376766007405728,1.3898139079333987,0.6031779309804247,0.7538610377745398,0.8528748505752726,2838,2042,6
dialseg711,random,2,106,0.5435095690995174,1.38050930460333,0.6014827606150923,0.7550503977191739,0.8519908875198207,2819,2042,6
dialseg711,random,2,107,0.5480570909352942,1.3687561214495592,0.6006348734058252,0.7577716655512013,0.8512230578844502,2795,2042,6
dialseg711,random,2,108,0.5549164811633431,1.3574926542605288,0.5994734643764589,0.7596160207974554,0.8501649253231532,2772,2042,6
dialseg711,random,2,109,0.5600382254165504,1.3481880509304602,0.5979723487181147,0.7613699220766732,0.8492125976461419,2753,2042,6
dialseg711,random,2,110,0.5663495335730646,1.3408423114593535,0.59749948209719,0.7625662585578197,0.8482894065225287,2738,2042,6
dialseg711,random,2,111,0.5721546552384671,1.3300685602350637,0.5955103168309993,0.7644490862317866,0.8480615156318391,2716,2042,6
dialseg711,random,2,112,0.5771290208531437,1.3197845249755142,0.5937221447152025,0.7660070863657362,0.8471334899798333,2695,2042,6
dialseg711,random,2,113,0.5822302800128086,1.3114593535749266,0.5928833844572315,0.7677191284258795,0.8468404940504096,2678,2042,6
dialseg711,random,2,114,0.5873509215354278,1.2977473065621938,0.5901905804136997,0.7701819853454875,0.845715569397004,2650,2042,6
dialseg711,random,2,115,0.5918430066483827,1.2874632713026444,0.5886879268934369,0.7719517931279534,0.844558468957203,2629,2042,6
dialseg711,random,2,116,0.5958512168497748,1.2786483839373164,0.5864952999205981,0.7732410570754452,0.843889298179031,2611,2042,6
dialseg711,random,2,117,0.6008924867358647,1.2688540646425073,0.5834890148690098,0.7743826760440684,0.8428981834959332,2591,2042,6
dialseg711,random,2,118,0.6062352545834693,1.2600391772771793,0.58012172277982,0.775865329583684,0.8420862719350765,2573,2042,6
dialseg711,random,2,119,0.611055557790316,1.2502448579823702,0.5785074446753589,0.777362773380706,0.8413880601609153,2553,2042,6
dialseg711,random,2,120,0.6155989640136462,1.2409402546523016,0.5755058699738717,0.7787106402349019,0.8402299550998567,2534,2042,6
dialseg711,random,2,121,0.6212458492816424,1.229187071498531,0.571906398749549,0.7810310362789268,0.8387764634828628,2510,2042,6
dialseg711,random,2,122,0.6270016078797768,1.2189030362389814,0.5697544737507638,0.782689079946464,0.8376503667713231,2489,2042,6
dialseg711,random,2,123,0.6313928486606047,1.2056807051909892,0.5666961891736225,0.7848783171040555,0.8364995917246267,2462,2042,6
dialseg711,random,2,124,0.6358405866364487,1.1953966699314398,0.5632213158675256,0.786326087961109,0.8343453767803274,2441,2042,6
dialseg711,random,2,125,0.6407848106822601,1.1846229187071498,0.5621832918418144,0.7883185867890509,0.8338602030620315,2419,2042,6
dialseg711,random,2,126,0.6451449889314922,1.1743388834476003,0.5606096202037413,0.7901478346626026,0.8327106465837127,2398,2042,6
dialseg711,random,2,127,0.6505649504868077,1.1645445641527914,0.5586840581117541,0.7918561093930292,0.8317195065313913,2378,2042,6
dialseg711,random,2,128,0.65628421283643,1.153281096963761,0.5571215535189822,0.7936839873285021,0.8306018662277452,2355,2042,6
dialseg711,random,2,129,0.6624350661554119,1.1415279138099903,0.5564432976631324,0.7959491292033486,0.8294535605172032,2331,2042,6
dialseg711,random,2,130,0.6668953946305183,1.1307541625857003,0.5522426399282294,0.797512710566508,0.8277494810107326,2309,2042,6
dialseg711,random,2,131,0.6713454996331255,1.118511263467189,0.5485255412744219,0.79954469659111,0.825873434530256,2284,2042,6
dialseg711,random,2,132,0.6759834957613999,1.1057786483839374,0.5441563787995523,0.8016619358918937,0.8240281736027165,2258,2042,6
dialseg711,random,2,133,0.680682683821525,1.0940254652301664,0.5405136392918338,0.8037522457617392,0.8229169169112909,2234,2042,6
dialseg711,random,2,134,0.686997851050762,1.079333986287953,0.5369486171169959,0.8064740717166877,0.8213202802953155,2204,2042,6
dialseg711,random,2,135,0.6912852346875226,1.064152791380999,0.5327343294328646,0.8092342686224543,0.8194216188432082,2173,2042,6
dialseg711,random,2,136,0.6970755558325584,1.0519098922624877,0.5295423259554305,0.8109931930079609,0.8173436713960623,2148,2042,6
dialseg711,random,2,137,0.7024396922738011,1.0406464250734575,0.5297030653566762,0.8135672559195765,0.816439436156384,2125,2042,6
dialseg711,random,2,138,0.7061511982361917,1.0293829578844271,0.5257239219436912,0.8157564930771682,0.8149302717780214,2102,2042,6
dialseg711,random,2,139,0.710566619113631,1.0171400587659158,0.5220280319608814,0.817552672167651,0.8129241733549047,2077,2042,6
dialseg711,random,2,140,0.7157641909674898,1.0058765915768855,0.5194997888518491,0.8196406100150826,0.8109039996961936,2054,2042,6
dialseg711,random,2,141,0.7202984589293755,0.9936336924583742,0.5167533644499271,0.8222541728079702,0.8094767083726295,2029,2042,6
dialseg711,random,2,142,0.7256357658028655,0.9794319294809011,0.512374145394871,0.8246909374810218,0.8067871309291844,2000,2042,6
dialseg711,random,2,143,0.7290833209592105,0.9657198824681684,0.5047883736518707,0.8266354377377584,0.8037845597128296,1972,2042,6
dialseg711,random,2,144,0.734169956557919,0.9520078354554359,0.4993227972176647,0.8286727259301098,0.8019396285851983,1944,2042,6
dialseg711,random,2,145,0.7384471753906491,0.9392752203721841,0.495857050862864,0.8308378564707678,0.7997145629933955,1918,2042,6
dialseg711,random,2,146,0.7438028379051066,0.9255631733594515,0.4915492005634525,0.8332874579710022,0.7978611741568843,1890,2042,6
dialseg711,random,2,147,0.7485754969232423,0.9123408423114594,0.48905550735245973,0.8355771572543724,0.7960832825380535,1863,2042,6
dialseg711,random,2,148,0.7532915084997708,0.8971596474045054,0.483543063768665,0.8377850915298173,0.7931564301280786,1832,2042,6
dialseg711,random,2,149,0.7580407114116404,0.8805093046033301,0.478609454131655,0.8407159852571245,0.7894334174528859,1798,2042,6
dialseg711,random,2,150,0.7631332190194844,0.8653281096963761,0.4736830016003377,0.8434664150117737,0.7870040222140674,1767,2042,6
dialseg711,random,2,151,0.7675327047355928,0.8545543584720862,0.46767783396958723,0.8452713845382621,0.7833105126450305,1745,2042,6
dialseg711,random,2,152,0.7728000211836143,0.8379040156709109,0.46101719503046723,0.8482764149430815,0.7799781456839715,1711,2042,6
dialseg711,random,2,153,0.7780670238257331,0.821743388834476,0.4554221112398014,0.850977450819223,0.7763430943520142,1678,2042,6
dialseg711,random,2,154,0.7832425798998515,0.8055827619980411,0.44745342915843633,0.854281957103687,0.7729764213053132,1645,2042,6
dialseg711,random,2,155,0.7883200112843058,0.7908912830558276,0.44191527390571167,0.8568459738027248,0.7697790982345725,1615,2042,6
dialseg711,random,2,156,0.7932647136277519,0.7752203721841332,0.4376156919069487,0.8594980343925493,0.7657886449459659,1583,2042,6
dialseg711,random,2,157,0.7981663179844594,0.7600391772771793,0.4303958138009947,0.8618760566281665,0.7623371049268599,1552,2042,6
dialseg711,random,2,158,0.8025317349932141,0.7443682664054848,0.4240874489173009,0.8651703771693223,0.7587671894019514,1520,2042,6
dialseg711,random,2,159,0.8065599378203558,0.7277179236043095,0.41479135354525615,0.8676552799443095,0.754443597369147,1486,2042,6
dialseg711,random,2,160,0.811818061213022,0.7144955925563173,0.40905167114883517,0.8703924542795851,0.751369297339854,1459,2042,6
dialseg711,random,2,161,0.8164191620579004,0.702252693437806,0.40696008311780807,0.8722438875392462,0.749136009322459,1434,2042,6
dialseg711,random,2,162,0.8210275253454868,0.6870714985308521,0.39907334661354854,0.8746064218638059,0.7460623693215419,1403,2042,6
dialseg711,random,2,163,0.824764367296856,0.672869735553379,0.3924372650829523,0.8772711797500827,0.7425789711756965,1374,2042,6
dialseg711,random,2,164,0.8296652037965028,0.6557296767874633,0.38759499062042463,0.8810245563937549,0.73897599688531,1339,2042,6
dialseg711,random,2,165,0.8345945476217317,0.6400587659157688,0.3807676094347724,0.8835585739857891,0.7357611916873824,1307,2042,6
dialseg711,random,2,166,0.8399946293601372,0.6253672869735554,0.37255827788217954,0.8860413837998226,0.7324865083564405,1277,2042,6
dialseg711,random,2,167,0.8444300097821532,0.6101860920666013,0.3646050262580418,0.8883443892410137,0.728438089247446,1246,2042,6
dialseg711,random,2,168,0.8491933828598008,0.5950048971596474,0.3556940357014817,0.8911764444728582,0.7249764263733983,1215,2042,6
dialseg711,random,2,169,0.8531957323962293,0.5759059745347699,0.3468466711579146,0.8948124757723914,0.7194449286478076,1176,2042,6
dialseg711,random,2,170,0.8582158452849801,0.5607247796278159,0.3384406453380079,0.8973524931858264,0.715049583913669,1145,2042,6
dialseg711,random,2,171,0.8638488077902592,0.544564152791381,0.3320813927762236,0.9004514707046353,0.7094519271365426,1112,2042,6
dialseg711,random,2,172,0.8680009003064184,0.5259549461312438,0.32114845938375347,0.903718887184077,0.7031814353737864,1074,2042,6
dialseg711,random,2,173,0.8728192881063669,0.5093046033300686,0.31053072893479944,0.9064466368527551,0.6970278731868828,1040,2042,6
dialseg711,random,2,174,0.8775942149977135,0.4911851126346719,0.30080599515943274,0.9097175162312294,0.6916583846035617,1003,2042,6
dialseg711,random,2,175,0.8820981716350615,0.4740450538687561,0.29120181593500033,0.9124535743206629,0.685040858578511,968,2042,6
dialseg711,random,2,176,0.8874277598790591,0.4573947110675808,0.2841774778359539,0.9150537802172823,0.6784666547043154,934,2042,6
dialseg711,random,2,177,0.8918408926270532,0.43927522037218414,0.2736876560281872,0.918760426750933,0.6717586329902574,897,2042,6
dialseg711,random,2,178,0.8968127537022547,0.42213516160626835,0.2665153168627976,0.9217129096875932,0.6646755574472663,862,2042,6
dialseg711,random,2,179,0.9005454172749869,0.4015670910871694,0.2559701423935725,0.9244411540561329,0.6578649730439659,820,2042,6
dialseg711,random,2,180,0.9052611045425668,0.385896180215475,0.24721654250073213,0.9272640002597808,0.6513173984211865,788,2042,6
dialseg711,random,2,181,0.9100256419654705,0.37071498530852104,0.23809458148003687,0.9302619955837255,0.6442877149731403,757,2042,6
dialseg711,random,2,182,0.9157939733807101,0.3516160626836435,0.22442503489909793,0.9330917168469911,0.6359279736000865,718,2042,6
dialseg711,random,2,183,0.9206674090463971,0.33202742409402547,0.21659345407173652,0.9370909466373601,0.6281380770933868,678,2042,6
dialseg711,random,2,184,0.9255055700025888,0.311949069539667,0.2029841847662647,0.9404480560071279,0.6183810039014412,637,2042,6
dialseg711,random,2,185,0.9315331381002694,0.2913809990205681,0.19193335093062072,0.9441598524931859,0.6063742117238043,595,2042,6
dialseg711,random,2,186,0.9365820767231827,0.27179236043095006,0.181572357025323,0.9487141355284816,0.598430767105055,555,2042,6
dialseg711,random,2,187,0.9410634212073499,0.2517140058765916,0.16939634738095896,0.9520793376806035,0.5899674214364475,514,2042,6
dialseg711,random,2,188,0.9451874285973144,0.23310479921645447,0.159134239724957,0.9561537745345763,0.5796315840629992,476,2042,6
dialseg711,random,2,189,0.9500332830587502,0.21302644466209597,0.14755430536021252,0.9602333867101799,0.5690478330660487,435,2042,6
dialseg711,random,2,190,0.9546092858690901,0.19147894221351616,0.13194249101422095,0.963872069093588,0.5567691133585397,391,2042,6
dialseg711,random,2,191,0.9584773522795316,0.17091087169441724,0.11820596968276294,0.9674714038110662,0.5463428995140982,349,2042,6
dialseg711,random,2,192,0.9650073276770851,0.1503428011753183,0.10531333020784496,0.9711550150896142,0.5346253181549544,307,2042,6
dialseg711,random,2,193,0.969319942702427,0.1297747306562194,0.09349898421628379,0.975213126848148,0.5224676476468866,265,2042,6
dialseg711,random,2,194,0.974956548074459,0.10871694417238002,0.07866854195968119,0.9789526899495252,0.5098123520873148,222,2042,6
dialseg711,random,2,195,0.9790064562139278,0.08863858961802155,0.06479137365213315,0.9825338983566831,0.49696591893569864,181,2042,6
dialseg711,random,2,196,0.9849981083341319,0.06660137120470128,0.050492264416315054,0.9870569899314625,0.4830745167888906,136,2042,6
dialseg711,random,2,197,0.9912890081043505,0.044564152791381,0.03614627285513362,0.9909905007478848,0.4678313812116803,91,2042,6
dialseg711,random,2,198,0.9954605205307667,0.022526934378060724,0.016643225503984997,0.9950710769539884,0.45369570565935113,46,2042,6
dialseg711,random,2,199,0.9999557408467605,0.0004897159647404506,0.0007032348804500703,0.9999296765119551,0.43806727668312134,1,2042,6
dialseg711,random,2,0,0.00011425193750191909,2.006856023506366,0.6848458740196842,0.6455067416565308,0.8903811066258325,4098,2042,7
dialseg711,random,2,1,0.004769196822496675,2.004407443682664,0.6847830681100516,0.6459111017127894,0.8902446920818932,4093,2042,7
dialseg711,random,2,2,0.009754292451684595,2.0014691478942215,0.6847026446863669,0.6463662509548586,0.8900646974398732,4087,2042,7
dialseg711,random,2,3,0.015201865285226513,1.9960822722820764,0.684152066526738,0.6469536538629366,0.8897887056554428,4076,2042,7
dialseg711,random,2,4,0.020810974698729504,1.9931439764936336,0.6842466971517397,0.647522102057967,0.889728707441436,4070,2042,7
dialseg711,random,2,5,0.025692184409818453,1.9902056807051909,0.6843340141166938,0.6481667340317129,0.8895780142527681,4064,2042,7
dialseg711,random,2,6,0.029781857269221928,1.9877571008814887,0.6839779625773731,0.6485602106910123,0.8894845286635019,4059,2042,7
dialseg711,random,2,7,0.035135263905120964,1.9833496571988247,0.6842106490969795,0.6497615702784479,0.8894942027941325,4050,2042,7
dialseg711,random,2,8,0.040349819487238,1.979431929480901,0.6841398018876232,0.6503095074561319,0.8892373267197458,4042,2042,7
dialseg711,random,2,9,0.0455289864699802,1.976983349657199,0.683628764245784,0.650475549025127,0.8889699858405906,4037,2042,7
dialseg711,random,2,10,0.05131477749418814,1.9711067580803134,0.6830728316645349,0.6513116171607732,0.8887337603142808,4025,2042,7
dialseg711,random,2,11,0.05563915225323239,1.9662095984329089,0.6817078030239703,0.651949970251658,0.8883536786050851,4015,2042,7
dialseg711,random,2,12,0.06007950787587486,1.960822722820764,0.680847866043669,0.652779201381522,0.8880224326514763,4004,2042,7
dialseg711,random,2,13,0.06517021017420442,1.9569049951028403,0.6798167850347954,0.653142539403088,0.8876120262635735,3996,2042,7
dialseg711,random,2,14,0.07011268749059285,1.9529872673849167,0.6796104765385887,0.6537402890514705,0.8874669143041154,3988,2042,7
dialseg711,random,2,15,0.07462946130642252,1.9495592556317336,0.6789550286479642,0.6542559946304672,0.8874856325629885,3981,2042,7
dialseg711,random,2,16,0.07844066412916872,1.9451518119490696,0.6790253749747989,0.6555620022655888,0.887366194257896,3972,2042,7
dialseg711,random,2,17,0.08331513035398377,1.940254652301665,0.6787874741039867,0.6563719781546785,0.8871929808093661,3962,2042,7
dialseg711,random,2,18,0.08812787097571495,1.9382957884427032,0.6786356646694767,0.6565302060027799,0.8869987540328608,3958,2042,7
dialseg711,random,2,19,0.09349758070398956,1.935847208619001,0.6785709452494313,0.6570698679348468,0.8868538653225714,3953,2042,7
dialseg711,random,2,20,0.09905907985695282,1.9319294809010774,0.6781238618084017,0.657591433804514,0.8866692196562098,3945,2042,7
dialseg711,random,2,21,0.10400750849543944,1.9285014691478943,0.6780140638083083,0.6584459199965529,0.8865615019324584,3938,2042,7
dialseg711,random,2,22,0.10933053215885957,1.926052889324192,0.6780939738782904,0.6590553902262763,0.8864542586131897,3933,2042,7
dialseg711,random,2,23,0.11424182126099972,1.9226248775710089,0.6780177647303514,0.6598758309201347,0.8864614211906758,3926,2042,7
dialseg711,random,2,24,0.1200302618065549,1.9167482859941234,0.6781154167267375,0.6607264102517267,0.8860626423636269,3914,2042,7
dialseg711,random,2,25,0.12578960323598945,1.9138099902056807,0.6782096567166026,0.6611131894359742,0.885894507833678,3908,2042,7
dialseg711,random,2,26,0.13084207938499695,1.9069539666993145,0.676592644076873,0.6619874889917083,0.8852306206191579,3894,2042,7
dialseg711,random,2,27,0.13501350411193538,1.90205680705191,0.6759899098694889,0.6627825350926617,0.8846938458998935,3884,2042,7
dialseg711,random,2,28,0.14061081736862063,1.896669931439765,0.675653818394157,0.6635809299311409,0.8841726521121739,3873,2042,7
dialseg711,random,2,29,0.14501674098923176,1.8927522037218414,0.675812751203224,0.6645115999018952,0.8840833989550587,3865,2042,7
dialseg711,random,2,30,0.14905239364027778,1.8898139079333987,0.6761377582792859,0.6651152098409482,0.8840477721086019,3859,2042,7
dialseg711,random,2,31,0.15275632160965213,1.884916748285994,0.6758949409397675,0.6658452346216059,0.883834569152783,3849,2042,7
dialseg711,random,2,32,0.15916430136735646,1.8795298726738492,0.6762270748162051,0.6667323710045229,0.88362852877445,3838,2042,7
dialseg711,random,2,33,0.16287225007726205,1.8736532810969637,0.6755542423312475,0.6675427654858034,0.8832576002811586,3826,2042,7
dialseg711,random,2,34,0.1666456573313019,1.86973555337904,0.6754764095529927,0.6683431137545062,0.8832036483987963,3818,2042,7
dialseg711,random,2,35,0.17238575914390356,1.8638589618021548,0.6750632971145638,0.6690589064006786,0.8829799341279649,3806,2042,7
dialseg711,random,2,36,0.17688682909277526,1.8599412340842312,0.6745019823960205,0.6695570311076641,0.8826242237863194,3798,2042,7
dialseg711,random,2,37,0.1821132072454266,1.8550440744368266,0.6736991509280117,0.6701254793026945,0.8821580981268042,3788,2042,7
dialseg711,random,2,38,0.18839300091407024,1.850146914789422,0.6731508235119751,0.670975221449905,0.8819487851186163,3778,2042,7
dialseg711,random,2,39,0.1929005365185076,1.8442703232125368,0.6736559668663301,0.6719848658139798,0.8816827888083162,3766,2042,7
dialseg711,random,2,40,0.19803045881450018,1.8398628795298726,0.6730092540372871,0.6728533050790434,0.8813079348504806,3757,2042,7
dialseg711,random,2,41,0.2033109245887214,1.8349657198824683,0.6723377493795509,0.6734771596585942,0.8809888187683546,3747,2042,7
dialseg711,random,2,42,0.20861870020487766,1.830558276199804,0.6718644074194877,0.6742507180270894,0.8810756068825689,3738,2042,7
dialseg711,random,2,43,0.2134191913947234,1.8266405484818804,0.6712553816446306,0.6746531246531248,0.880888914765497,3730,2042,7
dialseg711,random,2,44,0.2180281579826512,1.8207639569049952,0.6703041458610607,0.6753915212775973,0.8802176789325171,3718,2042,7
dialseg711,random,2,45,0.2235809390567181,1.8153770812928502,0.6691612115957636,0.675717186001996,0.8796181618948847,3707,2042,7
dialseg711,random,2,46,0.2284090026329205,1.8099902056807051,0.6688422002840807,0.6770709131468625,0.8798099887428299,3696,2042,7
dialseg711,random,2,47,0.23319819798900043,1.8041136141038199,0.6691105811272474,0.6781433463395489,0.879412326161623,3684,2042,7
dialseg711,random,2,48,0.2380911841858784,1.7987267384916747,0.6693066344878578,0.6791376423232963,0.8792223969316093,3673,2042,7
dialseg711,random,2,49,0.24236351805411113,1.7928501469147895,0.6698365389295334,0.6802030989794703,0.8790750879973805,3661,2042,7
dialseg711,random,2,50,0.24615189535545529,1.786973555337904,0.6690199700661723,0.6811876278121003,0.8787371445687198,3649,2042,7
dialseg711,random,2,51,0.25038700188488233,1.7791380999020567,0.6679553065320439,0.6826951178217,0.8783780017711101,3633,2042,7
dialseg711,random,2,52,0.25476229179317456,1.7752203721841333,0.667076594682868,0.6835808588973146,0.8781168002440858,3625,2042,7
dialseg711,random,2,53,0.2596489515400267,1.7693437806072478,0.665683012487598,0.6844255779382362,0.877764792117816,3613,2042,7
dialseg711,random,2,54,0.26536928225568396,1.7654260528893242,0.6648993384749655,0.6851258826733511,0.8776955104592236,3605,2042,7
dialseg711,random,2,55,0.27057333315678034,1.7595494613124387,0.6639811695622571,0.6858143526656185,0.8772609652549878,3593,2042,7
dialseg711,random,2,56,0.27517647270653783,1.7541625857002938,0.6639364182516829,0.686974690218361,0.8769024177884936,3582,2042,7
dialseg711,random,2,57,0.27996470344147195,1.748775710088149,0.6644524811627504,0.6877790975628528,0.8766315793390336,3571,2042,7
dialseg711,random,2,58,0.2845344242384418,1.7448579823702253,0.6638047915299399,0.6884530309899508,0.876252502251096,3563,2042,7
dialseg711,random,2,59,0.2886255086186647,1.7394711067580804,0.6627595795142637,0.6894219323807932,0.8761613328719516,3552,2042,7
dialseg711,random,2,60,0.29411878932492713,1.733594515181195,0.6617353043169591,0.6905558986255188,0.8761688675313852,3540,2042,7
dialseg711,random,2,61,0.29909420824713995,1.7267384916748285,0.6616410163305413,0.691693099446264,0.8757052534250144,3526,2042,7
dialseg711,random,2,62,0.304248666105655,1.7223310479921645,0.6601854089138042,0.6927694394993974,0.8753472175711979,3517,2042,7
dialseg711,random,2,63,0.30968149204526374,1.7179236043095005,0.660138347391784,0.6935047664478045,0.8752061520029172,3508,2042,7
dialseg711,random,2,64,0.3139165010543905,1.708619000979432,0.6597085549707757,0.6953105731586744,0.8746353596916185,3489,2042,7
dialseg711,random,2,65,0.31887468042737854,1.7017629774730656,0.6578125069466563,0.6965959302457193,0.8740586698814548,3475,2042,7
dialseg711,random,2,66,0.32301631758802407,1.6953966699314398,0.6570335031718718,0.6980678399191058,0.8737823229278927,3462,2042,7
dialseg711,random,2,67,0.32741085263829295,1.688050930460333,0.6564300963980688,0.6996989541557052,0.8733919996630967,3447,2042,7
dialseg711,random,2,68,0.33195342341131434,1.6807051909892263,0.6552333793785671,0.7009145712468497,0.8726996388775573,3432,2042,7
dialseg711,random,2,69,0.3378556807126533,1.6743388834476003,0.6548207743246117,0.7018268231612113,0.8719194388463025,3419,2042,7
dialseg711,random,2,70,0.34349941146907337,1.6699314397649363,0.6551590748738827,0.7024224798486403,0.871787349755001,3410,2042,7
dialseg711,random,2,71,0.34901664070952,1.6640548481880508,0.6553242804195593,0.7038043922010168,0.8716364333171647,3398,2042,7
dialseg711,random,2,72,0.3544592211729196,1.6601371204701274,0.655361858915943,0.7047082722715634,0.8714666430225503,3390,2042,7
dialseg711,random,2,73,0.36000447869631,1.6518119490695398,0.6529980404217017,0.7061303694742513,0.8703875867712013,3373,2042,7
dialseg711,random,2,74,0.3653893559201637,1.6439764936336925,0.651976197593737,0.7079211068662545,0.8699678225223231,3357,2042,7
dialseg711,random,2,75,0.36930781361251136,1.6376101860920667,0.6508366592408432,0.7093392972084955,0.8691880184925694,3344,2042,7
dialseg711,random,2,76,0.37286140492213393,1.6317335945151812,0.6495271202919528,0.7103882892385003,0.868590826967108,3332,2042,7
dialseg711,random,2,77,0.3784880758020474,1.6243878550440745,0.6488131609059969,0.7118123398714116,0.8679934121924778,3317,2042,7
dialseg711,random,2,78,0.3839626832723091,1.6155729676787463,0.6462238764601724,0.7129969557712174,0.8670085670901926,3299,2042,7
dialseg711,random,2,79,0.38981550342722143,1.60871694417238,0.6456420794208447,0.714014971979107,0.8664712807582508,3285,2042,7
dialseg711,random,2,80,0.3952977344255748,1.6008814887365328,0.6454448560913305,0.7153980005773255,0.8661110682250427,3269,2042,7
dialseg711,random,2,81,0.4014178454991529,1.5930460333006855,0.6440678146299008,0.716704008212447,0.8658962281086554,3253,2042,7
dialseg711,random,2,82,0.4063631579495129,1.5881488736532812,0.6438917444116365,0.7174345911160257,0.8655876419456386,3243,2042,7
dialseg711,random,2,83,0.41136049293509475,1.5817825661116551,0.6424959774785154,0.7180063880485822,0.8650319003491097,3230,2042,7
dialseg711,random,2,84,0.41640477543835874,1.5744368266405484,0.6407902495033723,0.7193190931587556,0.8642760158731124,3215,2042,7
dialseg711,random,2,85,0.42060999224359297,1.5651322233104799,0.6392690562100272,0.7213001758360408,0.863819763915454,3196,2042,7
dialseg711,random,2,86,0.4249004516752632,1.5602350636630755,0.6377969629435745,0.7227476676316339,0.8636603547071702,3186,2042,7
dialseg711,random,2,87,0.4309859779951411,1.5538687561214495,0.6366561596930667,0.7240017698351031,0.863339023046176,3173,2042,7
dialseg711,random,2,88,0.4366057399248706,1.5460333006856024,0.635016565459646,0.7252395469431335,0.8626946887379879,3157,2042,7
dialseg711,random,2,89,0.4405310152516214,1.5386875612144957,0.6339326907470794,0.7261233345885246,0.8619866260942712,3142,2042,7
dialseg711,random,2,90,0.4458468761161786,1.5288932419196866,0.6332297445888159,0.7277132872597007,0.8610808484057931,3122,2042,7
dialseg711,random,2,91,0.45123379051270296,1.5176297747306562,0.6313726170995011,0.7293657496980281,0.8597651573379924,3099,2042,7
dialseg711,random,2,92,0.45588243679316015,1.5073457394711067,0.6288792534769556,0.7312713335656376,0.8594524583405937,3078,2042,7
dialseg711,random,2,93,0.46137133810361125,1.5019588638589618,0.6270751651971844,0.7318196893355123,0.8588987445906774,3067,2042,7
dialseg711,random,2,94,0.4658302470405089,1.4951028403525954,0.626456786678452,0.7335749859220324,0.8583580351048203,3053,2042,7
dialseg711,random,2,95,0.47197212662956073,1.485798237022527,0.6261048110844808,0.735142613676369,0.8577950286082695,3034,2042,7
dialseg711,random,2,96,0.4766882787330326,1.4755142017629774,0.6258028218150058,0.7367586712787135,0.8568290573627626,3013,2042,7
dialseg711,random,2,97,0.4819065929392212,1.4662095984329089,0.624060511286396,0.7382226277004759,0.8557979810785217,2994,2042,7
dialseg711,random,2,98,0.48758982351863184,1.4569049951028403,0.6232292929923098,0.7401653140577191,0.854957494469751,2975,2042,7
dialseg711,random,2,99,0.49197317831256665,1.4471106758080314,0.6216995668188819,0.7415531247546016,0.8542748450230366,2955,2042,7
dialseg711,random,2,100,0.49846258646039454,1.4392752203721841,0.6197327520129142,0.7426783005633216,0.8534259755771209,2939,2042,7
dialseg711,random,2,101,0.5034854850938073,1.430460333006856,0.6180853544262082,0.7440564455859814,0.8528022639108634,2921,2042,7
dialseg711,random,2,102,0.5078736906598459,1.420666013712047,0.6166346564477052,0.7458622522968514,0.8522459226899652,2901,2042,7
dialseg711,random,2,103,0.5125660461186954,1.4113614103819785,0.6142445391008923,0.7478502861414253,0.8512919510872594,2882,2042,7
dialseg711,random,2,104,0.5170336906476859,1.404505386875612,0.6129322936213596,0.7488063507050849,0.8506626116815489,2868,2042,7
dialseg711,random,2,105,0.521155350463824,1.3932419196865817,0.6114957498461192,0.7506448076068329,0.8498087580288203,2845,2042,7
dialseg711,random,2,106,0.5273965254426077,1.3829578844270323,0.6106239618435296,0.7521944358969676,0.8493853152425083,2824,2042,7
dialseg711,random,2,107,0.5322388772864406,1.3751224289911852,0.6090703885998412,0.7533762611821684,0.8485644559564591,2808,2042,7
dialseg711,random,2,108,0.5365775935125757,1.365328109696376,0.6057134261045266,0.755061513342104,0.8473340181648399,2788,2042,7
dialseg711,random,2,109,0.5423269303394318,1.3574926542605288,0.6044240964955147,0.7565969094977534,0.8471876504288098,2772,2042,7
dialseg711,random,2,110,0.5470561985319835,1.3491674828599411,0.6021286891368162,0.7575613459052276,0.846133021357303,2755,2042,7
dialseg711,random,2,111,0.5524968106182722,1.3398628795298726,0.6019175325884522,0.7592519002329128,0.8455887638043055,2736,2042,7
dialseg711,random,2,112,0.5563730422727526,1.330558276199804,0.6010460490165467,0.7608757588715395,0.8447556410355286,2717,2042,7
dialseg711,random,2,113,0.5623871745500718,1.3192948090107737,0.5976933497118733,0.7624853853756806,0.8437275211114873,2694,2042,7
dialseg711,random,2,114,0.567051067492566,1.310969637610186,0.5956211377985097,0.7639532486578899,0.8426943873832059,2677,2042,7
dialseg711,random,2,115,0.5723799644187616,1.3036238981390793,0.5949716831288536,0.7654679942654625,0.8416759432810771,2662,2042,7
dialseg711,random,2,116,0.5770117930056677,1.2943192948090108,0.590782006576308,0.7669252532121731,0.8402284168142115,2643,2042,7
dialseg711,random,2,117,0.5823583698257144,1.2830558276199804,0.5890445263151041,0.7690177311749042,0.8392967422221993,2620,2042,7
dialseg711,random,2,118,0.5897757783542172,1.2698334965719882,0.5870927143810581,0.7709999047288078,0.8377554299635875,2593,2042,7
dialseg711,random,2,119,0.5956036378450879,1.257590597453477,0.5853213043197498,0.7738736796489961,0.8373109256477752,2568,2042,7
dialseg711,random,2,120,0.5998517480184439,1.2502448579823702,0.5847229965484463,0.7752186163578567,0.8367968386252492,2553,2042,7
dialseg711,random,2,121,0.6058662423174492,1.2389813907933398,0.5820956642363286,0.7772211613983766,0.835743493236461,2530,2042,7
dialseg711,random,2,122,0.6112208075277041,1.2311459353574927,0.5806648720660295,0.7785003791332905,0.8348945045551937,2514,2042,7
dialseg711,random,2,123,0.6169872503814007,1.21743388834476,0.57571232426427,0.7815976822833363,0.8329957145656866,2486,2042,7
dialseg711,random,2,124,0.6213138238607064,1.2071498530852105,0.5754140299476088,0.7831524732104901,0.8320387060252943,2465,2042,7
dialseg711,random,2,125,0.6265663077823799,1.2002938295788443,0.5757860442436739,0.7846183830624759,0.8315674642390034,2451,2042,7
dialseg711,random,2,126,0.6319351606207805,1.188050930460333,0.5725871186596716,0.786395750873599,0.8296792075511684,2426,2042,7
dialseg711,random,2,127,0.6365618091655116,1.1767874632713027,0.5715170821910119,0.7884123885178737,0.8288911532082619,2403,2042,7
dialseg711,random,2,128,0.644191227616878,1.1655239960822723,0.5698239089788515,0.7902574033639435,0.8274533448453479,2380,2042,7
dialseg711,random,2,129,0.6496516929157169,1.1518119490695398,0.5669893011554127,0.7923863632460678,0.8258487710449234,2352,2042,7
dialseg711,random,2,130,0.654802917380038,1.1415279138099903,0.5634097514477915,0.7942001232085619,0.8240074474208992,2331,2042,7
dialseg711,random,2,131,0.6604937166345586,1.1278158667972575,0.5613324283034672,0.7969550813696383,0.8225333872829854,2303,2042,7
dialseg711,random,2,132,0.6648900841556301,1.115083251714006,0.558085269149135,0.799524679297886,0.8212219844596276,2277,2042,7
dialseg711,random,2,133,0.6695454022682193,1.1062683643486777,0.5538296803688503,0.8012049083515329,0.8193197899203022,2259,2042,7
dialseg711,random,2,134,0.6744955528324309,1.0940254652301664,0.55237810114363,0.8037127907644785,0.8179216750904013,2234,2042,7
dialseg711,random,2,135,0.6799861332813086,1.0822722820763957,0.5482932979771689,0.8052264201262093,0.8156973226990305,2210,2042,7
dialseg711,random,2,136,0.6857768611666061,1.0685602350636632,0.5412745791218966,0.8077418801311206,0.8126051709510621,2182,2042,7
dialseg711,random,2,137,0.6909268049449018,1.058765915768854,0.5393508495832438,0.8097932609272274,0.8107799415625415,2162,2042,7
dialseg711,random,2,138,0.6964990861077979,1.0470127326150833,0.5351629518609702,0.8114232589179847,0.8093177497596945,2138,2042,7
dialseg711,random,2,139,0.7001395723830534,1.0333006856023506,0.5331119008647714,0.8138676977811999,0.80764477255904,2110,2042,7
dialseg711,random,2,140,0.7067272455780098,1.0220372184133202,0.5290185502214084,0.8155336947003614,0.8061963598606272,2087,2042,7
dialseg711,random,2,141,0.7115141754783124,1.0107737512242898,0.5244397097775891,0.8176358646822782,0.8040997139028081,2064,2042,7
dialseg711,random,2,142,0.715394694946039,0.9980411361410382,0.519100502961589,0.820283739350195,0.8023354678347646,2038,2042,7
dialseg711,random,2,143,0.7196940790839812,0.9857982370225269,0.5169222476932369,0.8226186465901655,0.801514928265983,2013,2042,7
dialseg711,random,2,144,0.7260912706000602,0.970617042115573,0.5155997367104994,0.8259909648095302,0.8002697789916497,1982,2042,7
dialseg711,random,2,145,0.7315492331788925,0.9564152791380999,0.5130486873762599,0.8288549725786013,0.7992228892246472,1953,2042,7
dialseg711,random,2,146,0.7365968821128585,0.9431929480901078,0.5079005615530285,0.8312283903001203,0.7961185080611944,1926,2042,7
dialseg711,random,2,147,0.7417515758247869,0.9270323212536729,0.5035106337009644,0.8341627215572361,0.7933511241768046,1893,2042,7
dialseg711,random,2,148,0.7470486218113062,0.9123408423114594,0.4958090290672491,0.8359735513743953,0.7907267853182887,1863,2042,7
dialseg711,random,2,149,0.7523565141020554,0.9005876591576886,0.49382946555877016,0.8377236853238962,0.7886112575944626,1839,2042,7
dialseg711,random,2,150,0.7561117100941468,0.8868756121449559,0.49037356843198704,0.8401241720070833,0.7857887070398446,1811,2042,7
dialseg711,random,2,151,0.7608713080583361,0.8721841332027425,0.48402101334525477,0.8427607446858503,0.7824472477490183,1781,2042,7
dialseg711,random,2,152,0.7670136637641423,0.8574926542605289,0.4790792220943362,0.8450687351794948,0.780194687211703,1751,2042,7
dialseg711,random,2,153,0.7715907065907984,0.8423114593535749,0.47345288342009484,0.8474107584867079,0.7776678945220287,1720,2042,7
dialseg711,random,2,154,0.7754797955607459,0.8295788442703232,0.47190884303528163,0.8500060300693212,0.7762224943213543,1694,2042,7
dialseg711,random,2,155,0.7802524178963242,0.8134182174338883,0.46519709178655505,0.8524631662289891,0.7721436594197347,1661,2042,7
dialseg711,random,2,156,0.7853145875359342,0.7987267384916749,0.4587592423851911,0.8550523491979187,0.7684008190700026,1631,2042,7
dialseg711,random,2,157,0.7898853066606611,0.781586679725759,0.4539332519796524,0.8581637449517197,0.7662633230907758,1596,2042,7
dialseg711,random,2,158,0.7957372214321928,0.7649363369245837,0.4494751630713277,0.8607431100310846,0.7632032153858017,1562,2042,7
dialseg711,random,2,159,0.8006734673812383,0.7497551420176298,0.44852970284316707,0.8639440845137049,0.76091458583803,1531,2042,7
dialseg711,random,2,160,0.8052426932823065,0.7331047992164544,0.44335255462804407,0.8669818080419346,0.7584608552039198,1497,2042,7
dialseg711,random,2,161,0.8098932848939987,0.718413320274241,0.43629676466086176,0.8700115783185404,0.7557262754897339,1467,2042,7
dialseg711,random,2,162,0.8152865380199013,0.7012732615083251,0.42905567788390997,0.8724056465881361,0.752000868740417,1432,2042,7
dialseg711,random,2,163,0.8206913042294572,0.6856023506366308,0.42040588885437413,0.8755194143643511,0.7471182458668743,1400,2042,7
dialseg711,random,2,164,0.8264555898708535,0.6723800195886386,0.4145864396494695,0.8778841811805947,0.7442800635772152,1373,2042,7
dialseg711,random,2,165,0.8308533919362489,0.6552399608227228,0.4092474357872589,0.8810585052937375,0.7409415372288436,1338,2042,7
dialseg711,random,2,166,0.8351172097721306,0.6371204701273262,0.4028187513517555,0.8843314015254945,0.73617310585241,1301,2042,7
dialseg711,random,2,167,0.8402276197615435,0.618511263467189,0.39238208772832744,0.8876739996993163,0.7309539797481661,1263,2042,7
dialseg711,random,2,168,0.8467907441025029,0.6023506366307542,0.38718149835052296,0.8898025409892498,0.7263958093519051,1230,2042,7
dialseg711,random,2,169,0.8525823597729438,0.584720861900098,0.3814261347892522,0.8932065326843809,0.7231754430249987,1194,2042,7
dialseg711,random,2,170,0.856966016809094,0.5670910871694417,0.3713616026472814,0.8960403042417812,0.7178908739710906,1158,2042,7
dialseg711,random,2,171,0.8615487335264135,0.5494613124387855,0.36396535769829386,0.8996866608153528,0.7132956486285749,1122,2042,7
dialseg711,random,2,172,0.867438749856984,0.5313418217433888,0.3521217863610517,0.9023282566004086,0.7062698773558853,1085,2042,7
dialseg711,random,2,173,0.8718967864286713,0.5137120470127327,0.34270513643807266,0.9051794529115205,0.6999119483367294,1049,2042,7
dialseg711,random,2,174,0.876533046833695,0.4975514201762977,0.33406362076007146,0.907653890881739,0.6955770295998706,1016,2042,7
dialseg711,random,2,175,0.882299353425493,0.47992164544564153,0.3244109833337929,0.9105720365741463,0.6880933744386759,980,2042,7
dialseg711,random,2,176,0.8866811217504417,0.46131243878550443,0.31619987892015694,0.9140879319149361,0.6809996535791322,942,2042,7
dialseg711,random,2,177,0.8916648674755939,0.4422135161606268,0.3011372575284216,0.9169748227237678,0.6732956379824426,903,2042,7
dialseg711,random,2,178,0.8957727164596468,0.42213516160626835,0.2914906609619938,0.9206716894216895,0.6664128273973072,862,2042,7
dialseg711,random,2,179,0.9019046215352458,0.4040156709108717,0.28144956998270476,0.9242062818803326,0.6606496175582743,825,2042,7
dialseg711,random,2,180,0.9067361724309875,0.38393731635651324,0.2713832649796909,0.9275581271361862,0.6527959687549482,784,2042,7
dialseg711,random,2,181,0.9108756582623592,0.366307541625857,0.2618192706055699,0.9305438057020335,0.6430805305615999,748,2042,7
dialseg711,random,2,182,0.9155340554846683,0.3476983349657199,0.24801242578606691,0.9342296494722656,0.6331586959177498,710,2042,7
dialseg711,random,2,183,0.9207497543927594,0.3281096963761019,0.23531066435012823,0.9378564717436026,0.6247859237193799,670,2042,7
dialseg711,random,2,184,0.925381394526024,0.3095004897159647,0.22256825843323733,0.941591176638645,0.6171830832384472,632,2042,7
dialseg711,random,2,185,0.9295550156522794,0.28942213516160625,0.2106378228741098,0.9451946758117644,0.6077055487927815,591,2042,7
dialseg711,random,2,186,0.9332925349934863,0.2722820763956905,0.199573594088362,0.9485535990810252,0.6001478048762703,556,2042,7
dialseg711,random,2,187,0.9391728494127621,0.25220372184133205,0.1846784095729243,0.9519370797588097,0.5895056981619371,515,2042,7
dialseg711,random,2,188,0.9442342219640585,0.23408423114593535,0.17277029893063647,0.955434861473891,0.5785887261638449,478,2042,7
dialseg711,random,2,189,0.9485630827332886,0.21449559255631734,0.15640836737883151,0.9590979997889282,0.5686641823456932,438,2042,7
dialseg711,random,2,190,0.9533671109165459,0.19343780607247796,0.13950840533119013,0.962833376968398,0.5578132463333463,395,2042,7
dialseg711,random,2,191,0.9585646888164348,0.17238001958863858,0.12314647377938516,0.9671395743653127,0.5458231820019235,352,2042,7
dialseg711,random,2,192,0.9635271753306263,0.15132223310479923,0.11100395151028063,0.971574977218437,0.5327150080384757,309,2042,7
dialseg711,random,2,193,0.9687007124954459,0.1297747306562194,0.0989016140914875,0.9755114942878657,0.5198595009174627,265,2042,7
dialseg711,random,2,194,0.9744358209798276,0.10871694417238002,0.08539950438684615,0.9796827908378541,0.5077457984308388,222,2042,7
dialseg711,random,2,195,0.9792839793337943,0.08667972575905974,0.06970062286517982,0.9833585883955082,0.4961211903172343,177,2042,7
dialseg711,random,2,196,0.9838905662634355,0.06611165523996082,0.05140981849842609,0.9874422342776773,0.4821379890766816,135,2042,7
dialseg711,random,2,197,0.9890234461225303,0.044564152791381,0.03497421472105017,0.9912387259169958,0.4676584538404778,91,2042,7
dialseg711,random,2,198,0.9943038085322794,0.022526934378060724,0.0156586966713549,0.9954902272676535,0.45371702248335505,46,2042,7
dialseg711,random,2,199,0.9998360454174776,0.0004897159647404506,0.0,0.9997990757484428,0.4375829408953603,1,2042,7
dialseg711,random,2,0,4.075778705425748e-05,2.0239960822722822,0.6831241294936002,0.6514300875324082,0.896047365017126,4133,2042,8
dialseg711,random,2,1,0.00534166456295149,2.020568070519099,0.6828789304316701,0.6517667878691085,0.8956563534007276,4126,2042,8
dialseg711,random,2,2,0.009925486509943562,2.0181194906953968,0.6829888467782188,0.6520754298444171,0.8955113344617563,4121,2042,8
dialseg711,random,2,3,0.015800099660065625,2.0146914789422135,0.6829787364749706,0.6529290788520746,0.8955194272441107,4114,2042,8
dialseg711,random,2,4,0.02034500779423725,2.0093046033300688,0.6818947785014824,0.6536917538236103,0.8950076192235122,4103,2042,8
dialseg711,random,2,5,0.02471438173962808,2.002448579823702,0.6810904708938671,0.6545004739361279,0.8941199247176743,4089,2042,8
dialseg711,random,2,6,0.029753059542643154,1.9975514201762978,0.6811900746117179,0.6552271499792596,0.893897352061909,4079,2042,8
dialseg711,random,2,7,0.03468644497744255,1.995592556317336,0.6811666259825089,0.6557399254129211,0.893987349382919,4075,2042,8
dialseg711,random,2,8,0.03801496203099275,1.9916748285994124,0.6808718356033303,0.6561149840158279,0.8937302407573152,4067,2042,8
dialseg711,random,2,9,0.04290994882095931,1.9867776689520078,0.68005329348683,0.6569622146098939,0.8934983406836432,4057,2042,8
dialseg711,random,2,10,0.047535411014957514,1.9818805093046032,0.6800785692822515,0.6581147384417426,0.8934091712449659,4047,2042,8
dialseg711,random,2,11,0.05229475561315073,1.9799216454456414,0.6798602370186162,0.6583608706499001,0.8933294712918481,4043,2042,8
dialseg711,random,2,12,0.05656174464427595,1.9764936336924583,0.6793230568852249,0.6586831866367732,0.8929713424175449,4036,2042,8
dialseg711,random,2,13,0.06103172632581434,1.9720861900097943,0.6784108110680195,0.6593444227674186,0.8927734878420532,4027,2042,8
dialseg711,random,2,14,0.06663663027957197,1.9676787463271304,0.6783199892472398,0.6600992840180604,0.8928369743243162,4018,2042,8
dialseg711,random,2,15,0.07168469709068959,1.965230166503428,0.677977176879111,0.660438343692563,0.8927035829461989,4013,2042,8
dialseg711,random,2,16,0.07609151718322738,1.9613124387855043,0.6776500848020743,0.6608485640394923,0.89230480411915,4005,2042,8
dialseg711,random,2,17,0.08088878211066372,1.9583741429970618,0.6777222574702941,0.6616229595923688,0.8922195508429684,3999,2042,8
dialseg711,random,2,18,0.0868739900699458,1.9549461312438785,0.6774021299127693,0.6621503857527065,0.8921668082269347,3992,2042,8
dialseg711,random,2,19,0.09289102302325872,1.9524975514201763,0.6769871979155587,0.662384797379523,0.8920184490068456,3987,2042,8
dialseg711,random,2,20,0.0979853727530328,1.9461312438785505,0.6771970252543533,0.6636079237608773,0.891793195669778,3974,2042,8
dialseg711,random,2,21,0.1023574786179439,1.9436826640548481,0.6770056077855653,0.6640298646891474,0.8916871523147895,3969,2042,8
dialseg711,random,2,22,0.10715261418113979,1.9422135161606269,0.6768734848686322,0.6643472971004616,0.8917541270653084,3966,2042,8
dialseg711,random,2,23,0.11163511220864102,1.9363369245837414,0.676222956347795,0.6656733971607389,0.891712770156863,3954,2042,8
dialseg711,random,2,24,0.11552758003797202,1.9324191968658178,0.6760646046381898,0.6660367351823048,0.891335665103246,3946,2042,8
dialseg711,random,2,25,0.12193396993714843,1.929480901077375,0.6756865723210638,0.6662862161279882,0.8910959513086799,3940,2042,8
dialseg711,random,2,26,0.12720968596703636,1.9270323212536729,0.6752344927550602,0.6665323483361457,0.8909329794157501,3935,2042,8
dialseg711,random,2,27,0.13234508948002924,1.9231145935357492,0.6752684718062957,0.6672121420539142,0.8906135098557744,3927,2042,8
dialseg711,random,2,28,0.1371517491919142,1.9191968658178256,0.674190258122107,0.6674319029540549,0.8900146439615497,3919,2042,8
dialseg711,random,2,29,0.14270312667317403,1.9147894221351616,0.673657228095406,0.6680564425026451,0.8898702550249669,3910,2042,8
dialseg711,random,2,30,0.14893436592894774,1.9094025465230167,0.6721808407540398,0.6687049813368379,0.8895508615726618,3899,2042,8
dialseg711,random,2,31,0.1549071733371014,1.9059745347698336,0.6723159376279121,0.6695586303444954,0.8895179323203234,3892,2042,8
dialseg711,random,2,32,0.16017180047855345,1.901077375122429,0.6708665648182697,0.6703974890947465,0.8893480955154653,3882,2042,8
dialseg711,random,2,33,0.1653294514321436,1.8952007835455436,0.6691892852706814,0.6709575654459621,0.8887181607786391,3870,2042,8
dialseg711,random,2,34,0.1694111455286942,1.8898139079333987,0.6684255155195699,0.6718307487558542,0.8886106197938126,3859,2042,8
dialseg711,random,2,35,0.17402692107935933,1.8834476003917728,0.6685936080927257,0.6729149025298814,0.8882451423010495,3846,2042,8
dialseg711,random,2,36,0.17843773152127118,1.8795298726738492,0.6685235890353649,0.6739153378657597,0.8882478771033624,3838,2042,8
dialseg711,random,2,37,0.1836930404732643,1.876101860920666,0.6685054783942709,0.6745137978524055,0.8880783007558675,3831,2042,8
dialseg711,random,2,38,0.18940010366935223,1.8712047012732616,0.6675940363435884,0.67539953892802,0.8875663625065876,3821,2042,8
dialseg711,random,2,39,0.1935034962539122,1.8648383937316357,0.6683046763789923,0.6763518488465746,0.8872099502830867,3808,2042,8
dialseg711,random,2,40,0.19931839324547682,1.8604309500489715,0.6674437464041383,0.6770257822736725,0.8868495889170994,3799,2042,8
dialseg711,random,2,41,0.20422885168800808,1.8530852105778648,0.6661454189676806,0.6778841753261585,0.8864951639494536,3784,2042,8
dialseg711,random,2,42,0.21107615918093678,1.8447600391772772,0.6654360135165884,0.6787005823134515,0.8856570121549024,3767,2042,8
dialseg711,random,2,43,0.21683237254609972,1.8408423114593535,0.6650360144363687,0.6795335807730322,0.8854927565792545,3759,2042,8
dialseg711,random,2,44,0.22133206331843688,1.8359451518119492,0.6644194611193934,0.6804251821393171,0.8853854574476936,3749,2042,8
dialseg711,random,2,45,0.22702701022557745,1.8300685602350637,0.6634288436730799,0.6812142284188697,0.8849040764283381,3737,2042,8
dialseg711,random,2,46,0.232006962690344,1.8266405484818804,0.663547625362971,0.6817533751605482,0.8846537769023705,3730,2042,8
dialseg711,random,2,47,0.23706135235005094,1.8197845249755142,0.6630070683123749,0.6830250582360287,0.8845771931355618,3716,2042,8
dialseg711,random,2,48,0.24273417209340142,1.8153770812928502,0.6631769726794812,0.6837225850411505,0.8843650227071465,3707,2042,8
dialseg711,random,2,49,0.24668611653590286,1.8099902056807051,0.6622420903844598,0.6844658652411817,0.8839524210357543,3696,2042,8
dialseg711,random,2,50,0.25205800375697013,1.8050930460333008,0.6619730371219774,0.6851384033609772,0.8836093428762205,3686,2042,8
dialseg711,random,2,51,0.25589248785145363,1.7957884427032322,0.6625948088947522,0.6870396490913369,0.8832734552003187,3667,2042,8
dialseg711,random,2,52,0.2610706466708209,1.787952987267385,0.6615122716337252,0.6878956701214084,0.882490055264317,3651,2042,8
dialseg711,random,2,53,0.26627234768783914,1.7845249755142019,0.6603638576161128,0.6882560779976391,0.8822774104314188,3644,2042,8
dialseg711,random,2,54,0.27088138473115514,1.7781586679725758,0.6599159694870653,0.6890935414405879,0.8817051670005255,3631,2042,8
dialseg711,random,2,55,0.27593604815057643,1.7757100881488737,0.6599902271562598,0.6894568794621537,0.8815338604719757,3626,2042,8
dialseg711,random,2,56,0.2819033317410371,1.77179236043095,0.6594363021741757,0.6897889626001441,0.8809212647538949,3618,2042,8
dialseg711,random,2,57,0.28669905871394774,1.7654260528893242,0.6578469173259176,0.6902577858537774,0.8800925080285137,3605,2042,8
dialseg711,random,2,58,0.29274273459553507,1.7595494613124387,0.6579420237723455,0.6918651798662347,0.8801943654615947,3593,2042,8
dialseg711,random,2,59,0.2968151007456062,1.752203721841332,0.6574625191473749,0.6930322148940292,0.8801228792174642,3578,2042,8
dialseg711,random,2,60,0.301413649365037,1.747796278158668,0.6569262941185893,0.693799912971854,0.8799585120172321,3569,2042,8
dialseg711,random,2,61,0.30630023704140796,1.7394711067580804,0.6564876095026895,0.6949556586951101,0.8796364192795276,3552,2042,8
dialseg711,random,2,62,0.31131034199798807,1.7331047992164546,0.656014502541751,0.6959495487712787,0.8793708550916709,3539,2042,8
dialseg711,random,2,63,0.31554756462949185,1.7252693437806073,0.6550399027363063,0.6974556434735759,0.8789334262523433,3523,2042,8
dialseg711,random,2,64,0.320401190055943,1.7193927522037218,0.6540207225287419,0.6981973888355745,0.8784644634679797,3511,2042,8
dialseg711,random,2,65,0.3241567829065739,1.7091087169441723,0.6537739858444611,0.7001469121985999,0.8781845927292481,3490,2042,8
dialseg711,random,2,66,0.3291559239496022,1.703232125367287,0.6528417496579499,0.7011998110890516,0.8775580864617935,3478,2042,8
dialseg711,random,2,67,0.33518831024046897,1.6963761018609207,0.6512695826753974,0.701831745766345,0.8766651456004981,3464,2042,8
dialseg711,random,2,68,0.33889981143346287,1.6904995102840352,0.6511827504988472,0.7025112604226528,0.8763296765167873,3452,2042,8
dialseg711,random,2,69,0.34411029238034324,1.6846229187071498,0.6507902915931095,0.7035507643630007,0.8759927935216765,3440,2042,8
dialseg711,random,2,70,0.347490223147291,1.6767874632713027,0.6481926154492952,0.7047828207110908,0.8752098307819627,3424,2042,8
dialseg711,random,2,71,0.35163293735603646,1.6699314397649363,0.6477136805922332,0.7058117203159398,0.87477519255724,3410,2042,8
dialseg711,random,2,72,0.35567222240376734,1.6635651322233105,0.6470074879487815,0.7070729385866517,0.8746721554552577,3397,2042,8
dialseg711,random,2,73,0.35987500069231143,1.654260528893242,0.6445350891771835,0.7087788412946641,0.8735086366018655,3378,2042,8
dialseg711,random,2,74,0.363901357816084,1.6449559255631734,0.6420128646219352,0.7102665179405686,0.872813578222208,3359,2042,8
dialseg711,random,2,75,0.3697804837487553,1.634671890303624,0.6392443339654605,0.7122088237594566,0.8721767041570638,3338,2042,8
dialseg711,random,2,76,0.37445533762099814,1.628305582761998,0.6374209971210266,0.7130136370115272,0.8716648682303194,3325,2042,8
dialseg711,random,2,77,0.37868381122669337,1.6190009794319296,0.6353321865135643,0.714495871958952,0.8706414103239501,3306,2042,8
dialseg711,random,2,78,0.3839495652109664,1.6072477962781586,0.6331920859292892,0.7167968732314723,0.8693564997352419,3282,2042,8
dialseg711,random,2,79,0.38853957130732464,1.5994123408423115,0.6323362601044885,0.7179717219801608,0.8686582507528862,3266,2042,8
dialseg711,random,2,80,0.3930982036659979,1.5896180215475024,0.6308911587736901,0.7197521594673494,0.8680187455368289,3246,2042,8
dialseg711,random,2,81,0.3977293431616872,1.5808031341821744,0.6298689663046191,0.7212155577661907,0.8675091155244863,3228,2042,8
dialseg711,random,2,82,0.40288715981081397,1.573947110675808,0.6279367138678721,0.722713838747594,0.8667994622304448,3214,2042,8
dialseg711,random,2,83,0.4087878409810256,1.5675808031341822,0.6258575680979841,0.7234756765347483,0.865872503777115,3201,2042,8
dialseg711,random,2,84,0.4149674158515875,1.559745347698335,0.6250702468863706,0.724557876878552,0.8652629777350994,3185,2042,8
dialseg711,random,2,85,0.420248697380279,1.5504407443682664,0.6248932811919068,0.7261783867796525,0.8648766450491887,3166,2042,8
dialseg711,random,2,86,0.4262153135421348,1.5421155729676788,0.6231194493636014,0.727664947179715,0.864153936752641,3149,2042,8
dialseg711,random,2,87,0.4323260291361391,1.5337904015670911,0.6205069267088847,0.729157367870448,0.8636093204063366,3132,2042,8
dialseg711,random,2,88,0.43869517648880985,1.524975514201763,0.6197197226826636,0.7304700729806215,0.8630061689253972,3114,2042,8
dialseg711,random,2,89,0.4428240509130205,1.5146914789422135,0.6169574678851644,0.7318162654660544,0.8616627112422772,3093,2042,8
dialseg711,random,2,90,0.4476661736631081,1.5083251714005876,0.616014934778453,0.7325224304918398,0.860709632636245,3080,2042,8
dialseg711,random,2,91,0.4540156043384587,1.5004897159647403,0.6158406177686929,0.7339594574826643,0.8605792644239499,3064,2042,8
dialseg711,random,2,92,0.4597044971489199,1.4916748285994124,0.6138476489425019,0.7351770026348085,0.8597203132485431,3046,2042,8
dialseg711,random,2,93,0.4647337462357045,1.4833496571988247,0.613526803916422,0.736708491930011,0.8596167535405531,3029,2042,8
dialseg711,random,2,94,0.4714729351289291,1.475024485798237,0.6119346157296759,0.7377750648320269,0.8587679229941134,3012,2042,8
dialseg711,random,2,95,0.4762485167656033,1.4676787463271304,0.6103539873962888,0.73890556817772,0.8580575876303725,2997,2042,8
dialseg711,random,2,96,0.4819709790269994,1.4593535749265425,0.6097202365417701,0.740426732198884,0.8574452151614597,2980,2042,8
dialseg711,random,2,97,0.48746658816312965,1.450048971596474,0.6079113328835168,0.7420538000443064,0.856979433677746,2961,2042,8
dialseg711,random,2,98,0.49228934859130213,1.4407443682664054,0.6062081387132092,0.7436458456764364,0.8560462825969156,2942,2042,8
dialseg711,random,2,99,0.4962983372113963,1.430460333006856,0.6043817539148302,0.745725411680053,0.8552843052790312,2921,2042,8
dialseg711,random,2,100,0.4997643392401939,1.4221351616062683,0.6020079672671608,0.7472135069181483,0.854070697430402,2904,2042,8
dialseg711,random,2,101,0.5059789782766642,1.4133202742409403,0.6001219257010366,0.7485354210565182,0.8530391188355324,2886,2042,8
dialseg711,random,2,102,0.5107486047409481,1.4079333986287954,0.5982861620826763,0.7490452663448444,0.8521448663853727,2875,2042,8
dialseg711,random,2,103,0.5158057734276222,1.3971596474045054,0.5959135628524266,0.7510321839435764,0.8511791928054236,2853,2042,8
dialseg711,random,2,104,0.5209599310050128,1.3888344760039177,0.5934556752767743,0.7527355750984441,0.8503951975383058,2836,2042,8
dialseg711,random,2,105,0.5260788302938465,1.3790401567091086,0.5915196990791949,0.7539701429996788,0.8498627947819228,2816,2042,8
dialseg711,random,2,106,0.5298599687403065,1.370714985308521,0.5903925637924796,0.7552070829233277,0.8487091418244725,2799,2042,8
dialseg711,random,2,107,0.5344413042783066,1.3604309500489715,0.5887327599485109,0.7569261015199833,0.8471996983846493,2778,2042,8
dialseg711,random,2,108,0.5396746287554905,1.3516160626836435,0.5877562812182472,0.7584284288925639,0.8464189419217549,2760,2042,8
dialseg711,random,2,109,0.5465361878369052,1.3437806072477962,0.5865277004538014,0.7599529416512539,0.8459826724559496,2744,2042,8
dialseg711,random,2,110,0.5511664830454599,1.3354554358472086,0.5847069705916351,0.7613326215119464,0.8453296686383889,2727,2042,8
dialseg711,random,2,111,0.555642059196704,1.3251714005876591,0.582642423168438,0.763274331154078,0.8439165665167776,2706,2042,8
dialseg711,random,2,112,0.5605111515017642,1.3158667972575906,0.5790831993415665,0.7645606649562345,0.8426679060117879,2687,2042,8
dialseg711,random,2,113,0.5659158597210802,1.306562193927522,0.5765287312099014,0.7657992792486463,0.8415037174108904,2668,2042,8
dialseg711,random,2,114,0.5703464608402586,1.2997061704211557,0.5764664446919187,0.7670025922663054,0.841227621417495,2654,2042,8
dialseg711,random,2,115,0.575551610874306,1.2884427032321253,0.5744221873067774,0.769572748317474,0.8405810360135254,2631,2042,8
dialseg711,random,2,116,0.5797893289737689,1.276199804113614,0.5707461012696567,0.7712568842315677,0.8383224334789032,2606,2042,8
dialseg711,random,2,117,0.5849229350087883,1.266405484818805,0.5700283171786966,0.7733110556422793,0.8377410368321057,2586,2042,8
dialseg711,random,2,118,0.5889666441643676,1.2571008814887366,0.5688270120212054,0.7749826337906507,0.83686483965844,2567,2042,8
dialseg711,random,2,119,0.5941367072983157,1.2473065621939274,0.5670774809245723,0.7766069110214681,0.8358188389714595,2547,2042,8
dialseg711,random,2,120,0.6007883730599842,1.2384916748285995,0.5646402414451053,0.7780552400014424,0.834664114847326,2529,2042,8
dialseg711,random,2,121,0.6046537001061455,1.2296767874632712,0.5632348879300471,0.7797305854795307,0.8338458415308109,2511,2042,8
dialseg711,random,2,122,0.6102100995298074,1.2169441723800196,0.5585408723717767,0.7814074657956513,0.832819202323792,2485,2042,8
dialseg711,random,2,123,0.6150636128176844,1.207639569049951,0.5550731561713725,0.7830609049490906,0.8314977321468364,2466,2042,8
dialseg711,random,2,124,0.6196793944285415,1.1939275220372183,0.5534797442926607,0.7853133495274845,0.8300250690075066,2438,2042,8
dialseg711,random,2,125,0.625665945468877,1.1826640548481882,0.549486980669716,0.7874223565151836,0.82884114360593,2415,2042,8
dialseg711,random,2,126,0.6301726565262382,1.1704211557296769,0.5472681738191006,0.789009658102485,0.8273037461809497,2390,2042,8
dialseg711,random,2,127,0.633825765972565,1.1596474045053868,0.544520398172212,0.7909879247959416,0.8259008889975018,2368,2042,8
dialseg711,random,2,128,0.6392113026758586,1.1464250734573946,0.5427522430807823,0.793425108061184,0.8247775617595473,2341,2042,8
dialseg711,random,2,129,0.6438890891590189,1.1351616062683643,0.540000392649607,0.7959320693761621,0.8236865144519036,2318,2042,8
dialseg711,random,2,130,0.6480162729047291,1.1248775710088148,0.5383599328779667,0.7975404401037313,0.8222630299058052,2297,2042,8
dialseg711,random,2,131,0.6518342299119594,1.114103819784525,0.5375464246582847,0.7995583335245782,0.8214536180591219,2275,2042,8
dialseg711,random,2,132,0.6564604348969387,1.1028403525954946,0.5330593513726327,0.8012207026447532,0.8199866291694888,2252,2042,8
dialseg711,random,2,133,0.660883232773991,1.0920666013712046,0.5305911609075513,0.8027746563875255,0.819264695740101,2230,2042,8
dialseg711,random,2,134,0.6648306697343876,1.0803134182174339,0.527020055459919,0.8044848845481757,0.817616250941164,2206,2042,8
dialseg711,random,2,135,0.6690907636745121,1.0675808031341822,0.5234918753670958,0.8061739294070518,0.8161792508118705,2180,2042,8
dialseg711,random,2,136,0.6730140421752492,1.0548481880509304,0.5202868828471369,0.8085516725812084,0.8149463014671068,2154,2042,8
dialseg711,random,2,137,0.678880102167283,1.0440744368266406,0.5194309572854596,0.8105114070567656,0.813331203602009,2132,2042,8
dialseg711,random,2,138,0.6830666782147291,1.0328109696376102,0.5186618639003324,0.8122736801797984,0.8127467973846911,2109,2042,8
dialseg711,random,2,139,0.6871697173432462,1.0190989226248777,0.5141403736105308,0.8146207265933005,0.8109883228800845,2081,2042,8
dialseg711,random,2,140,0.6927532785094972,1.0093046033300686,0.5104568264226531,0.8162557476903468,0.8089309529957104,2061,2042,8
dialseg711,random,2,141,0.6972786783098862,0.9980411361410382,0.5060342864728177,0.8179920680975533,0.8065908924207693,2038,2042,8
dialseg711,random,2,142,0.7018051814402549,0.9838393731635652,0.5034267361859425,0.8201301355309794,0.8044204519714964,2009,2042,8
dialseg711,random,2,143,0.7061372727997978,0.9696376101860921,0.4985867642749982,0.8225070415207546,0.801411671149776,1980,2042,8
dialseg711,random,2,144,0.7106471632176987,0.9583741429970617,0.49730774352464463,0.8250500856777228,0.8004790291447007,1957,2042,8
dialseg711,random,2,145,0.7154241815323348,0.94564152791381,0.49444700241619943,0.8269867722135655,0.799037816231969,1931,2042,8
dialseg711,random,2,146,0.7215579561466715,0.931439764936337,0.48919391146925734,0.829438504728589,0.7958375334835144,1902,2042,8
dialseg711,random,2,147,0.7277906695025491,0.9201762977473066,0.48621307544051856,0.8310071091980374,0.7942419716769822,1879,2042,8
dialseg711,random,2,148,0.7322321400121948,0.9059745347698335,0.4818186505597512,0.833276716056252,0.7925271548092119,1850,2042,8
dialseg711,random,2,149,0.7384768753988845,0.89128305582762,0.47544085380233836,0.8356042281675193,0.789197902538328,1820,2042,8
dialseg711,random,2,150,0.7442978943968366,0.8805093046033301,0.4731514015350935,0.837504915774958,0.7868278960016548,1798,2042,8
dialseg711,random,2,151,0.7495775504889411,0.8658178256611165,0.46800058358953733,0.8401476278058556,0.7835104933836009,1768,2042,8
dialseg711,random,2,152,0.7555249620433853,0.8545543584720862,0.46758111015207593,0.8427955024737724,0.7823627737021258,1745,2042,8
dialseg711,random,2,153,0.7609472696473872,0.8388834476003918,0.46241045645821544,0.8458555889726775,0.7790748894325049,1713,2042,8
dialseg711,random,2,154,0.7657942163666135,0.8251714005876591,0.45780463949723654,0.8482765866732112,0.7771531465337385,1685,2042,8
dialseg711,random,2,155,0.7723590147893872,0.8099902056807052,0.45124563265279904,0.8513472394537795,0.7737601277816561,1654,2042,8
dialseg711,random,2,156,0.7778687187874956,0.7972575905974535,0.44863046562959036,0.8538044136672829,0.7721363816132546,1628,2042,8
dialseg711,random,2,157,0.782637234064849,0.7835455435847208,0.44457914983838875,0.8563452682650995,0.770435162974624,1600,2042,8
dialseg711,random,2,158,0.7878718091777859,0.7678746327130265,0.4384217131424875,0.8590449088339385,0.7676402954469855,1568,2042,8
dialseg711,random,2,159,0.7911696149650345,0.7526934378060725,0.43183007849178107,0.8615186491505057,0.7648893095361999,1537,2042,8
dialseg711,random,2,160,0.7961765568168718,0.7384916748285995,0.4284578998031467,0.8646513931060344,0.7623835202793559,1508,2042,8
dialseg711,random,2,161,0.8015566332865505,0.7238001958863859,0.4230720136155728,0.8675714922286653,0.7594715818161019,1478,2042,8
dialseg711,random,2,162,0.8066467160534798,0.7091087169441724,0.4160325077053793,0.870172624101949,0.7563281485706994,1448,2042,8
dialseg711,random,2,163,0.8128378757338359,0.6904995102840352,0.40669622748302325,0.8733112283481482,0.7525293668060248,1410,2042,8
dialseg711,random,2,164,0.8172436011061998,0.6718903036238981,0.39703754919689394,0.8766647099189294,0.7476970033453829,1372,2042,8
dialseg711,random,2,165,0.8229918333269756,0.6537708129285015,0.3834997196253091,0.8797388509677541,0.7417878152335184,1335,2042,8
dialseg711,random,2,166,0.8277731588066721,0.6400587659157688,0.3768692193239227,0.8817931872784193,0.7381497003401293,1307,2042,8
dialseg711,random,2,167,0.8343681504601184,0.623898139079334,0.37007082251559786,0.8846567764552996,0.7334069908969204,1274,2042,8
dialseg711,random,2,168,0.8395110662072952,0.6052889324191969,0.36271653527796494,0.8874945524470842,0.7293965780187602,1236,2042,8
dialseg711,random,2,169,0.8449317486664214,0.5881488736532811,0.35548950006631813,0.8902017276753564,0.725223116995688,1201,2042,8
dialseg711,random,2,170,0.8509458086216428,0.5724779627815867,0.348985135545076,0.8929725289166218,0.719789995720443,1169,2042,8
dialseg711,random,2,171,0.8567488137791411,0.5533790401567091,0.3411709550205455,0.8970035717134873,0.7122855292638999,1130,2042,8
dialseg711,random,2,172,0.8619507087202769,0.5352595494613125,0.332712044029989,0.900985778754766,0.7056334820696379,1093,2042,8
dialseg711,random,2,173,0.8676798436442592,0.5190989226248776,0.32400309397082794,0.9037177904530226,0.6994212727463381,1060,2042,8
dialseg711,random,2,174,0.8727611000373856,0.5009794319294809,0.3145808628186389,0.9068619759284317,0.6932768844650412,1023,2042,8
dialseg711,random,2,175,0.8769016636176172,0.48188050930460335,0.30542876316021017,0.9099972314371049,0.6869468815207822,984,2042,8
dialseg711,random,2,176,0.8808079134022163,0.4632713026444662,0.2944716939752929,0.9134977783975674,0.6809378603508714,946,2042,8
dialseg711,random,2,177,0.8856162950820211,0.4446620959843291,0.28463310312404383,0.9165049827497085,0.6722452636300214,908,2042,8
dialseg711,random,2,178,0.8906343318657832,0.42556317335945154,0.2710238338185719,0.9206133255711314,0.6638337565185679,869,2042,8
dialseg711,random,2,179,0.8946382755997503,0.4079333986287953,0.2626586874787421,0.9237255585093137,0.6573683877465889,833,2042,8
dialseg711,random,2,180,0.8992019922240246,0.38883447600391774,0.2559529390753019,0.9274289616852909,0.6508062744196661,794,2042,8
dialseg711,random,2,181,0.9054999363772455,0.37169441723800195,0.24701404237269217,0.9306161226256163,0.6436519561120427,759,2042,8
dialseg711,random,2,182,0.9106052413259687,0.35063663075416257,0.23922487888732616,0.9349464588388638,0.6337318423510254,716,2042,8
dialseg711,random,2,183,0.9159716807640299,0.3295788442703232,0.22500837184381486,0.9394175815589317,0.6258525582762422,673,2042,8
dialseg711,random,2,184,0.9242627229263963,0.30901077375122427,0.213312347911504,0.9434113696508212,0.6181075074664371,631,2042,8
dialseg711,random,2,185,0.9292641160323185,0.2889324191968658,0.20516821824838705,0.946820156129228,0.6094840102307183,590,2042,8
dialseg711,random,2,186,0.9331238047077114,0.26983349657198824,0.1938427879356149,0.9503869928711702,0.5993189020540068,551,2042,8
dialseg711,random,2,187,0.9369800533545672,0.24975514201762977,0.1808563838099703,0.9541682883455035,0.5888796004149658,510,2042,8
dialseg711,random,2,188,0.9417393845396381,0.22918707149853085,0.16327551179871855,0.9567773734704115,0.5783663636928128,468,2042,8
dialseg711,random,2,189,0.9484356110856055,0.2100881488736533,0.1504610095327395,0.9603935914062496,0.5688335190328687,429,2042,8
dialseg711,random,2,190,0.9541688170024263,0.19049951028403525,0.13916236912017502,0.9644219831192405,0.5597770490316527,389,2042,8
dialseg711,random,2,191,0.9595905744129118,0.1694417238001959,0.12709798406000938,0.9682338865619456,0.5486195180282186,346,2042,8
dialseg711,random,2,192,0.9646107891553533,0.14887365328109697,0.11289263947491796,0.9727689650949143,0.5358458681874501,304,2042,8
dialseg711,random,2,193,0.96964981762422,0.1287952987267385,0.09685888420065634,0.9760962148884089,0.5227579757746098,263,2042,8
dialseg711,random,2,194,0.9742941501183421,0.10822722820763957,0.08349742147210501,0.9797470364453487,0.5101431286831416,221,2042,8
dialseg711,random,2,195,0.9799015076132728,0.08667972575905974,0.06446319737458979,0.9833692542025876,0.4970243904790844,177,2042,8
dialseg711,random,2,196,0.9856350715202904,0.06562193927522038,0.0506797937177684,0.9876280492050534,0.48214919513563914,134,2042,8
dialseg711,random,2,197,0.9896282991698482,0.04407443682664055,0.032864510079699955,0.9910482264648931,0.4672779862947238,90,2042,8
dialseg711,random,2,198,0.99421846801925,0.022526934378060724,0.01579934364744491,0.9954904663237996,0.45206183100169167,46,2042,8
dialseg711,random,2,199,0.9999972798366425,0.0004897159647404506,0.0,0.9998493068113321,0.4377323208536259,1,2042,8
dialseg711,random,2,0,6.152008661952646e-05,2.0102840352595495,0.6832198684505132,0.6514589703935695,0.8957672634184588,4105,2042,9
dialseg711,random,2,1,0.004918255283202516,2.0083251714005876,0.6830557803117415,0.6516699408577046,0.8955259006243536,4101,2042,9
dialseg711,random,2,2,0.010683213194219913,2.006366307541626,0.6824440932988318,0.6519629553912254,0.8953886023857895,4097,2042,9
dialseg711,random,2,3,0.015715845175408655,2.0009794319294807,0.682538763435696,0.6531618034255164,0.8954591161430121,4086,2042,9
dialseg711,random,2,4,0.0216931459805261,1.9985308521057787,0.6825722508109555,0.6536833692951837,0.8955001128084813,4081,2042,9
dialseg711,random,2,5,0.02754051839248523,1.9975514201762978,0.6827128977870456,0.653803923846118,0.895483183079878,4079,2042,9
dialseg711,random,2,6,0.0321124498885893,1.9936336924583742,0.6819887266209468,0.6542610265184104,0.8949496175674094,4071,2042,9
dialseg711,random,2,7,0.03590881127335125,1.9882468168462293,0.6824632569167727,0.6551439769794201,0.8947757622775203,4060,2042,9
dialseg711,random,2,8,0.041433341067987746,1.9853085210577865,0.6823571675479696,0.6556508921224111,0.8947837662675918,4054,2042,9
dialseg711,random,2,9,0.04570344228361215,1.981390793339863,0.6821208050213635,0.6562738968329686,0.8943859641556547,4046,2042,9
dialseg711,random,2,10,0.05033428292501006,1.976983349657199,0.6820883333333941,0.6571504288803867,0.8944408462428857,4037,2042,9
dialseg711,random,2,11,0.056911786483610866,1.9720861900097943,0.6826364100418084,0.6579122666675409,0.8940472765630995,4027,2042,9
dialseg711,random,2,12,0.06116086979613769,1.9691478942213516,0.6823666930832173,0.6583928105025151,0.8939263499302177,4021,2042,9
dialseg711,random,2,13,0.06661643765625636,1.9666993143976494,0.6823703462514275,0.6587862871618145,0.8938819791579988,4016,2042,9
dialseg711,random,2,14,0.07190745057465349,1.965230166503428,0.6822934736007152,0.6589620958819271,0.8937291930083773,4013,2042,9
dialseg711,random,2,15,0.07674464421446515,1.9622918707149852,0.6823198190460567,0.6595481249489688,0.8937402996545051,4007,2042,9
dialseg711,random,2,16,0.08148744772203419,1.9559255631733594,0.681936236383993,0.660851621030946,0.8936991566931792,3994,2042,9
dialseg711,random,2,17,0.08652052969143621,1.9539666993143976,0.6811926964421409,0.6609102239376501,0.8933363767945344,3990,2042,9
dialseg711,random,2,18,0.09088261272135147,1.9510284035259549,0.681085083758854,0.6614652771825767,0.8933243771517331,3984,2042,9
dialseg711,random,2,19,0.09659332889648538,1.9476003917727718,0.6813139163604838,0.6621676748786454,0.8932843318321518,3977,2042,9
dialseg711,random,2,20,0.1008434492810421,1.9451518119490696,0.6807111436058123,0.6625667327671547,0.8932847504243425,3972,2042,9
dialseg711,random,2,21,0.10634487118149488,1.9382957884427032,0.6797803334367165,0.6633813131703427,0.8926525831958322,3958,2042,9
dialseg711,random,2,22,0.11182908558423109,1.9353574926542605,0.6794847632877153,0.6640845480507928,0.8926190958205726,3952,2042,9
dialseg711,random,2,23,0.11607128143182824,1.9329089128305583,0.6795602386796464,0.6646803442689518,0.8926090496079948,3947,2042,9
dialseg711,random,2,24,0.1215504960222798,1.9280117531831538,0.6800619404471709,0.665727382868733,0.8923754751655597,3937,2042,9
dialseg711,random,2,25,0.12669980194262098,1.925073457394711,0.6794162907198632,0.6663427133891269,0.8923909630766171,3931,2042,9
dialseg711,random,2,26,0.13019439359444443,1.9221351616062683,0.6789540471275495,0.6665966593181784,0.892091437109018,3925,2042,9
dialseg711,random,2,27,0.13520136867844493,1.9182174338883449,0.6781853276046661,0.667453238471171,0.8920519964226012,3917,2042,9
dialseg711,random,2,28,0.1402105660983935,1.9128305582761997,0.6774915517531522,0.6687581298604506,0.8919778776986934,3906,2042,9
dialseg711,random,2,29,0.14507487261655228,1.9084231145935358,0.6766829529717044,0.669362576983885,0.891562494714745,3897,2042,9
dialseg711,random,2,30,0.14968133976790127,1.9040156709108718,0.6757606831986033,0.6699474898050848,0.8911143220091885,3888,2042,9
dialseg711,random,2,31,0.15493351524108037,1.9000979431929481,0.6756305420657319,0.6704788228258692,0.8906025232906386,3880,2042,9
dialseg711,random,2,32,0.15991428392935061,1.8947110675808032,0.6745485489180627,0.6712385676520698,0.8901540715236215,3869,2042,9
dialseg711,random,2,33,0.1663467452673772,1.889324191968658,0.6738841781416098,0.6719451512700457,0.8897745479373469,3858,2042,9
dialseg711,random,2,34,0.17002715938783972,1.8829578844270323,0.6740812150475074,0.6729521445502458,0.8893467002081629,3845,2042,9
dialseg711,random,2,35,0.17534706608399353,1.8780607247796277,0.6739035278437797,0.6736202176866734,0.8890610342931019,3835,2042,9
dialseg711,random,2,36,0.18127039998034555,1.8712047012732616,0.6735121071247342,0.6748073451396236,0.8886543394226237,3821,2042,9
dialseg711,random,2,37,0.18508344932278653,1.8648383937316357,0.6731101968993077,0.6760486105159101,0.8883146708867526,3808,2042,9
dialseg711,random,2,38,0.1889714718247886,1.8594515181194906,0.6719765967683071,0.6770657895394182,0.8880032382968389,3797,2042,9
dialseg711,random,2,39,0.1942240321148208,1.8555337904015672,0.6724907801938829,0.6779102295188794,0.887925659210821,3789,2042,9
dialseg711,random,2,40,0.199474759981199,1.8491674828599411,0.6725697837627168,0.6789787558511188,0.8879581859381436,3776,2042,9
dialseg711,random,2,41,0.20429424962589424,1.845739471106758,0.6718410227186103,0.679459299686093,0.8875613605413183,3769,2042,9
dialseg711,random,2,42,0.20936045009713503,1.8364348677766895,0.6704588008846636,0.6807512147174595,0.886741710521598,3750,2042,9
dialseg711,random,2,43,0.2146617043663315,1.8334965719882468,0.6701515982789934,0.6814544495979095,0.8865871104724832,3744,2042,9
dialseg711,random,2,44,0.2191187885738909,1.8276199804113613,0.6685297405848553,0.6818959248284142,0.8859010843820971,3732,2042,9
dialseg711,random,2,45,0.22380456685395012,1.8222331047992164,0.6685518305025704,0.6825796254066298,0.8856675099396618,3721,2042,9
dialseg711,random,2,46,0.22869792318396567,1.8173359451518118,0.6678033311463454,0.6838513084821102,0.885545001958504,3711,2042,9
dialseg711,random,2,47,0.23374890074589968,1.811949069539667,0.6675381194584278,0.6846776094666389,0.8853571935955902,3700,2042,9
dialseg711,random,2,48,0.23725806864743754,1.806562193927522,0.6674895657489159,0.6858232962927057,0.8850243569916565,3689,2042,9
dialseg711,random,2,49,0.24299463700907614,1.8006856023506366,0.6672686179710398,0.6870461436125993,0.8848292000102831,3677,2042,9
dialseg711,random,2,50,0.24780532609336456,1.7938295788442704,0.6662110963668295,0.6881810865724367,0.8847007852282114,3663,2042,9
dialseg711,random,2,51,0.25201505364005694,1.7889324191968659,0.66615536213388,0.6892551941338861,0.8846216247939174,3653,2042,9
dialseg711,random,2,52,0.25781942814636366,1.7810969637610186,0.6648214726887967,0.6910425827883634,0.8845040468985617,3637,2042,9
dialseg711,random,2,53,0.2628862608991711,1.7757100881488737,0.6630880069868655,0.6921853394690948,0.8845124187423766,3626,2042,9
dialseg711,random,2,54,0.26748894292936787,1.770812928501469,0.6631920839762869,0.6928827140588744,0.8843216151197866,3616,2042,9
dialseg711,random,2,55,0.27238336678452413,1.763956904995103,0.6632283177296561,0.6940321682146576,0.88383896902181,3602,2042,9
dialseg711,random,2,56,0.27747740947095517,1.7600391772771793,0.6629520124821552,0.6945805239845323,0.8837495577298671,3594,2042,9
dialseg711,random,2,57,0.2832009740960171,1.7551420176297747,0.6615020598718651,0.6956270044613926,0.8839254679268744,3584,2042,9
dialseg711,random,2,58,0.2880611430706101,1.7497551420176298,0.6613196364604832,0.6965119083526256,0.8836595130529732,3573,2042,9
dialseg711,random,2,59,0.29404167339617987,1.7453476983349656,0.6605819255119324,0.6974529035974184,0.8833365459226923,3564,2042,9
dialseg711,random,2,60,0.2977647667942165,1.742409402546523,0.6600817779431638,0.6978728910954649,0.8829264930126394,3558,2042,9
dialseg711,random,2,61,0.3019776261256433,1.7375122428991185,0.6596040941543542,0.6985409642318925,0.8822946420537842,3548,2042,9
dialseg711,random,2,62,0.30819723652152076,1.7311459353574927,0.6595084177794652,0.6997364635286577,0.8818963097250719,3535,2042,9
dialseg711,random,2,63,0.3143212731445825,1.7262487757100882,0.6588616040524827,0.7003166323050289,0.8812016699376053,3525,2042,9
dialseg711,random,2,64,0.31886908709929795,1.7189030362389814,0.6577704924350554,0.7013283696300574,0.8804469947279371,3510,2042,9
dialseg711,random,2,65,0.3256085505364545,1.7144955925563172,0.6569327686237584,0.7020042564873789,0.8802557725131565,3501,2042,9
dialseg711,random,2,66,0.33027202510321574,1.7081292850146914,0.6566905432760478,0.7033169615975522,0.8796556229362136,3488,2042,9
dialseg711,random,2,67,0.3348825672508875,1.7027424094025465,0.654997043133801,0.7042546081048191,0.8793324325567646,3477,2042,9
dialseg711,random,2,68,0.3401802929107845,1.6963761018609207,0.6533374591131824,0.7052215560654378,0.8785681390287579,3464,2042,9
dialseg711,random,2,69,0.3457822289444771,1.688050930460333,0.6526390310330088,0.7062666412349956,0.8778239565300044,3447,2042,9
dialseg711,random,2,70,0.35067078424850845,1.6811949069539667,0.6504682008331522,0.7072252173517996,0.8772791828945133,3433,2042,9
dialseg711,random,2,71,0.35674494009445995,1.6723800195886387,0.6500145765176579,0.7085903860165463,0.8765231123775427,3415,2042,9
dialseg711,random,2,72,0.3615576643527199,1.6650342801175317,0.6497672529891233,0.7096382618007091,0.8758605088457408,3400,2042,9
dialseg711,random,2,73,0.36746446740277056,1.656709108716944,0.648410757614261,0.7108396213881446,0.874973484087408,3383,2042,9
dialseg711,random,2,74,0.3729378177549986,1.6503428011753183,0.647413971533811,0.7115468724118513,0.8742810395834307,3370,2042,9
dialseg711,random,2,75,0.3784473325186136,1.6449559255631734,0.646782886725511,0.7122891758967709,0.8738652380072915,3359,2042,9
dialseg711,random,2,76,0.38355568019776803,1.6366307541625857,0.6465791222819643,0.713490966761009,0.8736039806679752,3342,2042,9
dialseg711,random,2,77,0.38813545550707323,1.6287952987267384,0.6456284389783398,0.7146373512407267,0.8729896268626931,3326,2042,9
dialseg711,random,2,78,0.3934461180730294,1.618511263467189,0.644575312683218,0.7166703139804406,0.8724307504757575,3305,2042,9
dialseg711,random,2,79,0.3989106358705225,1.613124387855044,0.6444445626889783,0.71755884567066,0.8722914988069701,3294,2042,9
dialseg711,random,2,80,0.4042976022925796,1.6092066601371204,0.6437033434045656,0.7179782750457855,0.8720569941596664,3286,2042,9
dialseg711,random,2,81,0.4099852428855635,1.6018609206660137,0.6411508630261914,0.7190373132883681,0.8713955626859986,3271,2042,9
dialseg711,random,2,82,0.41544406780270626,1.5930460333006855,0.6396960321419605,0.720493176927776,0.8709011681005351,3253,2042,9
dialseg711,random,2,83,0.4189450097004646,1.5832517140058766,0.6367537790109443,0.7222727518613595,0.8700936479522977,3233,2042,9
dialseg711,random,2,84,0.4243776449889392,1.574926542605289,0.635645932430145,0.724223949593148,0.869679800652023,3216,2042,9
dialseg711,random,2,85,0.4290074865312329,1.5685602350636632,0.6348235636752868,0.7253510788320916,0.8691458630576071,3203,2042,9
dialseg711,random,2,86,0.4334542450651454,1.5617042115572968,0.6351986065696958,0.7266587608359759,0.8688307840646098,3189,2042,9
dialseg711,random,2,87,0.43874503186627795,1.555337904015671,0.6334715496206301,0.7280685793344022,0.8682834971846927,3176,2042,9
dialseg711,random,2,88,0.44506872238653433,1.5475024485798237,0.6321849733729169,0.7293793310143522,0.8681506732315453,3160,2042,9
dialseg711,random,2,89,0.4498209290616006,1.5372184133202742,0.6304740192047773,0.7310740712639446,0.8666857121885251,3139,2042,9
dialseg711,random,2,90,0.4536134038491314,1.530362389813908,0.6297442668094686,0.7327637884072483,0.8664749928797044,3125,2042,9
dialseg711,random,2,91,0.45899343208634186,1.518609206660137,0.6270760496763849,0.7349864114632046,0.8654292244323889,3101,2042,9
dialseg711,random,2,92,0.46372632923514806,1.5093046033300686,0.6249223895884009,0.7361520511836968,0.8647242314647379,3082,2042,9
dialseg711,random,2,93,0.46901276547193954,1.5014691478942213,0.6246517735489565,0.7374587691570815,0.8643061694907685,3066,2042,9
dialseg711,random,2,94,0.47451233632378403,1.4941234084231145,0.6238376885132416,0.7388451464928258,0.8638936887460095,3051,2042,9
dialseg711,random,2,95,0.4790676974896627,1.4853085210577865,0.6223154401174112,0.7401278524959961,0.863373099591454,3033,2042,9
dialseg711,random,2,96,0.48360357137494114,1.476003917727718,0.6205808418328006,0.7415050208035441,0.8625332362199449,3014,2042,9
dialseg711,random,2,97,0.48924243316103905,1.4686581782566113,0.618758167572797,0.7422141159746645,0.8616922286964481,2999,2042,9
dialseg711,random,2,98,0.4933268615101078,1.4618021547502449,0.6182716552941461,0.7435752382482341,0.8615350240737017,2985,2042,9
dialseg711,random,2,99,0.49773397075451276,1.4520078354554358,0.616605762208154,0.7457348948910131,0.8608907548798547,2965,2042,9
dialseg711,random,2,100,0.5018872562550558,1.440254652301665,0.6138530305302613,0.7477134406459301,0.8601988118408653,2941,2042,9
dialseg711,random,2,101,0.5061025146900622,1.4309500489715965,0.6123347489398709,0.7498464469192317,0.8586448860042389,2922,2042,9
dialseg711,random,2,102,0.5115628310870758,1.4240940254652301,0.6107204328208455,0.750897950502381,0.8577672191068816,2908,2042,9
dialseg711,random,2,103,0.5167456779892282,1.4128305582761997,0.610345758447791,0.7532655079332297,0.8568514536758458,2885,2042,9
dialseg711,random,2,104,0.5214301277923622,1.40205680705191,0.6077811079723416,0.7545771475360084,0.8553311547452094,2863,2042,9
dialseg711,random,2,105,0.5254015758443065,1.3907933398628796,0.6066402844264548,0.7568548471765771,0.8544786591915886,2840,2042,9
dialseg711,random,2,106,0.530089409272241,1.38050930460333,0.6032316066337773,0.7584714502172308,0.8532945439111301,2819,2042,9
dialseg711,random,2,107,0.5355995512304061,1.3702252693437806,0.6008089472490926,0.7607781722496912,0.852470335887555,2798,2042,9
dialseg711,random,2,108,0.5397323395090466,1.3614103819784524,0.5984018301661385,0.7619889438191125,0.8518677677779546,2780,2042,9
dialseg711,random,2,109,0.5465053187106153,1.3535749265426054,0.597871207483617,0.7632102563009737,0.8513797730019851,2764,2042,9
dialseg711,random,2,110,0.5514730127028441,1.3442703232125368,0.5958282215442744,0.7646599805882507,0.8506977095843381,2745,2042,9
dialseg711,random,2,111,0.5557787936863972,1.3354554358472086,0.5936607608413276,0.7661782144640793,0.8497292521549101,2727,2042,9
dialseg711,random,2,112,0.5618689843597848,1.3246816846229188,0.5923613289089843,0.7676871251502054,0.8484866725320311,2705,2042,9
dialseg711,random,2,113,0.5674692024818545,1.3153770812928502,0.5902495887605104,0.7687980688244402,0.8475091946523031,2686,2042,9
dialseg711,random,2,114,0.5724977035326709,1.3036238981390793,0.58908224810682,0.7705355054774886,0.8465474000266545,2662,2042,9
dialseg711,random,2,115,0.5786931378114776,1.2938295788442704,0.5880548960246155,0.772310057304783,0.8456127952893072,2642,2042,9
dialseg711,random,2,116,0.5843163369158089,1.2845249755142019,0.5866899243444291,0.7738234076050532,0.8448706034289719,2623,2042,9
dialseg711,random,2,117,0.5876309512355334,1.276199804113614,0.5847276917072216,0.7750560220760643,0.8443570001129777,2606,2042,9
dialseg711,random,2,118,0.5924257303672575,1.2659157688540645,0.5831595632837941,0.7761887325442177,0.8426562143773817,2585,2042,9
dialseg711,random,2,119,0.5978341331069152,1.253183153770813,0.5796168339804608,0.7782352297647657,0.8410588553890241,2559,2042,9
dialseg711,random,2,120,0.6022345984699274,1.2404505386875613,0.5780248807928394,0.7804166532014634,0.839832827939368,2533,2042,9
dialseg711,random,2,121,0.6072716134518757,1.22820763956905,0.5733074012330979,0.7824698478970631,0.8381625546147347,2508,2042,9
dialseg711,random,2,122,0.612012544992497,1.21743388834476,0.5696515251921451,0.7843889535608944,0.8368265132013373,2486,2042,9
dialseg711,random,2,123,0.6170809598234404,1.2066601371204702,0.5665855717264581,0.7861618310194259,0.8359625921950113,2464,2042,9
dialseg711,random,2,124,0.6223001815259307,1.193437806072478,0.5647080625570782,0.7884399492521855,0.834325301398086,2437,2042,9
dialseg711,random,2,125,0.6271321152431103,1.183643486777669,0.56285685161193,0.7896814936899327,0.8331597159287032,2417,2042,9
dialseg711,random,2,126,0.6322447132914419,1.1699314397649363,0.5595954162607767,0.7922047674157379,0.8313052234008633,2389,2042,9
dialseg711,random,2,127,0.6389172435928498,1.158667972575906,0.556054887403792,0.793462776479654,0.829681029888484,2366,2042,9
dialseg711,random,2,128,0.6437958436029084,1.1469147894221352,0.5531236258227414,0.7951575167292467,0.827216986599898,2342,2042,9
dialseg711,random,2,129,0.6482870118661548,1.1361410381978452,0.5510639172451559,0.7975658171333277,0.826498217298147,2320,2042,9
dialseg711,random,2,130,0.6530249947698902,1.1224289911851126,0.5483488217452502,0.7998299822930623,0.8243433605124885,2292,2042,9
dialseg711,random,2,131,0.656707028776665,1.1116552399608228,0.5438259428242577,0.8017447625042562,0.8235785942712807,2270,2042,9
dialseg711,random,2,132,0.6618553225875187,1.1013712047012734,0.5425478950582476,0.8035254536836817,0.8224956252399994,2249,2042,9
dialseg711,random,2,133,0.6676595213373399,1.0886385896180215,0.5389937682973698,0.8056332048948083,0.8207989594663294,2223,2042,9
dialseg711,random,2,134,0.6729147974737749,1.0768854064642508,0.5357622365848255,0.8079928090740328,0.8191827657158178,2199,2042,9
dialseg711,random,2,135,0.6780560490768814,1.059745347698335,0.5299570799135795,0.8115133089289207,0.8160709429134183,2164,2042,9
dialseg711,random,2,136,0.6828330876425501,1.0475024485798237,0.5271459132528223,0.8131993982732381,0.8142648821850651,2139,2042,9
dialseg711,random,2,137,0.6877737835678454,1.0352595494613124,0.5239425226854523,0.8152379422421616,0.8131246519165949,2114,2042,9
dialseg711,random,2,138,0.692086742461853,1.023016650342801,0.5211027932634443,0.8176301966122642,0.8115327428879769,2089,2042,9
dialseg711,random,2,139,0.6976027570080546,1.0122428991185113,0.5179433578999881,0.8194500959268891,0.8095621884385195,2067,2042,9
dialseg711,random,2,140,0.7025510526049579,0.9995102840352595,0.5151757248270683,0.8217529364681263,0.8087627509249469,2041,2042,9
dialseg711,random,2,141,0.7060204667797478,0.9867776689520078,0.5131637901891719,0.8237974802584507,0.8072287424658329,2015,2042,9
dialseg711,random,2,142,0.711044991073468,0.9755142017629774,0.5087879139024127,0.8258245827074941,0.8057905527189232,1992,2042,9
dialseg711,random,2,143,0.7159701525964873,0.9627815866797258,0.5051228191725377,0.8277847104060183,0.8041890361051,1966,2042,9
dialseg711,random,2,144,0.7202161071857363,0.9490695396669931,0.5015113042430779,0.8304871415894624,0.8016184885222458,1938,2042,9
dialseg711,random,2,145,0.7241275074538885,0.9368266405484819,0.49781873535083815,0.8323808526603885,0.7993673809019398,1913,2042,9
dialseg711,random,2,146,0.7284816756188953,0.9226248775710089,0.4930735742765631,0.8340741976026786,0.7967674909459028,1884,2042,9
dialseg711,random,2,147,0.7333315272207045,0.9079333986287953,0.48755331697187454,0.8364774749004706,0.7945293656029956,1854,2042,9
dialseg711,random,2,148,0.7380324439395695,0.8986287952987267,0.48455173190277895,0.8379341757242601,0.7925692004973022,1835,2042,9
dialseg711,random,2,149,0.744042907304455,0.8829578844270323,0.47746915203538887,0.8406684199142005,0.7893850914745856,1803,2042,9
dialseg711,random,2,150,0.7490172947185919,0.8682664054848188,0.4702961562547982,0.8428081236625541,0.7857017326599908,1773,2042,9
dialseg711,random,2,151,0.755074181066448,0.856513222331048,0.4671092743759332,0.8443993321103027,0.7832699086107262,1749,2042,9
dialseg711,random,2,152,0.7595631790706349,0.8423114593535749,0.46276149682140455,0.8472824555894176,0.7803490452890192,1720,2042,9
dialseg711,random,2,153,0.7651976871326756,0.827130264446621,0.45851375380734893,0.8496763843282831,0.7775778069815642,1689,2042,9
dialseg711,random,2,154,0.7706204466442168,0.8143976493633692,0.4524355705662286,0.8514364249596317,0.7754512504105633,1663,2042,9
dialseg711,random,2,155,0.7764651222185773,0.8016650342801175,0.44684941674229856,0.8531850240711,0.7728528045526237,1637,2042,9
dialseg711,random,2,156,0.7813489937824385,0.7904015670910872,0.4434368285718366,0.8551570118816954,0.7715079319173149,1614,2042,9
dialseg711,random,2,157,0.7873742012119698,0.7752203721841332,0.43783504730611883,0.8587346305437024,0.7686830665186098,1583,2042,9
dialseg711,random,2,158,0.7930315296223523,0.7590597453476984,0.4322942642102418,0.8613664591776405,0.764767587560937,1550,2042,9
dialseg711,random,2,159,0.7994577443525501,0.7399608227228207,0.4260180995475113,0.8650632614767636,0.7606538563164041,1511,2042,9
dialseg711,random,2,160,0.8034767667497713,0.7252693437806073,0.42089006614943564,0.8674831809852909,0.7575148101253184,1481,2042,9
dialseg711,random,2,161,0.8083632309371541,0.7115572967678746,0.41624044258693055,0.8700617088802743,0.7542014488109023,1453,2042,9
dialseg711,random,2,162,0.8147880261057802,0.6958863858961802,0.4105198796313217,0.8729746919356626,0.7507401835563882,1421,2042,9
dialseg711,random,2,163,0.8179974443552869,0.682664054848188,0.4030387999983433,0.8754178750223054,0.7476661815906014,1394,2042,9
dialseg711,random,2,164,0.8244089609836253,0.6665034280117532,0.3978605355373784,0.878490899825288,0.7444575797533077,1361,2042,9
dialseg711,random,2,165,0.8287588521752411,0.6503428011753183,0.39321248785135604,0.8817316659352523,0.7404357285753939,1328,2042,9
dialseg711,random,2,166,0.8336245703722142,0.6302644466209598,0.3873363347400263,0.885168903998018,0.7352139101011141,1287,2042,9
dialseg711,random,2,167,0.8403903211830651,0.6145935357492655,0.3787356605275378,0.888121792842257,0.7290868626944956,1255,2042,9
dialseg711,random,2,168,0.844665680355688,0.5979431929480901,0.3728301501916477,0.8908609586615914,0.7242435364767589,1221,2042,9
dialseg711,random,2,169,0.8497094842219496,0.5837414299706171,0.36758110261199706,0.8935388324365118,0.7205685691774487,1192,2042,9
dialseg711,random,2,170,0.8552941359687349,0.569539666993144,0.35933046996325074,0.8966160431614018,0.7161904528428152,1163,2042,9
dialseg711,random,2,171,0.8602564335619834,0.5528893241919687,0.3497597781140779,0.8994796323382821,0.7120528135041335,1129,2042,9
dialseg711,random,2,172,0.8648349268546771,0.534769833496572,0.33970082720131706,0.9027057223523468,0.7064755163287351,1092,2042,9
dialseg711,random,2,173,0.8702134014449922,0.5176297747306562,0.33403053332316174,0.9059577650822377,0.7014745803038683,1057,2042,9
dialseg711,random,2,174,0.8747883890479115,0.49951028403525954,0.32484494628947347,0.9088461907291021,0.6957951647176315,1020,2042,9
dialseg711,random,2,175,0.8787284350159661,0.48481880509304603,0.3148724059371863,0.9105571165434035,0.6914956887339079,990,2042,9
dialseg711,random,2,176,0.883443078772835,0.4671890303623898,0.30825910895407044,0.9138560415986576,0.6830352589954521,954,2042,9
dialseg711,random,2,177,0.888274218685255,0.44662095984329087,0.2948882566281425,0.9175490014361323,0.674548113798755,912,2042,9
dialseg711,random,2,178,0.8928890889105667,0.42801175318315376,0.2849826910263743,0.9205030065262132,0.6678276054653786,874,2042,9
dialseg711,random,2,179,0.8990874018367687,0.4103819784524976,0.2765438724609735,0.9243121193543135,0.6610303078199046,838,2042,9
dialseg711,random,2,180,0.9043869856013625,0.3917727717923604,0.2651682110853121,0.9278016433870864,0.6529571028303844,800,2042,9
dialseg711,random,2,181,0.9096443650194054,0.3712047012732615,0.2525075477917374,0.9311135448002535,0.6440789973218464,758,2042,9
dialseg711,random,2,182,0.9148127434393682,0.3516160626836435,0.24266225946543643,0.9341415011773662,0.6345745981239748,718,2042,9
dialseg711,random,2,183,0.9193323160455994,0.33006856023506365,0.2308791683574508,0.9383015962393599,0.6249105569638015,674,2042,9
dialseg711,random,2,184,0.9240353680473813,0.31047992164544563,0.2193505813014376,0.9421096689292892,0.6161976407262884,634,2042,9
dialseg711,random,2,185,0.9299617637466996,0.29187071498530853,0.20701225637934495,0.9452488312984093,0.6064790996414576,596,2042,9
dialseg711,random,2,186,0.9342169750401236,0.27179236043095006,0.19675172459982582,0.9491802491538779,0.5975441882219552,555,2042,9
dialseg711,random,2,187,0.9382027987427894,0.25122428991185114,0.18367155582345454,0.9526890791658723,0.5871570758741675,513,2042,9
dialseg711,random,2,188,0.9415576000707644,0.2335945151811949,0.173866452347465,0.9558799186436318,0.5776605207981677,477,2042,9
dialseg711,random,2,189,0.9460866726730941,0.21302644466209597,0.1611814345991561,0.9602928951030218,0.5681655388348043,435,2042,9
dialseg711,random,2,190,0.9507497232714935,0.19196865817825662,0.14594467885607126,0.9635189851170862,0.5570041735632707,392,2042,9
dialseg711,random,2,191,0.9566577317908757,0.17189030362389815,0.13300515705578997,0.9676446297490603,0.5465099026206003,351,2042,9
dialseg711,random,2,192,0.9618993167056111,0.15132223310479923,0.11804969526488514,0.9720766838646586,0.5342451394742082,309,2042,9
dialseg711,random,2,193,0.9678652006421476,0.1307541625857003,0.10450070323488046,0.9762052586419676,0.5227048310363162,267,2042,9
dialseg711,random,2,194,0.9739335143281007,0.10871694417238002,0.0882794186591655,0.979720874921297,0.509596753971095,222,2042,9
dialseg711,random,2,195,0.9800897023629258,0.08667972575905974,0.06736990154711672,0.9840215876871995,0.49618029906693917,177,2042,9
dialseg711,random,2,196,0.9846344969198627,0.06513222331047992,0.04796061884669479,0.9874056772263523,0.48219663709313004,133,2042,9
dialseg711,random,2,197,0.9892333098421073,0.04407443682664055,0.02995780590717299,0.9908716205657133,0.46756043238443007,90,2042,9
dialseg711,random,2,198,0.9942996498949999,0.022526934378060724,0.016971401781528363,0.9953619985265555,0.45202042984017554,46,2042,9
dialseg711,random,2,199,0.9998489105313149,0.0004897159647404506,0.0,0.9999218627910611,0.43792870063681705,1,2042,9
