dataset,model,g,step,tau,bor,wf1,wf1_1to1,exact_f1,coverage,purity,n_pred_boundaries,n_gold_boundaries,seed
superseg,random,2,0,7.2449638492178e-05,1.2008210742387957,0.6014443433816933,0.6330247580625795,0.3790036195104274,0.7659703011310426,0.8555450495881661,3510,2923,0
superseg,random,2,1,0.004294643828027586,1.1984262743756415,0.6014407413357311,0.6330211560166175,0.37882351721232205,0.7662224443483899,0.8552824004034292,3503,2923,0
superseg,random,2,2,0.009247138189122737,1.1956893602463223,0.6005834543967498,0.632398002065173,0.3782147714447261,0.7665847501380784,0.8549882333165236,3495,2923,0
superseg,random,2,3,0.01419580736242189,1.193294560383168,0.5999963209049264,0.6315155008044568,0.3776348420448269,0.7668873219988954,0.8547360900991764,3488,2923,0
superseg,random,2,4,0.01912784323788083,1.1905576462538487,0.6000053260198317,0.6312003217827726,0.37719359141446884,0.7673075606944746,0.8543347621448982,3480,2923,0
superseg,random,2,5,0.02468588471238086,1.1898734177215189,0.6001061833067707,0.6313011790697116,0.3772944487014078,0.7676227397161588,0.8543032442427297,3478,2923,0
superseg,random,2,6,0.028957015057352434,1.1871365035921997,0.59967753983728,0.6308473212784862,0.37671451930150873,0.7681981665586053,0.8540511010253823,3470,2923,0
superseg,random,2,7,0.033025919511583623,1.1850838179952103,0.5991480390808502,0.6300728813966332,0.3764839883599339,0.7686394171889633,0.854019583123214,3464,2923,0
superseg,random,2,8,0.03864779342884249,1.1833732466643858,0.5986401506001933,0.6294137069855679,0.3757239566619294,0.7688159174411066,0.8538619936123719,3459,2923,0
superseg,random,2,9,0.04291803978457764,1.1809784468012317,0.5973037915482518,0.6279260620032179,0.37436238328825316,0.7690995785606224,0.8533787191124558,3452,2923,0
superseg,random,2,10,0.0481251983567062,1.1782415326719125,0.5967995051135568,0.6271047955238576,0.3734294533840676,0.7695102118003025,0.8531391830559757,3444,2923,0
superseg,random,2,11,0.05431604253462208,1.176530961341088,0.5963348411844452,0.6263735801935499,0.3728495239841685,0.7696236762481088,0.852813498066902,3439,2923,0
superseg,random,2,12,0.058666977507535925,1.1755046185425932,0.5959638304503482,0.6258584876209687,0.3725505541693136,0.7696993192133131,0.8526769204908389,3436,2923,0
superseg,random,2,13,0.0627064150385011,1.172767704413274,0.5956360442677965,0.6253848185769517,0.37195261453960393,0.7701783913262734,0.8523827534039333,3428,2923,0
superseg,random,2,14,0.06834594673992621,1.1713992473486143,0.5958125445199397,0.6254172369906106,0.3722011557109893,0.7705439989914272,0.8522987056648177,3424,2923,0
superseg,random,2,15,0.07305624373635292,1.1672938761546356,0.5942276442966129,0.6233676728381721,0.37166805290859756,0.7711491427130609,0.851809127584468,3412,2923,0
superseg,random,2,16,0.07923971734074468,1.1645569620253164,0.5933583505377578,0.6222618447278053,0.37109532760062264,0.7715872415532021,0.8514876449823501,3404,2923,0
superseg,random,2,17,0.0850851485565458,1.1614779336298324,0.5929459162750966,0.6219250534303484,0.37058203605102247,0.7721860816944024,0.8513006387628173,3395,2923,0
superseg,random,2,18,0.09172898190990705,1.1594252480328429,0.592110241611888,0.6206139087001417,0.3699264636859191,0.77243822491175,0.8511430492519753,3389,2923,0
superseg,random,2,19,0.09629432694970366,1.1563462196373588,0.5917644451995258,0.6205778882405205,0.3699949025591991,0.7732093629181375,0.851185073121533,3380,2923,0
superseg,random,2,20,0.10003147421557203,1.1546356483065343,0.5913826283275424,0.6200231731623562,0.36959147341144316,0.7735371491006892,0.8510169776433012,3375,2923,0
superseg,random,2,21,0.10472196765411097,1.1512145056448855,0.5912313423971339,0.619846672910213,0.369515830446239,0.7744247532598516,0.8508488821650698,3365,2923,0
superseg,random,2,22,0.1088579692817093,1.1471091344509066,0.5909683930419002,0.6194720601301539,0.369180840171763,0.7752253079749297,0.8504601613716591,3353,2923,0
superseg,random,2,23,0.11413186225118424,1.1443722203215874,0.5904605045612431,0.6188453041327474,0.36829113481912273,0.7754669452248878,0.8500756429652043,3345,2923,0
superseg,random,2,24,0.11761127432542855,1.1419774204584332,0.5901363204246537,0.6184670893067262,0.3684406197265501,0.7759874408664121,0.8498823331652379,3338,2923,0
superseg,random,2,25,0.12236142742345199,1.1395826205952788,0.5892790334856722,0.6176854453329492,0.36717990363981284,0.776208066181591,0.8495251302739956,3331,2923,0
superseg,random,2,27,0.13247273582832358,1.1354772494013001,0.588998073900628,0.6173288427827006,0.36626498396543783,0.7767985015488799,0.8490355521936459,3319,2923,0
superseg,random,2,28,0.13847499128317742,1.1310297639411564,0.5878115528978749,0.6163400811661023,0.36564903410591765,0.7775459260860169,0.8486321230458901,3306,2923,0
superseg,random,2,29,0.1429540858042539,1.1279507355456722,0.5874009196581947,0.6158592080301611,0.3654473195320397,0.7780838316163582,0.8482644141872584,3297,2923,0
superseg,random,2,30,0.14780520831839347,1.1245295928840233,0.5864595849800975,0.6147948034483587,0.3651015231196774,0.778547144778234,0.8477947974449487,3287,2923,0
superseg,random,2,31,0.15236469685865417,1.1217926787547041,0.5857247676038279,0.6142869149677017,0.36459363463902045,0.7791796040150806,0.8476119936123718,3279,2923,0
superseg,random,2,32,0.15763191962583442,1.1193978788915497,0.5844892658388252,0.6131270561679034,0.3636354904131001,0.7793582054607018,0.8471581358211463,3272,2923,0
superseg,random,2,33,0.16212049567552714,1.115292507697571,0.5831024781434143,0.6114701150253343,0.36194252881091005,0.7798120632519272,0.8462062951756598,3260,2923,0
superseg,random,2,34,0.1659726229932937,1.111871365035922,0.5824937323758184,0.610780323223591,0.3610240070905729,0.7802347033114808,0.845819675575727,3250,2923,0
superseg,random,2,35,0.17163096472593814,1.1091344509066028,0.5818201497809045,0.6100815263069423,0.35987135238269885,0.7805708942679442,0.8452481509497395,3242,2923,0
superseg,random,2,36,0.17749397725979654,1.1074238795757783,0.5818615733094686,0.6098275820666138,0.36018833242736426,0.781018448478736,0.8452943772062532,3237,2923,0
superseg,random,2,37,0.18348378064979334,1.105371193978789,0.5814257257480538,0.6091467953797757,0.35923018820144387,0.7810814842830728,0.8449434778954447,3231,2923,0
superseg,random,2,38,0.18838096206112606,1.1029763941156345,0.5815644045175948,0.6091125759431356,0.3594102904995492,0.7815752647503783,0.8449266683476215,3224,2923,0
superseg,random,2,39,0.1936550595802262,1.1002394799863153,0.5805378214183945,0.6083429387892323,0.35867247141831105,0.7821245767595995,0.8446692721465793,3216,2923,0
superseg,random,2,40,0.19839859117446074,1.0964762230585015,0.5807975218694272,0.6093659198424705,0.3589822473710522,0.7833082991138967,0.8445526559085561,3205,2923,0
superseg,random,2,41,0.20270811410358877,1.0923708518645228,0.580790317777503,0.6089282712580746,0.3582330218109341,0.7841971039550465,0.8442311733064379,3193,2923,0
superseg,random,2,42,0.20824566348092638,1.0892918234690387,0.5798537858273554,0.6076747592632615,0.35721004075769586,0.7847076939701751,0.8436638510674062,3184,2923,0
superseg,random,2,43,0.2137877031646256,1.0851864522750598,0.5777862114451062,0.6054342866748312,0.3556503548561037,0.7851384386331436,0.8430334930240377,3172,2923,0
superseg,random,2,44,0.21862011887021737,1.0810810810810811,0.5754232692939644,0.6028264053982663,0.3538169134613915,0.7855922964243689,0.842220331148092,3160,2923,0
superseg,random,2,45,0.22434196531828654,1.0766335956209374,0.5743894821028397,0.6013909900823667,0.35268767205227114,0.7860860768916744,0.8416309463775423,3147,2923,0
superseg,random,2,46,0.2286062546748813,1.0732124529592884,0.5738743895302586,0.6009551425209518,0.3525183758920522,0.7867290420959103,0.8413546394351993,3137,2923,0
superseg,random,2,47,0.23233915854752218,1.0697913102976395,0.572772163465854,0.5995575486876547,0.35157824189594233,0.7874308407175276,0.8408230374852916,3127,2923,0
superseg,random,2,48,0.23770775903620195,1.064659596305166,0.571050385495967,0.5975980356842686,0.3505048321992346,0.7883847825564921,0.8404679357875272,3112,2923,0
superseg,random,2,49,0.2419531519360962,1.061580567909682,0.5701390678675542,0.5966542996421969,0.3498618669949986,0.7888365391542396,0.8399646999495712,3103,2923,0
superseg,random,2,50,0.24745013918221076,1.0588436537803627,0.5701390678675541,0.5965102178037125,0.34973219334036276,0.7895905674423073,0.8398449319213314,3095,2923,0
superseg,random,2,51,0.2521110269951178,1.0530277112555593,0.5697204118891402,0.5959474799868143,0.3498034156127953,0.7909886115313499,0.8395392082702974,3078,2923,0
superseg,random,2,52,0.25738695974981834,1.05029079712624,0.5684596958024029,0.594207691787117,0.3483914135956496,0.7912932845856449,0.8389760884182216,3070,2923,0
superseg,random,2,53,0.26257011228980065,1.047211768730756,0.5686830226520535,0.5945102636479338,0.3487696284216708,0.7921145510650048,0.8387386535552194,3061,2923,0
superseg,random,2,54,0.26672275608905094,1.0448169688676017,0.568438520138262,0.5940724513341761,0.3487100309339341,0.7928919926518262,0.8386777189443603,3054,2923,0
superseg,random,2,55,0.272109309924817,1.0400273691412931,0.5671994163272974,0.5926820615928029,0.3478995705924602,0.793818618975578,0.8379990334510002,3040,2923,0
superseg,random,2,56,0.2767927129560674,1.037290455011974,0.5665870685137393,0.5919184278488363,0.3478059173974454,0.7944066529788919,0.8379128845184064,3032,2923,0
superseg,random,2,57,0.2803111335113318,1.0331850838179952,0.5653515667487369,0.5908342120142424,0.34679734452805555,0.7952387255961386,0.8376124138510673,3020,2923,0
superseg,random,2,58,0.2850348885473817,1.0301060554225112,0.5643141775116501,0.5900093434889199,0.34606252715178587,0.795995155248181,0.8373329551185072,3011,2923,0
superseg,random,2,59,0.28922946716541664,1.027027027027027,0.5637090337900162,0.5893933936293997,0.3450467501904718,0.7964385070720169,0.8369337283577071,3002,2923,0
superseg,random,2,60,0.2941878694334071,1.0229216558330483,0.5631939412174349,0.5878337077278076,0.34417145302167995,0.7969364899262781,0.8368328710707681,2990,2923,0
superseg,random,2,61,0.29877695098691587,1.019842627437564,0.562516756576559,0.5867602980310999,0.3439229118502946,0.7975938633143626,0.8364105311817114,2981,2923,0
superseg,random,2,62,0.303373297707278,1.0160793705097502,0.5618707896673545,0.586531568112506,0.3433177681286607,0.7986139927478807,0.8359230542948395,2970,2923,0
superseg,random,2,63,0.30786384198722105,1.0119739993157715,0.5609294549892575,0.585447352277912,0.3423596239027404,0.7993175923924789,0.8354376786014455,2958,2923,0
superseg,random,2,64,0.3130467491862801,1.0061580567909683,0.5601928365900066,0.5846206827296087,0.3427780615753384,0.8005173738683572,0.834806269961338,2941,2923,0
superseg,random,2,65,0.31758614282070236,1.0023947998631544,0.5590041614225114,0.5830357825062817,0.3421657137617803,0.8013872679682059,0.8344595730374853,2930,2923,0
superseg,random,2,66,0.32191556991517,0.9982894286691755,0.5577434453357742,0.5817498520978097,0.3406024258142261,0.8021833201258314,0.8338271138006387,2918,2923,0
superseg,random,2,67,0.3272605202646251,0.9948682860075265,0.5559424223547209,0.5797795329565374,0.33867172917853705,0.8023535167975409,0.8328719712796869,2908,2923,0
superseg,random,2,68,0.3328462272717632,0.989736572015053,0.5550509159790996,0.5792482311771268,0.33865071724375806,0.8034023125135076,0.8325620452416974,2893,2923,0
superseg,random,2,69,0.33795346498657103,0.9859733150872392,0.5540184386228704,0.5779641017916358,0.33817524717676,0.8042469922916217,0.8322258542852339,2882,2923,0
superseg,random,2,70,0.3434448730154541,0.9801573725624358,0.5511692202668441,0.5746682297363084,0.3359065585616266,0.805268172321879,0.8310197692289221,2865,2923,0
superseg,random,2,71,0.34872039244623737,0.976052001368457,0.5491232581603677,0.5731553704322238,0.3342676276488682,0.8058144826261318,0.8302318216747112,2853,2923,0
superseg,random,2,72,0.35372614761848115,0.9716045159083134,0.5478625420736305,0.571642511128139,0.33330948342294786,0.8068437672598034,0.8295321242465721,2840,2923,0
superseg,random,2,73,0.35942033438655435,0.9651043448511802,0.5455284162901854,0.5694182477465383,0.3315516849934399,0.8078730518934756,0.8285340573445716,2821,2923,0
superseg,random,2,74,0.36531472113667807,0.9620253164556962,0.5441884551922819,0.5682331746250052,0.3306187550892543,0.8084929039694546,0.8280003542011862,2812,2923,0
superseg,random,2,75,0.36910475267949794,0.9579199452617174,0.5437598117227911,0.5680530723268998,0.3302585504930437,0.809680978795956,0.8276725680186346,2800,2923,0
superseg,random,2,76,0.37544313415766345,0.9544988026000685,0.5428268818186056,0.5666168383641909,0.3297054727084984,0.8102798189371564,0.8268751650937732,2790,2923,0
superseg,random,2,77,0.37921132878024205,0.9493670886075949,0.5415121350424367,0.5651544077035756,0.32899947169992555,0.8114666930816704,0.8263897894003792,2775,2923,0
superseg,random,2,78,0.38466159021293445,0.9449196031474513,0.5400713166575941,0.5633299714237686,0.3284843791273443,0.8126538673966813,0.8257846456787455,2762,2923,0
superseg,random,2,79,0.3900440769937148,0.9408142319534725,0.5390339274205075,0.561672429940206,0.3273785510169776,0.813347261244387,0.8252225764234085,2750,2923,0
superseg,random,2,80,0.3961105240747821,0.9367088607594937,0.5377948236095429,0.560181182911894,0.3269210911797901,0.8145323343659198,0.8246105287803471,2738,2923,0
superseg,random,2,81,0.3995193274721622,0.9329456038316798,0.5371020301028311,0.5590717527555652,0.3260133755973393,0.8151175167495138,0.8241461650217324,2727,2923,0
superseg,random,2,82,0.40467759224902183,0.9302086897023606,0.5363419984048265,0.5582865067358259,0.32560634440362124,0.8157037497298465,0.8237952657109239,2719,2923,0
superseg,random,2,83,0.4092965969794256,0.9237085186452275,0.5334315452674445,0.5545926086016858,0.32286878947242026,0.8168221850010808,0.8225435547390918,2700,2923,0
superseg,random,2,84,0.41444730461441087,0.9192610331850838,0.531674947519924,0.5525334389933483,0.3226754796724539,0.817779278630262,0.8220844439641717,2687,2923,0
superseg,random,2,85,0.41878772286983473,0.9141293191926103,0.5303493946058687,0.5507972528396129,0.3214832024589967,0.8187710419518287,0.8211998415099776,2672,2923,0
superseg,random,2,86,0.42356920188920893,0.9103660622647964,0.5291265000017336,0.549653603246644,0.3199847513387604,0.8193905938573111,0.8205474209350911,2661,2923,0
superseg,random,2,87,0.4278642618629356,0.9045501197399931,0.5250886064782122,0.5453635665057752,0.3175101457627933,0.8200965948658838,0.819244380808299,2644,2923,0
superseg,random,2,88,0.43181041808030235,0.9001026342798495,0.5237606522001824,0.5437888720793411,0.31576135244819054,0.8204369882093028,0.8184112575943135,2631,2923,0
superseg,random,2,89,0.43760014839214867,0.8939445774888812,0.5218299555644933,0.5417825324784478,0.3143241361093101,0.8213771222054128,0.8174226460629637,2613,2923,0
superseg,random,2,90,0.44460948070461653,0.8888128634964078,0.5207295305230698,0.5409882813438033,0.31302379751698967,0.821957051605312,0.8168805381456669,2598,2923,0
superseg,random,2,91,0.44910194544959897,0.8853917208347588,0.5193175285059239,0.539828422544005,0.3116622241433134,0.822457135653051,0.8163153171001128,2588,2923,0
superseg,random,2,92,0.4543452653076658,0.8819705781731099,0.5193679571493935,0.5398680450495882,0.3108427586869342,0.8231053538409817,0.8157732091828157,2578,2923,0
superseg,random,2,93,0.4586200975716651,0.8782073212452959,0.5189897423233722,0.5388756813870278,0.3103907019186898,0.8239405782484452,0.8153645270513651,2567,2923,0
superseg,random,2,94,0.4630628311799675,0.8734177215189873,0.5166700247237758,0.5362173714669932,0.3086437096270681,0.8246108589678938,0.814442103114569,2553,2923,0
superseg,random,2,95,0.4696874286331987,0.8699965788573384,0.5159640237152029,0.5351331556323993,0.3086605191748913,0.8252508224671613,0.8139252095190067,2543,2923,0
superseg,random,2,96,0.4745800491910579,0.8641806363325351,0.5134894181392357,0.5322551209086761,0.30713325168695815,0.8259883413779026,0.8126644934322695,2526,2923,0
superseg,random,2,97,0.47882391126014834,0.8583646938077318,0.5110148125632686,0.5296076171265278,0.30521696323511754,0.8271418965972672,0.8120278318084672,2509,2923,0
superseg,random,2,98,0.4843245477279715,0.8525487512829285,0.5075100218421389,0.5256741829359075,0.3029476742789905,0.8282435223206781,0.8106500492279616,2492,2923,0
superseg,random,2,99,0.4895424847945011,0.8467328087581252,0.5056657743095404,0.5235867973008669,0.3015140599860721,0.829216074730447,0.8101079413106645,2475,2923,0
superseg,random,2,100,0.49396992012144936,0.8419432090318166,0.5050065998984749,0.5229276228898014,0.3006531710011286,0.8302780779482747,0.8094964940085969,2461,2923,0
superseg,random,2,101,0.4993840873308105,0.8395484091686624,0.5040484556725545,0.5219946929856158,0.2999615781764042,0.8305880039862643,0.8094061426890473,2454,2923,0
superseg,random,2,102,0.5031995930277717,0.833732466643859,0.5029606377919985,0.5201108229474342,0.2983334534015321,0.8316343983382561,0.8086752275292367,2437,2923,0
superseg,random,2,103,0.5085592331485957,0.8282586383852206,0.5039043738340704,0.5206871503013711,0.29891338280143115,0.8328497886799703,0.8080615289484429,2421,2923,0
superseg,random,2,104,0.5153862183688934,0.8207321245295929,0.5002086746769492,0.5174705232572101,0.29800566721898036,0.834193351823836,0.8071586160939414,2399,2923,0
superseg,random,2,105,0.5196773382449901,0.8156004105371194,0.49735585427496076,0.5143655596378742,0.2956211127920659,0.8349287695410995,0.8058735861969598,2384,2923,0
superseg,random,2,106,0.5241658153255884,0.8077317824153267,0.4940065518711955,0.5103858991907403,0.2931543116490167,0.8362724827702134,0.8042504142352856,2361,2923,0
superseg,random,2,107,0.5292716714312975,0.8029421826890182,0.49285389716332134,0.5087361621400955,0.2927688927310712,0.8372348293830896,0.8036713853468772,2347,2923,0
superseg,random,2,108,0.5345012101725828,0.7971262401642148,0.49208486035041166,0.507158466008693,0.2910795331748433,0.8381173306438056,0.8028729318252769,2330,2923,0
superseg,random,2,109,0.5387882743400455,0.7919945261717414,0.4897867550265877,0.50475950339793,0.2888570708162236,0.8387004118339216,0.8021312105275797,2315,2923,0
superseg,random,2,110,0.543768994550886,0.7868628121792679,0.4877407929201113,0.5025190308094998,0.2881438657157265,0.8397552109598252,0.8010974233364553,2300,2923,0
superseg,random,2,111,0.5506101120370385,0.77933629832364,0.48441070142814385,0.4992717863746609,0.2865085368489302,0.8412827786182553,0.799552745959705,2278,2923,0
superseg,random,2,112,0.5571259873501465,0.7714676702018474,0.48186405493293444,0.4963577311913167,0.28448058497226425,0.8423663941118555,0.7981152294503278,2255,2923,0
superseg,random,2,113,0.5617807831521653,0.7653096134108792,0.4798757255618517,0.49440902432581707,0.2831802463799438,0.8436081994572919,0.7971501813029802,2237,2923,0
superseg,random,2,114,0.5668727986945125,0.7588094423537461,0.47760643660572466,0.49193802079581206,0.2818943159714718,0.8448647131570733,0.7956625363206302,2218,2923,0
superseg,random,2,115,0.571335284501857,0.7519671570304481,0.47480404484720584,0.488588118051053,0.2785732295944096,0.8457177977090988,0.7940130994404823,2198,2923,0
superseg,random,2,116,0.576164312992475,0.7451248717071501,0.4722285819842997,0.4859406142689047,0.27685865571644697,0.8469761124318612,0.7927016545397785,2178,2923,0
superseg,random,2,117,0.5801880669827693,0.7399931577146767,0.47141812164282576,0.4852814398578392,0.2762246956271162,0.8480498222990659,0.7915207838052014,2163,2923,0
superseg,random,2,118,0.5862610811759447,0.7331508723913788,0.46750990177394025,0.4816415724131307,0.2742363662560334,0.8498274319813656,0.7898638426626324,2143,2923,0
superseg,random,2,119,0.590580215635288,0.7276770441327404,0.46682911508710206,0.48107605119707997,0.2743804480945176,0.8510962526715175,0.7891578416540594,2127,2923,0
superseg,random,2,120,0.595423374608629,0.7232295586725966,0.4664725125368535,0.4803412338208103,0.2744020603702903,0.8521321410561198,0.7883359748337057,2114,2923,0
superseg,random,2,121,0.6012027783518469,0.7163872733492986,0.46444816270614964,0.47808995509449365,0.27357719184496787,0.8535345376173666,0.7875843479096126,2094,2923,0
superseg,random,2,122,0.6073268270159329,0.7102292165583305,0.46378814075485786,0.47749921955670815,0.27358439593689216,0.855013777825805,0.7866490166414524,2076,2923,0
superseg,random,2,123,0.6115116932801143,0.7037290455011974,0.46113703492674746,0.4745581490286483,0.2718410056912326,0.8560559697908411,0.7853441754916792,2057,2923,0
superseg,random,2,124,0.6154468646102852,0.6965446459117345,0.4579023976527758,0.47093088874480715,0.2705262589150637,0.8575214021564248,0.784144093845304,2036,2923,0
superseg,random,2,125,0.6203320923576663,0.6903865891207663,0.45659125292256914,0.468391446341522,0.2702452993300194,0.8590090471387749,0.7836440097975649,2018,2923,0
superseg,random,2,126,0.6248788077407544,0.6825179609989737,0.45240927756056354,0.46428511394472055,0.26859916432533676,0.8603979360276638,0.7817745479432316,1995,2923,0
superseg,random,2,127,0.6294795492582979,0.6760177899418406,0.44986803413429727,0.46149172730110705,0.2674681218932354,0.861510367888961,0.7807428619455851,1976,2923,0
superseg,random,2,128,0.6348842180538796,0.6695176188847075,0.4457460928716602,0.45727193045649933,0.2652384554426914,0.8626618219148477,0.7793452681122878,1957,2923,0
superseg,random,2,129,0.6399056808623658,0.6613068764967499,0.4428554509870697,0.45415435967629614,0.2643541531589943,0.864365889825421,0.7781528408135822,1933,2923,0
superseg,random,2,130,0.6466837486377937,0.6548067054396168,0.44090674412157005,0.4520291525586533,0.26325192709458967,0.8655275496482002,0.776968067862546,1914,2923,0
superseg,random,2,131,0.6528934201631611,0.6479644201163188,0.43764689252586375,0.4482902288499868,0.2612924140912038,0.8664142532958723,0.7752468902336527,1894,2923,0
superseg,random,2,132,0.65934339487347,0.6400957919945262,0.4379746787084154,0.4484163004586605,0.26260355882141057,0.8686181050836876,0.7740723230795092,1871,2923,0
superseg,random,2,133,0.6634359415232625,0.633937735203558,0.43694089151729093,0.44713037005018846,0.2614184856998775,0.8698596102586269,0.772706547318877,1853,2923,0
superseg,random,2,134,0.6670215492326278,0.62709544988026,0.43341088647442655,0.44375165093773256,0.25834233844823856,0.8708072485171576,0.7705408171841606,1833,2923,0
superseg,random,2,135,0.672572553886918,0.6188847074923024,0.4311127811506027,0.44120500444252325,0.25763633743966574,0.8730552253680091,0.7690552733952885,1809,2923,0
superseg,random,2,136,0.6788387540864881,0.609989736572015,0.4293285677173726,0.4387051845448215,0.2568186730062676,0.875290595057993,0.7681786254592609,1783,2923,0
superseg,random,2,137,0.6837256447848414,0.6028053369825521,0.42751313655247086,0.43688975337991975,0.25692373268016233,0.8770135737098671,0.7662392238791633,1762,2923,0
superseg,random,2,138,0.6891431457767877,0.5942524803284297,0.42441177497909716,0.43353624858919865,0.25513351583699545,0.8786272903008909,0.7642448910981438,1737,2923,0
superseg,random,2,139,0.6939863861212382,0.5880944235374616,0.42297095659425465,0.4318685013087434,0.2536296616478159,0.8798306738227313,0.7626455826909685,1719,2923,0
superseg,random,2,140,0.6976791923938274,0.579541566883339,0.42014695255996315,0.4287671397353697,0.25115025334389934,0.8811880448094517,0.7608206961554164,1694,2923,0
superseg,random,2,141,0.7034032209289257,0.5706465959630517,0.41641163089725874,0.42400883701942704,0.24968422063732199,0.8832250018010231,0.7593930852724348,1668,2923,0
superseg,random,2,142,0.7083215100205734,0.5638043106397537,0.41227648213276047,0.4196215450375813,0.24814614701150256,0.8844941226616717,0.7579462634776553,1648,2923,0
superseg,random,2,143,0.7143085926535612,0.5549093397194663,0.4084655175048518,0.41507936507936505,0.2436796100184905,0.8858189251494848,0.7561578476574694,1622,2923,0
superseg,random,2,144,0.7194779540402876,0.5477249401300034,0.4058396259984762,0.41222654467737674,0.24143193333813606,0.8869882393199338,0.754246962274572,1601,2923,0
superseg,random,2,145,0.7252703227483764,0.5395141977420459,0.4023996721046645,0.40816343683212064,0.23919866484163002,0.8884845892466922,0.7526878767139734,1577,2923,0
superseg,random,2,146,0.729883604475981,0.5330140266849127,0.39953244351882783,0.40512331004010277,0.23782268328410533,0.8897579124942968,0.7510807638738803,1558,2923,0
superseg,random,2,147,0.7340049465696877,0.5258296270954499,0.39688313871369846,0.40247400523497345,0.23617114521047955,0.8912629673654637,0.7491023401291934,1537,2923,0
superseg,random,2,148,0.7383843951234963,0.5189873417721519,0.39213204008968,0.39749597771534223,0.23104183176043994,0.8917641020099417,0.746772716903201,1517,2923,0
superseg,random,2,149,0.7444726756803507,0.5104344851180295,0.38834088671456296,0.3936796100184905,0.2292318036644814,0.8932415411953989,0.7445685649448887,1492,2923,0
superseg,random,2,150,0.7488397706256887,0.5018816284639069,0.38269287864598,0.3876101625723411,0.22519391014096002,0.8942522152582667,0.7414239788199698,1467,2923,0
superseg,random,2,151,0.7551256734766271,0.49161820047896,0.37699083988796545,0.3814794803448358,0.2227193045649929,0.8964248493144106,0.7387992879955815,1437,2923,0
superseg,random,2,152,0.760702755078298,0.4799863154293534,0.36884890617870947,0.3730578968854309,0.2159042336046874,0.8978620656532912,0.7347860084528012,1403,2923,0
superseg,random,2,153,0.7674681607403935,0.4728019158398905,0.3662482289940686,0.3701114232884278,0.21418245563480057,0.8990426362173716,0.7326208786590784,1382,2923,0
superseg,random,2,154,0.771847488056063,0.46664385904892236,0.3639105011646615,0.3678529404701871,0.21294695386979803,0.9001835842758688,0.730939923876762,1364,2923,0
superseg,random,2,155,0.7749488645347314,0.45774888812863496,0.3554528972456355,0.3591431933338136,0.2097087145498643,0.9019422832168672,0.7276149352832408,1338,2923,0
superseg,random,2,156,0.7790741529914083,0.45159083133766675,0.3519985351679754,0.35568883125615347,0.20882621328914827,0.9031231539514443,0.7259264762385035,1320,2923,0
superseg,random,2,157,0.7845627051473185,0.4430379746835443,0.3494014600292967,0.35334389933482213,0.20741421127200246,0.9051767704055903,0.7240209939245491,1295,2923,0
superseg,random,2,158,0.7905616601215472,0.43345877523092713,0.3466999255577168,0.349921955670821,0.20741060922604038,0.9080238875681388,0.7220356662584347,1267,2923,0
superseg,random,2,159,0.7950006428560517,0.42490591857680465,0.34278810364286916,0.34626227697332085,0.20541507576303336,0.909697338088034,0.7194007696371539,1242,2923,0
superseg,random,2,160,0.7997836586515802,0.41669517618884705,0.33844223518958766,0.3419164085200394,0.2039940686309824,0.9117931284969862,0.71705703839781,1218,2923,0
superseg,random,2,161,0.8036345874318759,0.4081423195347246,0.33473572989458017,0.3378316883990106,0.2016743510313858,0.9133615193429867,0.7137578644670173,1193,2923,0
superseg,random,2,162,0.8084201180259544,0.4013000342114266,0.3305105299810292,0.3336064884854597,0.1988359388132459,0.9143532826645536,0.7116122457555891,1173,2923,0
superseg,random,2,163,0.8138991409327341,0.3924050632911392,0.32656268760656054,0.32951456427250675,0.19856578536608793,0.9166005090891627,0.7087255060874577,1147,2923,0
superseg,random,2,164,0.8176095525113783,0.38316797810468695,0.32092188362990176,0.32362161707850057,0.19551125039022169,0.9179620824628388,0.705572815359124,1120,2923,0
superseg,random,2,165,0.8235705946275903,0.3735887786520698,0.31617558773383275,0.3188753211824316,0.1920736978603847,0.9193878923228392,0.70164733568667,1092,2923,0
superseg,random,2,166,0.829692330174797,0.3636674649332877,0.3155704440121989,0.31806846288691976,0.19240148404293636,0.9221473597003097,0.6997802751963115,1063,2923,0
superseg,random,2,167,0.8357852952244751,0.35511460827916524,0.3133191652858824,0.31581718416060317,0.19141092140335708,0.924431357010782,0.6975425041423529,1038,2923,0
superseg,random,2,168,0.8414323661061108,0.34519329456038317,0.3089805009245251,0.3115577648104123,0.18861393271378143,0.9261459308887448,0.6940414655524337,1009,2923,0
superseg,random,2,169,0.8453939939058105,0.3352719808416011,0.3041213409216435,0.306471675911918,0.18834377926662343,0.928534417549168,0.6917037377230266,980,2923,0
superseg,random,2,170,0.8518937454304709,0.32432432432432434,0.2970073001464832,0.2993576351367576,0.1848858151430012,0.9307330163532886,0.6880617690848402,948,2923,0
superseg,random,2,171,0.8578525407541786,0.31337666780704754,0.2909198424705232,0.29332060610426725,0.18467149340825587,0.9335517674038853,0.6854223699061066,916,2923,0
superseg,random,2,172,0.8620642725983567,0.30277112555593566,0.28591660062915736,0.28831736426290133,0.18304697067934586,0.9360245719568716,0.6819415928247244,885,2923,0
superseg,random,2,173,0.8668641603865731,0.2942182689018132,0.28616514180054275,0.2882633335734697,0.1850028816367697,0.9383583975698195,0.6798944300362606,860,2923,0
superseg,random,2,174,0.8729000710973542,0.2842969551830311,0.2828080349638595,0.2845226088418222,0.18494164685541387,0.9410122049324017,0.6771823895972913,831,2923,0
superseg,random,2,175,0.8783371631448837,0.2736914129319193,0.2784501596907043,0.2799125903513195,0.18300434646879427,0.9431203023317244,0.673442115121389,800,2923,0
superseg,random,2,176,0.8820560344318057,0.2637700992131372,0.2728273659438561,0.27428979660447134,0.1800290565040943,0.9449336323031481,0.6700594937924741,771,2923,0
superseg,random,2,177,0.8871344001174194,0.25384878549435513,0.2658934274668011,0.267175755829311,0.1765855005643205,0.946779380688231,0.6655203155392263,742,2923,0
superseg,random,2,178,0.8927602557136457,0.24392747177557303,0.25837955958984704,0.25966188795235695,0.17429099728645872,0.9487545025574525,0.6615544629349471,713,2923,0
superseg,random,2,179,0.8986335480850245,0.23297981525829628,0.2516221213649352,0.25245059193621977,0.1716939221477799,0.9508856530509329,0.6578935835554595,681,2923,0
superseg,random,2,180,0.9043056615209009,0.2213479302086897,0.24477463199097085,0.24514924477102992,0.1696515620872656,0.9534470079004876,0.6543290589054583,647,2923,0
superseg,random,2,181,0.9090676582543907,0.21074238795757783,0.2364755180942775,0.23642508945080803,0.1652138414619504,0.955156178709507,0.6502272290661095,616,2923,0
superseg,random,2,182,0.9148847325534303,0.20013684570646595,0.22797829166966838,0.22818000624354637,0.16047354897581825,0.9570092812717622,0.6463499267583988,585,2923,0
superseg,random,2,183,0.9197203868703545,0.1878207321245296,0.21755457099632594,0.21775628557020388,0.15576507456235142,0.9591031205724853,0.6411344643757654,549,2923,0
superseg,random,2,184,0.924328602606298,0.17653096134108792,0.21072869389813412,0.2109304084720121,0.1531499891938621,0.9611171145210479,0.6375846480801095,516,2923,0
superseg,random,2,185,0.929291608961309,0.16489907629148134,0.20353000504286434,0.2037317196167423,0.14948130538145668,0.9634859099968783,0.6329237506903922,482,2923,0
superseg,random,2,186,0.9351984738902465,0.1532671912418748,0.20237014624306604,0.20234493192133132,0.150338592320438,0.9667481629565594,0.6290105780083086,448,2923,0
superseg,random,2,187,0.9407898173204884,0.14129319192610332,0.1952849218356026,0.19548663640948055,0.14713637346012534,0.9695436507936509,0.62483460605624,413,2923,0
superseg,random,2,188,0.9449245060973205,0.13068764967499144,0.1910092932785822,0.19121100785246015,0.14424753259851597,0.9716547498979421,0.6209624066469756,382,2923,0
superseg,random,2,189,0.9513507712252082,0.11905576462538488,0.18006627764570274,0.1802679922195807,0.13885166774728044,0.9739762685205197,0.6153381120476431,348,2923,0
superseg,random,2,190,0.9560033995173876,0.10742387957577831,0.1738365391542396,0.17403825372811757,0.1366814350551113,0.9764955995005162,0.6119184196623682,314,2923,0
superseg,random,2,191,0.9606685715290126,0.09613410879233664,0.16963655356242344,0.1698382681363014,0.13656616958432388,0.9790890725932329,0.6078454061907164,281,2923,0
superseg,random,2,192,0.9641941123113166,0.08484433800889497,0.16204704272026513,0.16224875729414306,0.13225452056768247,0.9815237554931203,0.6042031373820329,248,2923,0
superseg,random,2,193,0.9674938001926504,0.07252822442695861,0.15146783372955838,0.15166954830343635,0.12646603270657733,0.9835366988449439,0.5980942175155488,212,2923,0
superseg,random,2,194,0.9729800255667324,0.06089633937735203,0.1462484691304661,0.1462484691304661,0.12293602766371299,0.9855601481641572,0.592765590855606,178,2923,0
superseg,random,2,195,0.978852728731937,0.04926445432774547,0.1409138390605864,0.1409138390605864,0.12244254736690441,0.9882592812717622,0.5880985399707033,144,2923,0
superseg,random,2,196,0.9833425664156492,0.0369483407458091,0.13826633527843815,0.13826633527843815,0.12438405014047979,0.9927423276421007,0.5842194366400116,108,2923,0
superseg,random,2,197,0.9895232672682135,0.02497434143003763,0.13265254664649523,0.13265254664649523,0.12206253151790217,0.9957907091227818,0.5799822299065869,73,2923,0
superseg,random,2,198,0.9950130855844612,0.012658227848101266,0.1223651033787191,0.1223651033787191,0.1172465960665658,0.9981446461590185,0.5742864947290061,37,2923,0
superseg,random,2,199,0.9999640185426024,0.00034211426616489907,0.11321230458900655,0.11321230458900655,0.11321230458900655,1.0,0.568437072257042,1,2923,0
superseg,random,2,0,9.695068767479054e-05,1.2093739308929183,0.6040556506916668,0.6325469412080608,0.3783288362335261,0.7638150769637154,0.8565620272314675,3535,2923,1
superseg,random,2,1,0.004738331995574577,1.2080054738282586,0.6040178292090647,0.6323110071975427,0.37808029506214075,0.7641113452440986,0.8564926878466969,3531,2923,1
superseg,random,2,2,0.009354037546048159,1.2059527882312693,0.6036972471184372,0.6321237008075132,0.37775611092555117,0.7643634884614461,0.856251050596739,3525,2923,1
superseg,random,2,3,0.014515310420842814,1.2028737598357853,0.6034234916253172,0.6319039760038246,0.3776408454547638,0.7649182035396105,0.8561501933098001,3516,2923,1
superseg,random,2,4,0.0192753857890756,1.2008210742387957,0.6032217770514392,0.6315509754995382,0.37757360726347106,0.7655080385659054,0.8560115145402589,3510,2923,1
superseg,random,2,5,0.024162853472532827,1.1987683886418063,0.6024905617211316,0.6308773929046243,0.3767883612437319,0.7656341101745793,0.8556858295511851,3504,2923,1
superseg,random,2,6,0.0283259432513787,1.196715703044817,0.6024329289857379,0.6309278215480938,0.3763597177742412,0.7659492891962636,0.8553811564968902,3498,2923,1
superseg,random,2,7,0.03228672444977674,1.1946630174478277,0.6026922762950095,0.6310791074785024,0.37652000881955494,0.7663737302787984,0.8553139183055976,3492,2923,1
superseg,random,2,8,0.03760409838996606,1.1929524461170031,0.6025914190080705,0.6308053519853822,0.3761706103612306,0.766583849626588,0.855166834762145,3487,2923,1
superseg,random,2,9,0.04204837060655914,1.1908997605200138,0.6024653473993968,0.6304847698947548,0.3760661510283295,0.7669860780923565,0.8549987392839133,3481,2923,1
superseg,random,2,10,0.047175192132618296,1.1871365035921997,0.6014783868057796,0.6289404745531826,0.37612542105734237,0.767799239968302,0.8546888132459237,3470,2923,1
superseg,random,2,11,0.05306253907133581,1.1854259322613754,0.6014279581623101,0.6290413318401216,0.3761506353790771,0.7683275400427443,0.8546888132459237,3465,2923,1
superseg,random,2,12,0.05757097149892047,1.1840574751967157,0.6009741003710848,0.6286451067842899,0.3757183898636243,0.7684031830079485,0.8543316103546816,3461,2923,1
superseg,random,2,13,0.06465593668504223,1.179609989736572,0.601089365841872,0.6290053113805004,0.3754770527841632,0.7690167315034939,0.85355416876786,3448,2923,1
superseg,random,2,14,0.06983312909768594,1.176530961341088,0.6003365382357919,0.6287099436116078,0.37482868451098406,0.7694348690055952,0.8531024121701127,3439,2923,1
superseg,random,2,15,0.07394347986761662,1.1731098186794389,0.5991478630682967,0.6276617482366348,0.3738345198254427,0.7699517626011574,0.8525350899310808,3429,2923,1
superseg,random,2,16,0.07922082471911984,1.1700307902839548,0.5987066124379388,0.6266945988958091,0.3727917275194128,0.7702921559445766,0.8519467557572702,3420,2923,1
superseg,random,2,17,0.08379594590029477,1.1690044474854602,0.5981338871299637,0.6261218735878342,0.3721073387866126,0.7702921559445766,0.8517051185073121,3417,2923,1
superseg,random,2,18,0.088219101914501,1.1669517618884708,0.5976296006952689,0.6254410869009961,0.3715021950649787,0.7706325492879957,0.8514214573877963,3411,2923,1
superseg,random,2,19,0.094515786694864,1.163188504960657,0.5960807209315632,0.6236904925634124,0.37053324470117205,0.7712839192661433,0.850963397209615,3400,2923,1
superseg,random,2,20,0.09975218171008624,1.1587410195005132,0.5955440160832093,0.6228440117623174,0.3703189229664267,0.7722756825877098,0.8505011346444781,3387,2923,1
superseg,random,2,21,0.10433174250143598,1.1553198768388642,0.5942796979505098,0.621345560642081,0.36937878897031695,0.7727190344115459,0.8499905446293494,3377,2923,1
superseg,random,2,22,0.10908947743701072,1.1518987341772151,0.5917024340646226,0.6187857066450108,0.3676173884948469,0.772977481209327,0.8492015464783997,3367,2923,1
superseg,random,2,23,0.11419871972251268,1.149503934314061,0.5909207900908455,0.6179104094762189,0.36690778544031194,0.7735258927070576,0.8489388972936628,3360,2923,1
superseg,random,2,24,0.1204593158855226,1.146082791652412,0.5904165036561506,0.6171611839161008,0.3661873762478906,0.774345358163437,0.8485753908219869,3350,2923,1
superseg,random,2,25,0.12579797405455168,1.1447143345877524,0.5902400034040074,0.617236826881305,0.36638909082176857,0.7747361801503254,0.8485669860480753,3346,2923,1
superseg,random,2,26,0.13027235469687426,1.1433458775230927,0.5904165036561506,0.6177663276377346,0.36651516243044224,0.7751270021372141,0.8485459741132964,3342,2923,1
superseg,random,2,27,0.13433636748293304,1.1416353061922682,0.5903156463692116,0.6179176135681431,0.3661621619261559,0.7752971988089236,0.8483694738611534,3337,2923,1
superseg,random,2,28,0.13947262816451542,1.1395826205952788,0.5902544115878559,0.6175898273855913,0.36598566167401264,0.7756544017001658,0.848273869557909,3331,2923,1
superseg,random,2,29,0.14514712957473885,1.1368457064659596,0.5901283399791821,0.6173124698465091,0.3661621619261559,0.7765810280239176,0.8481583039166246,3323,2923,1
superseg,random,2,30,0.14938662340553147,1.1337666780704756,0.5890603333514175,0.6161940345752751,0.36519501258533027,0.7768962070456019,0.8475909816775931,3314,2923,1
superseg,random,2,31,0.15424717666595925,1.132056106739651,0.5891864049600912,0.6158662483927234,0.36519501258533027,0.7770916180390463,0.8475930828710709,3309,2923,1
superseg,random,2,32,0.16003919269196926,1.128977078344167,0.5883075057453373,0.6151170228326054,0.3648240018512333,0.7776904581802464,0.8474144814254496,3300,2923,1
superseg,random,2,33,0.16540659522319545,1.125555935682518,0.5870179732909032,0.6135681430688995,0.3632030811682854,0.7779131846889034,0.8467620608505632,3290,2923,1
superseg,random,2,34,0.17181798920164912,1.1228190215531988,0.5867745879892283,0.6128045093249329,0.36300136659440746,0.7782651345964509,0.8465477391158178,3282,2923,1
superseg,random,2,35,0.17738688701949987,1.1197399931577148,0.5867625811693545,0.6124587129125708,0.3632751220875275,0.77896483202459,0.8462460677664914,3273,2923,1
superseg,random,2,36,0.18239505995997526,1.1159767362299007,0.5865176420439314,0.6120058374975168,0.36310386117496557,0.7796469694786637,0.845794311168744,3262,2923,1
superseg,random,2,37,0.18603195116756313,1.1139240506329113,0.586744570939544,0.6120724753478157,0.36323353482960136,0.7801407499459693,0.8455841918209542,3256,2923,1
superseg,random,2,38,0.1906728461113869,1.111871365035922,0.5859034932073922,0.6114583265112765,0.36244288574091904,0.780437918737843,0.845290024734049,3250,2923,1
superseg,random,2,39,0.1958524013859874,1.1091344509066028,0.5855360845192574,0.6107199070890448,0.3615315681125061,0.7807257822443148,0.8449023545373772,3242,2923,1
superseg,random,2,40,0.20100484769080074,1.1070817653096134,0.5853595842671142,0.6104839730785268,0.36124340443553754,0.7812886019258938,0.8447962442667434,3236,2923,1
superseg,random,2,41,0.20557451275687272,1.105371193978789,0.5849021244299266,0.6099214535674444,0.36063886105489734,0.7813642448910981,0.844545151646135,3231,2923,1
superseg,random,2,42,0.2117582369752766,1.1026342798494697,0.5850444052454298,0.609973683233895,0.36010815961648035,0.7819420730975194,0.8443245263309559,3223,2923,1
superseg,random,2,43,0.21527530159697297,1.0998973657201505,0.5846409760976738,0.6094261722476549,0.3597011284227623,0.7822971747952837,0.8439337043440676,3215,2923,1
superseg,random,2,44,0.2205674113000103,1.0978446801231612,0.5849291397746423,0.6094874070290107,0.3599388634562613,0.7829649941166583,0.8438076327353937,3209,2923,1
superseg,random,2,45,0.22605352350105862,1.0940814231953473,0.5836468114121325,0.6086157119061809,0.35905636219554526,0.7836409780755469,0.843578602646303,3198,2923,1
superseg,random,2,46,0.2297547504872035,1.0903181662675334,0.5831335198625323,0.6080591958050354,0.3583863816465934,0.7841662764450209,0.8432066914007156,3187,2923,1
superseg,random,2,47,0.23374557424562467,1.0868970236058844,0.5820204876602415,0.6070254086139107,0.35773080928149004,0.7848974917753285,0.8427759467377469,3177,2923,1
superseg,random,2,48,0.2381225984608942,1.0841601094765652,0.5811451904914495,0.6064346730761253,0.35699238985925824,0.7852757066013497,0.8424502617486732,3169,2923,1
superseg,random,2,49,0.24287979484028618,1.0810810810810811,0.5802284697940934,0.6056007994358977,0.3568032824462476,0.7861203863794636,0.8422758626900081,3160,2923,1
superseg,random,2,50,0.2480329929027763,1.077659938419432,0.5789305325657478,0.6042140117404868,0.356374638976757,0.7869619143673606,0.8419438741205005,3150,2923,1
superseg,random,2,51,0.2523716842562693,1.0738966814916182,0.5779543781100169,0.6034647861803687,0.3557154645656915,0.7879092524553947,0.8415131294575319,3139,2923,1
superseg,random,2,52,0.25721272668261475,1.0701334245638043,0.5779813934547328,0.6031478061357033,0.355598398071923,0.7886026463031002,0.8410844859880411,3128,2923,1
superseg,random,2,53,0.2619319611535712,1.0656859391036606,0.5776932297777643,0.6024562133109789,0.35519136687820496,0.7894953533607089,0.8407104735489759,3115,2923,1
superseg,random,2,54,0.2688216231824336,1.061580567909682,0.5754455530974097,0.6004858941697065,0.3534479766325455,0.7904219796844608,0.8400149785077924,3103,2923,1
superseg,random,2,55,0.2747522889782846,1.057817310981868,0.5750349198577296,0.5998087095288306,0.35243219967123146,0.790938873280023,0.8395169956535312,3092,2923,1
superseg,random,2,56,0.2793189988475847,1.054054054054054,0.5751645935123654,0.599621403138801,0.35184506617940814,0.7914641716494969,0.8390106080253584,3081,2923,1
superseg,random,2,57,0.28454786962857737,1.0499486828600753,0.5749952973521464,0.5992323821748936,0.35205638620918495,0.7923061498931393,0.8385882681363014,3069,2923,1
superseg,random,2,58,0.2883152451775627,1.0465275401984262,0.5726917889593793,0.5971558026777392,0.3507992721684099,0.7928104363278342,0.8380797793146507,3059,2923,1
superseg,random,2,59,0.29429788619728464,1.0424221690044475,0.5717876754228906,0.5965254446343705,0.349992413872898,0.7936362053646472,0.8375187606560525,3047,2923,1
superseg,random,2,60,0.29928939160224494,1.0386589120766336,0.5712329603447263,0.595999545923903,0.34940528038107466,0.7942035276036787,0.8371888732800231,3036,2923,1
superseg,random,2,61,0.30505350698603384,1.0348956551488198,0.5693833097431845,0.594308385344694,0.34756463489443823,0.7945502245275317,0.8366173486540354,3025,2923,1
superseg,random,2,62,0.3105940758990021,1.030448169688676,0.5682900887936851,0.5934168789690726,0.3461184134406525,0.7955167735273636,0.8361582378791154,3012,2923,1
superseg,random,2,63,0.31464108902207655,1.0260006842285323,0.5677713941751419,0.5927679103548997,0.34544182914077015,0.7962185721489807,0.8354974125303173,2999,2923,1
superseg,random,2,64,0.3197189507786499,1.0222374273007184,0.5663341778362614,0.5909272648682633,0.344861899740871,0.7975003001704969,0.8352641800542708,2988,2923,1
superseg,random,2,65,0.32432419978882,1.0181320561067397,0.5651179961359647,0.5901528249864104,0.3442495519273129,0.7985130754268424,0.8348607509065149,2976,2923,1
superseg,random,2,66,0.3285697861365189,1.0150530277112555,0.5639077086926969,0.5888074608195637,0.34367322457337585,0.7992608001344764,0.83453611651418,2967,2923,1
superseg,random,2,67,0.3354846323126616,1.0116318850496067,0.5632683455344231,0.5881933119830245,0.34321696541817565,0.7998281223735082,0.834234595250102,2957,2923,1
superseg,random,2,68,0.3419580033544263,1.0061580567909683,0.5635204887517704,0.5883662101892057,0.3427817181977545,0.8010675263549697,0.8335863770621713,2941,2923,1
superseg,random,2,69,0.34636034567897767,1.0023947998631544,0.5637654278771937,0.5885751288550078,0.3430950961964578,0.8021139207069615,0.8335317460317462,2930,2923,1
superseg,random,2,70,0.351123958453534,0.9993157714676703,0.5631098555120904,0.5879195564899045,0.34284295297911027,0.8026245107220903,0.8332901087817881,2921,2923,1
superseg,random,2,71,0.35569496026068775,0.9938419432090319,0.5625569414569069,0.5872549790098959,0.34244852894625966,0.8042862545926086,0.8328183908460007,2905,2923,1
superseg,random,2,72,0.36174989399517643,0.9876838864180636,0.5620644146428532,0.5866912588168262,0.34241070746365754,0.8055795391782534,0.8322121965276277,2887,2923,1
superseg,random,2,73,0.36750105649310866,0.9818679438932604,0.5606539787326474,0.5850000982376171,0.3404896162838674,0.8063380700237736,0.8316396213049013,2870,2923,1
superseg,random,2,74,0.3729272601643787,0.9770783441669517,0.5601352841141041,0.5841896378961433,0.3395674925175682,0.8070146543236557,0.8308810904593811,2856,2923,1
superseg,random,2,75,0.37775734750884754,0.9719466301744782,0.559522936300546,0.583436810290063,0.33887950173880577,0.8078519799245972,0.8303662980572964,2841,2923,1
superseg,random,2,76,0.38239521635004253,0.9681833732466644,0.5583306590870888,0.5819239509859783,0.33802221479982447,0.8085705880940374,0.8301498751290732,2830,2923,1
superseg,random,2,77,0.38911451539378383,0.9623674307218612,0.5563603399458165,0.5797014886273586,0.3372087527533821,0.8097748721273683,0.8296801083015153,2813,2923,1
superseg,random,2,78,0.393880320615913,0.955867259664728,0.5537164382096303,0.5770575868911724,0.3347665655910739,0.8107739896261077,0.8287251158658118,2794,2923,1
superseg,random,2,79,0.3997391584014618,0.9514197742045843,0.5526322223750363,0.5758761158156014,0.3351970100835456,0.81183269096847,0.8286379163364791,2781,2923,1
superseg,random,2,80,0.40428310028350495,0.945603831679781,0.5505544421958946,0.5738895874674997,0.3347251420625097,0.8128107965324304,0.8277302007540281,2764,2923,1
superseg,random,2,81,0.40933835687606557,0.9404721176873075,0.549218083143953,0.5719228703721897,0.33381742648005885,0.8138328770741782,0.8274339324736452,2749,2923,1
superseg,random,2,82,0.414137869505193,0.935682517960999,0.5475611420013842,0.5704172151600291,0.3323513937734815,0.8147910213000985,0.8265547330883942,2735,2923,1
superseg,random,2,83,0.41849550885062287,0.9312350325008553,0.5465201507183353,0.5692753665900414,0.3318182909710897,0.8161893655596378,0.8261450003602046,2722,2923,1
superseg,random,2,84,0.42317062655133003,0.9271296613068765,0.5447803625186378,0.566997072519009,0.33141846386929597,0.8170886763681772,0.8256333597483368,2710,2923,1
superseg,random,2,85,0.4283351996103714,0.9213137187820732,0.5434908300642037,0.5643819871505198,0.32945234711497945,0.8178146387147901,0.824851415604063,2693,2923,1
superseg,random,2,86,0.43341083744305253,0.9172083475880944,0.5411386940509482,0.5617669017820304,0.3285914581300361,0.8186971399755062,0.8237987176716375,2681,2923,1
superseg,random,2,87,0.43983471994750356,0.9124187478617858,0.5410522449478576,0.5613022378529187,0.32878236656602766,0.8196789976706769,0.8233595682347572,2667,2923,1
superseg,random,2,88,0.4442869237524788,0.9079712624016422,0.5395141713220382,0.559418367814737,0.3278710489376147,0.8203710407511466,0.8225716206805466,2654,2923,1
superseg,random,2,89,0.4501944130592559,0.905234348272323,0.5388495938420296,0.5587537903347283,0.327507242295442,0.8209908928271258,0.8222774535936411,2646,2923,1
superseg,random,2,90,0.45515370615843487,0.9004447485460144,0.5374844184223911,0.5575687172131952,0.32571702545227504,0.8218198136541557,0.8215252263285545,2632,2923,1
superseg,random,2,91,0.4615819591964802,0.8953130345535408,0.5355897422463233,0.5554759285092113,0.32503623876543697,0.8231004910789329,0.8207982133852028,2617,2923,1
superseg,random,2,92,0.46624642454413434,0.8901813205610674,0.5337575015335984,0.5528944622363685,0.32384516223396703,0.8237497598636024,0.8200932629733688,2602,2923,1
superseg,random,2,93,0.4706530777121484,0.8836811495039343,0.5322626524593241,0.5505693415678288,0.3222026292752465,0.8246142508945081,0.8193467389477223,2583,2923,1
superseg,random,2,94,0.4774534321098326,0.8788915497776257,0.5310235486483595,0.5488007370004344,0.32076181089040395,0.8254042996421969,0.81861312225344,2569,2923,1
superseg,random,2,95,0.4816594794254122,0.8747861785836469,0.5304400172024983,0.5484225221744132,0.3198540953079531,0.8261292113920707,0.8177747460557596,2557,2923,1
superseg,random,2,96,0.4875304153063439,0.8717071501881628,0.5293972248964685,0.5470843620994906,0.3189824001851233,0.8267721765963066,0.8174826801623323,2548,2923,1
superseg,random,2,97,0.4925135748280451,0.8669175504618543,0.5292927655635674,0.5469835048125518,0.3180494702809377,0.827631564728766,0.8165329407103235,2534,2923,1
superseg,random,2,98,0.4966376504671819,0.8628121792678755,0.5269010070447286,0.544390031719835,0.31659424371224676,0.8279761604591409,0.8152965384338303,2522,2923,1
superseg,random,2,99,0.5010792263575697,0.857338351009237,0.5241202275619824,0.5414363540309077,0.31482563914485245,0.8288688675167496,0.8144119359796365,2506,2923,1
superseg,random,2,100,0.5062073562306015,0.8511802942182689,0.5235799206676665,0.5410221187452655,0.3144870468244145,0.8303249945969311,0.8133623898374275,2488,2923,1
superseg,random,2,101,0.5120163101980927,0.8443380088949709,0.5214349022972321,0.5393057438443217,0.31402958698722694,0.8320155548351463,0.8120047186802103,2468,2923,1
superseg,random,2,102,0.5172372983616382,0.8402326377009921,0.5203164670259981,0.5378253029538961,0.31385848980402686,0.8330115205436688,0.8112631474677618,2456,2923,1
superseg,random,2,103,0.5228090342066506,0.8357851522408485,0.5167360333396642,0.5344465838414401,0.31252213075208535,0.833870608505631,0.8100548111327234,2443,2923,1
superseg,random,2,104,0.5273967286380226,0.8299692097160452,0.514902591944952,0.5322349276207067,0.3106778832194868,0.8350343695218884,0.8092284417549167,2426,2923,1
superseg,random,2,105,0.5323174507464483,0.8241532671912418,0.5108947154711149,0.5284791943642171,0.30798475352181853,0.8359228741925413,0.807811486924573,2409,2923,1
superseg,random,2,106,0.5364579126901345,0.8193636674649333,0.5092629886502806,0.5267033857048985,0.3074840691330858,0.8371394652162429,0.8070958804601014,2395,2923,1
superseg,random,2,107,0.5403751353164247,0.8128634964078002,0.5066497043047724,0.5239136011072472,0.30616932235691685,0.8383305417477127,0.8060515873015872,2376,2923,1
superseg,random,2,108,0.5444985300713469,0.8077317824153267,0.5039985984766621,0.5209599234183198,0.30345698174745067,0.8389966200802055,0.8052699433278101,2361,2923,1
superseg,random,2,109,0.5497179945308299,0.8022579541566883,0.5017509217963075,0.5182872053144368,0.3020701940520398,0.8398265915039743,0.804086971399755,2345,2923,1
superseg,random,2,110,0.5548474446913282,0.7957577830995552,0.5004673927518103,0.5164993898352446,0.300736236364073,0.841097813558101,0.8032443928151188,2326,2923,1
superseg,random,2,111,0.55845223869624,0.7872049264454328,0.49607289667804044,0.511705066659681,0.2980515114403163,0.8425123670244699,0.8016681975362004,2301,2923,1
superseg,random,2,112,0.5620574664354158,0.7813889839206295,0.4951543749577033,0.510862187904548,0.29742475544290975,0.8438936015656893,0.8009030629397497,2284,2923,1
superseg,random,2,113,0.5658462606004451,0.776599384194321,0.49297393646864146,0.5083407557310734,0.29513025216504796,0.84452185841558,0.7997843274980189,2270,2923,1
superseg,random,2,114,0.5715421466518085,0.7707834416695176,0.4912051135954313,0.5061516941622841,0.2936724059265663,0.8452877434382732,0.7991917909372523,2253,2923,1
superseg,random,2,115,0.5765682167183227,0.7642832706123845,0.4893860803845675,0.5041813750210119,0.29281151694162283,0.8468825492879956,0.7982210395504646,2234,2923,1
superseg,random,2,116,0.5811399372540433,0.7574409852890865,0.4862991269950423,0.5010944216314867,0.2901279926998535,0.8481225536104507,0.7968148908580072,2214,2923,1
superseg,random,2,117,0.5856990758564542,0.7516250427642833,0.48618626288822964,0.5005973392887159,0.29009917633215665,0.8495900871695125,0.7957746500012007,2197,2923,1
superseg,random,2,118,0.5905225055312717,0.74580910023948,0.48410067827617,0.4985117546766563,0.2893643589558869,0.8509558629301442,0.7938901796220253,2180,2923,1
superseg,random,2,119,0.5959717544865838,0.7396510434485118,0.48186200671072077,0.49575438849266384,0.2871040751146651,0.8520535864370964,0.7930055771678313,2162,2923,1
superseg,random,2,120,0.6008414911190639,0.7338351009237085,0.48022307579796236,0.4941911005451096,0.28634764546262276,0.8530936772086546,0.7924634692505341,2145,2923,1
superseg,random,2,121,0.6054578075410472,0.7276770441327404,0.4783788282653638,0.4925737819081238,0.28520939893859715,0.8544426434214635,0.7912874012439066,2127,2923,1
superseg,random,2,122,0.6123276729031617,0.7198084160109477,0.4758952175744914,0.4902162428259251,0.2833975698196576,0.8559615061354849,0.7901974821698725,2104,2923,1
superseg,random,2,123,0.616746947857385,0.7133082449538146,0.4736007142966296,0.4876695963307158,0.2808509233244482,0.8571997094349589,0.7887896825396825,2085,2923,1
superseg,random,2,124,0.6201304432421909,0.7057817310981868,0.4727709338904497,0.4862035636241384,0.28071044353192615,0.8595767595994526,0.7882622829767307,2063,2923,1
superseg,random,2,125,0.6252568148622321,0.698255217242559,0.46878346901039786,0.4818540931248949,0.2770147443748049,0.8604582102634295,0.7865963367192564,2041,2923,1
superseg,random,2,126,0.631023879884372,0.6907287033869313,0.46709050740820784,0.4801179069711596,0.27453653675287565,0.8616159678697499,0.7853081550320583,2019,2923,1
superseg,random,2,127,0.6372477687115263,0.6842285323297982,0.46593244963139063,0.4792119924116898,0.27389717359460175,0.8632410909396537,0.7842743678409336,2000,2923,1
superseg,random,2,128,0.6418757193468734,0.6767020184741703,0.4624852916456547,0.47616826357370984,0.27136133323727873,0.86470247100353,0.7820780203155392,1978,2923,1
superseg,random,2,129,0.647564114375771,0.6702018474170373,0.4570858247484571,0.4703977859424153,0.2698664841630046,0.8661552962082462,0.7805027255481114,1959,2923,1
superseg,random,2,130,0.6527303950569696,0.6616489907629148,0.4531523905578369,0.46570792209975265,0.2681266959633071,0.8680799894339987,0.7783123814326538,1934,2923,1
superseg,random,2,131,0.6581874302953247,0.6551488197057818,0.4495215282280335,0.4620770597699493,0.2663112647984055,0.8692122325480874,0.7761874744855076,1915,2923,1
superseg,random,2,132,0.6629351009284671,0.6479644201163188,0.44577540042744274,0.4579527171433374,0.2645570684148596,0.870403609250054,0.7745725572124967,1894,2923,1
superseg,random,2,133,0.6684292845601466,0.6390694491960315,0.44161503734120977,0.4537167110919002,0.26253992267608,0.8724477703335495,0.7724441983046371,1868,2923,1
superseg,random,2,134,0.6722395601024391,0.6318850496065685,0.43768160315058946,0.4494374804889177,0.2598888168479696,0.8739070492039478,0.7707395300530702,1847,2923,1
superseg,random,2,135,0.676671625235802,0.6236743072186111,0.43521059962058445,0.44679718079869357,0.25856326393391443,0.8761406178709508,0.7694617042480129,1823,2923,1
superseg,random,2,136,0.68145726510031,0.6161477933629832,0.43001284729726474,0.4412464279710876,0.25661815911437696,0.8776363674567155,0.7673858751771006,1801,2923,1
superseg,random,2,137,0.6851694042649384,0.6093055080396853,0.42744098648032086,0.4386745671541435,0.25634080157529476,0.8798834437960762,0.766138966933218,1781,2923,1
superseg,random,2,138,0.6889696313942737,0.6024632227163873,0.42459176812429456,0.4355732055807698,0.2540967269409024,0.8810523077107799,0.7638216506975962,1761,2923,1
superseg,random,2,139,0.6939462149942329,0.5935682517960998,0.4231437456475277,0.4330625795451817,0.2517301827437985,0.882727559253656,0.7621007732391999,1735,2923,1
superseg,random,2,140,0.6987998972530562,0.5853575094081424,0.4197398122133371,0.4296838604327258,0.25004082318757054,0.8844209711115913,0.7600617150541508,1711,2923,1
superseg,random,2,141,0.7036875612253907,0.5778309955525145,0.4180504526571093,0.4275478471771966,0.2490790769156881,0.8858623898374277,0.7584984271065965,1689,2923,1
superseg,random,2,142,0.7090507955536683,0.5689360246322271,0.4144520087409649,0.4237224743654395,0.24631630766275248,0.8871837403645271,0.7561015656893115,1663,2923,1
superseg,random,2,143,0.7136103310032991,0.5617516250427643,0.4127878635064717,0.4221339720961506,0.2460137358019355,0.8889367360660856,0.7547183800398626,1642,2923,1
superseg,random,2,144,0.7189808649889076,0.5531987683886418,0.40799354033090796,0.41729282232307946,0.24465216242825924,0.8905980296808588,0.7530443291789737,1617,2923,1
superseg,random,2,145,0.7260057254106913,0.5466985973315087,0.4044059025526499,0.4135322863386403,0.24269625147083543,0.8919848173762698,0.7521795379775713,1598,2923,1
superseg,random,2,146,0.7303433435594177,0.5378036264112214,0.3996584059745935,0.40863350383017544,0.23925989962298586,0.8928946341521985,0.7499027447590232,1572,2923,1
superseg,random,2,147,0.7339896156218335,0.5309613410879234,0.3967767692049084,0.4058311120716568,0.23711488125255145,0.8939347249237566,0.7480572965444373,1552,2923,1
superseg,random,2,148,0.7402355015699189,0.5224084844338008,0.3924435079124943,0.40113584516005085,0.23486720457219698,0.8956967257402204,0.745569483466609,1527,2923,1
superseg,random,2,149,0.7455150779191393,0.5135135135135135,0.3908910261028264,0.39907907691568817,0.23467629613620536,0.8980174939365559,0.7435235213601326,1501,2923,1
superseg,random,2,150,0.7502180678713731,0.5042764283270612,0.383704944408424,0.391161779890978,0.23086893355425883,0.899664829623226,0.7407694570516054,1474,2923,1
superseg,random,2,151,0.754629616886869,0.49538145740677386,0.3793608769781236,0.38649352832408806,0.22821782772614843,0.9013717491535191,0.7382375189107413,1448,2923,1
superseg,random,2,152,0.7599441487508175,0.48853917208347586,0.37414511442499343,0.3812777657709579,0.22551089018562542,0.9025015909036334,0.7366547198808924,1428,2923,1
superseg,random,2,153,0.7652798469717763,0.4786178583646938,0.37032334365919845,0.3769300962946954,0.22359820377974687,0.9050548411497731,0.7341930216362894,1399,2923,1
superseg,random,2,154,0.7700253340371382,0.4700650017105713,0.36661683836419084,0.3727445188867276,0.22047162788463848,0.9062492195567081,0.7316829959416948,1374,2923,1
superseg,random,2,155,0.7762364759507372,0.46117003079028396,0.36143229354273226,0.3670586893355426,0.21768724635593015,0.9081386427490814,0.7293044449247172,1348,2923,1
superseg,random,2,156,0.7815571378041348,0.45227505986999655,0.35419578320486034,0.35982217899767066,0.2142580986000048,0.9096861717455516,0.7261565569243331,1322,2923,1
superseg,random,2,157,0.7863152026825411,0.4433800889497092,0.35330067478327687,0.358750570323944,0.21449763465648486,0.9116959633071585,0.7239536056480081,1296,2923,1
superseg,random,2,158,0.791697792085433,0.43414300376325693,0.3497958840621473,0.3554042696251471,0.21252731551521264,0.9140773659438562,0.7216603030521336,1269,2923,1
superseg,random,2,159,0.7965095380051926,0.4231953472459802,0.3422105756069447,0.34784417549167923,0.21079172970247098,0.9160566902000337,0.7181203923828734,1237,2923,1
superseg,random,2,160,0.8001512865882346,0.4146424905918577,0.33910561198760897,0.34459513003385916,0.20964988113248323,0.9176911185553392,0.7157007180078284,1212,2923,1
superseg,random,2,161,0.8063030959899355,0.4050632911392405,0.3353450760031698,0.34033030761472516,0.208389165045746,0.9194504178373316,0.7127521432173475,1184,2923,1
superseg,random,2,162,0.8099786376769083,0.39685254875128295,0.3319159282472444,0.33664901664145236,0.2053382321158418,0.9210704380087891,0.7105182743798477,1160,2923,1
superseg,random,2,163,0.814756919585455,0.38727334929866575,0.3242003457964124,0.3287821482602118,0.20155608385563,0.9228165297889201,0.7079308046970679,1132,2923,1
superseg,random,2,164,0.8209863671010155,0.3783783783783784,0.31910705280599383,0.32368885526979324,0.20105179742093507,0.9246391650457458,0.7049759263261534,1106,2923,1
superseg,random,2,165,0.826504085412158,0.3698255217242559,0.31564908868237157,0.3200039622505583,0.19881852892442908,0.9260826849650602,0.7017519451048195,1081,2923,1
superseg,random,2,166,0.8327484636108736,0.3609305508039685,0.31189215474389453,0.31624702831208124,0.19891938621136804,0.9282769312969766,0.6986441298657637,1055,2923,1
superseg,random,2,167,0.8370888103292103,0.35237769414984604,0.3067124126503854,0.31061342842734674,0.19692025070239896,0.9296275784645679,0.6965594457651947,1030,2923,1
superseg,random,2,168,0.8418966239539752,0.34245638043106397,0.29955154527771777,0.30322563215906634,0.19407103234637274,0.9317445308935475,0.6928076147251638,1001,2923,1
superseg,random,2,169,0.8455636300525219,0.3325350667122819,0.2935505367048484,0.29694726604711474,0.1910957423816728,0.9339252695531063,0.6901192877554452,972,2923,1
superseg,random,2,170,0.8513068856303673,0.3226137529934998,0.2892550968950364,0.29265182623730274,0.18843923348461925,0.9354969622745719,0.6864343947362102,943,2923,1
superseg,random,2,171,0.8564972506051501,0.31269243927471774,0.2819933722354297,0.28539010157769606,0.1846318709026727,0.9375390221645896,0.6827281896116995,914,2923,1
superseg,random,2,172,0.8613586136618024,0.30277112555593566,0.27722786542756284,0.28054895180462497,0.1823877962682804,0.9399196743750451,0.6792837331604351,885,2923,1
superseg,random,2,173,0.86565787879603,0.2931919261033185,0.2727108997910813,0.2755781283769181,0.1789550464663929,0.9415354921595467,0.6764053982662152,857,2923,1
superseg,random,2,174,0.8721865035395141,0.28327061238453644,0.2662560334269865,0.26912326201282327,0.17487032634536415,0.9428214225680186,0.6730224767668035,828,2923,1
superseg,random,2,175,0.8762587187858466,0.27403352719808416,0.25987681002809593,0.2627440386139327,0.1708360348678049,0.944078986864539,0.6694027207453833,801,2923,1
superseg,random,2,176,0.8799410253391016,0.2634279849469723,0.2542251999135509,0.25668899935163175,0.16863878683091998,0.9458322827365946,0.6655983598684052,770,2923,1
superseg,random,2,177,0.8838748968544875,0.25384878549435513,0.24854837547727107,0.2507852460197392,0.16485303652474603,0.9475720709362919,0.6630980897149581,742,2923,1
superseg,random,2,178,0.8890928296639785,0.24324324324324326,0.2428247244434839,0.24506159498595198,0.16170124630790286,0.9493998090915641,0.6590689011358452,711,2923,1
superseg,random,2,179,0.8945453712659619,0.23229558672596648,0.23630862329803326,0.2385454938405014,0.16089618903537206,0.9519917813317964,0.6549931861297217,679,2923,1
superseg,random,2,180,0.900219913798336,0.2213479302086897,0.23140263669764427,0.23318564944888698,0.16120956703407535,0.9545526859256058,0.6514196563648151,647,2923,1
superseg,random,2,181,0.9043667970235676,0.21108450222374273,0.22812117282616529,0.22970247100352997,0.16055039262300988,0.9571098383882045,0.6472469862882116,617,2923,1
superseg,random,2,182,0.909835433507369,0.20013684570646595,0.22322959440962467,0.22445789208270298,0.1575246740148404,0.9596057560694474,0.6435858067382273,585,2923,1
superseg,random,2,183,0.9159053591115209,0.1888470749230243,0.21558365151406,0.21638330571764758,0.1542408087793867,0.9615982878274859,0.6402749261580577,552,2923,1
superseg,random,2,184,0.9206800510184855,0.17824153267191242,0.21163040607064815,0.2125093052854021,0.15409852796388349,0.9639240088370195,0.6371933758374756,521,2923,1
superseg,random,2,185,0.9266704751695407,0.16626753335614095,0.20461362053646473,0.20531962154503755,0.1508819009197224,0.9657892683043969,0.6323282124246572,486,2923,1
superseg,random,2,186,0.9318912243664704,0.15497776257269927,0.1993186129721682,0.20002461398074106,0.1474779674855318,0.9675635761112311,0.628169950531902,453,2923,1
superseg,random,2,187,0.9366144470529818,0.14334587752309272,0.1923846744951132,0.19331760439929882,0.14558689335542588,0.9704049900343396,0.6236736966597027,419,2923,1
superseg,random,2,188,0.940347948030175,0.13239822100581594,0.1830301611315227,0.1839630910357083,0.1413256729822539,0.9728318685013089,0.6196099884734529,387,2923,1
superseg,random,2,189,0.9473699970629494,0.12076633595620938,0.17942451312345412,0.1803574430276397,0.1413761016257234,0.9755409072353097,0.6159458072185001,353,2923,1
superseg,random,2,190,0.9513305972028111,0.1091344509066028,0.1727427178637466,0.17367564776793218,0.13900595538265734,0.9777324520327546,0.6116782832648945,319,2923,1
superseg,random,2,191,0.9578415740164987,0.09818679438932604,0.16570792209975263,0.16664085200393824,0.13534987873111928,0.979968722234229,0.6075272254640636,287,2923,1
superseg,random,2,192,0.963758129234985,0.08689702360588436,0.15896489205868936,0.15969610738899695,0.13185949619383808,0.9820426001969119,0.6030186646014936,254,2923,1
superseg,random,2,193,0.9699313652798375,0.074580910023948,0.15540967269409023,0.15614088802439785,0.13112828086353048,0.9847798549576159,0.598587547727109,218,2923,1
superseg,random,2,194,0.9741027638068417,0.06226479644201163,0.14903044929519968,0.14928259251254714,0.1292372067334246,0.9872655668419661,0.5940100977355137,182,2923,1
superseg,random,2,195,0.979597329916244,0.04994868286007526,0.14466837163508872,0.1449205148524362,0.13047270849842713,0.9902216458948682,0.5899010638042408,146,2923,1
superseg,random,2,196,0.9839589406566136,0.037290455011974,0.13743906538914102,0.13769120860648848,0.12669776433013952,0.9926713373195976,0.5846207645942896,109,2923,1
superseg,random,2,197,0.9888154935829236,0.02497434143003763,0.12898386283408975,0.12923600605143723,0.12081442259203228,0.9947653267055687,0.5789835626635929,73,2923,1
superseg,random,2,198,0.9939730101590165,0.012658227848101266,0.12175995965708522,0.12175995965708522,0.11754916792738276,0.9972036116514181,0.5739415988281343,37,2923,1
superseg,random,2,199,0.9998757875742624,0.00034211426616489907,0.11270801815431165,0.11270801815431165,0.11270801815431165,0.9998487140695915,0.5682416612635977,1,2923,1
superseg,random,2,0,0.000634047013707506,1.2131371878207322,0.6031662337148677,0.6318385388355132,0.3748738192384183,0.7604180474509522,0.8561543956967559,3546,2923,2
superseg,random,2,1,0.005032345786216311,1.2110845022237426,0.6029393048192551,0.6315251608368099,0.3747405435378204,0.7608088694378408,0.8560062615565641,3540,2923,2
superseg,random,2,2,0.008717331642841943,1.2083475880944234,0.602431416338598,0.6305634145649275,0.37432991029814017,0.7612753343899336,0.85589069591528,3532,2923,2
superseg,random,2,3,0.01473409991752144,1.2042422169004448,0.6025256698746064,0.6301365721184179,0.3743623287117992,0.7622279254616623,0.8556322491174988,3520,2923,2
superseg,random,2,4,0.020088663497086132,1.2018474170372904,0.6027291854714655,0.6305021797835716,0.37471532921608564,0.7627847417333045,0.8555660615229451,3513,2923,2
superseg,random,2,5,0.027189411498775653,1.199794731440301,0.6027958233217644,0.6302734498649778,0.3745514361248098,0.7631125279158563,0.855345436207766,3507,2923,2
superseg,random,2,6,0.03236399346896685,1.196715703044817,0.6022978934387674,0.6295062140750491,0.37348523052002625,0.763317394279951,0.8548138342578584,3498,2923,2
superseg,random,2,7,0.03695553033250383,1.1943209031816626,0.6014478105917103,0.6287389782851205,0.3732402913946031,0.7638679069711596,0.8546877626491849,3491,2923,2
superseg,random,2,8,0.041826501005209744,1.1919261033185085,0.6009093047203752,0.628250901057255,0.3727017855232681,0.7643163616934419,0.8544797444948731,3484,2923,2
superseg,random,2,9,0.04599574503223219,1.1891891891891893,0.6001744873441055,0.6275917266461896,0.3718661108600594,0.764492861945585,0.8539754580601782,3476,2923,2
superseg,random,2,10,0.05182332451401695,1.18645227505987,0.6001672832521814,0.62706222588976,0.37163918196444673,0.7653333393367433,0.8537863506471676,3468,2923,2
superseg,random,2,11,0.05657706254727561,1.1857680465275402,0.5997890684261602,0.6265399292252546,0.3712969875980466,0.7654089823019475,0.8536497730711045,3466,2923,2
superseg,random,2,12,0.061405858102013676,1.1837153609305509,0.5992343533479957,0.6256898463781974,0.3708143134391243,0.7658187150301371,0.8536035468145907,3460,2923,2
superseg,random,2,13,0.06567722125053144,1.1809784468012317,0.5982203774096627,0.624684275213776,0.37007289231192403,0.7663206001008572,0.8532904689863843,3452,2923,2
superseg,random,2,14,0.07185251856627216,1.1789257612042423,0.5975215804930142,0.6238341923667189,0.36923721764871537,0.7665412254160363,0.8529017481929736,3446,2923,2
superseg,random,2,15,0.07591309293527405,1.176530961341088,0.5969884776906224,0.6235136102760913,0.36880497213326263,0.7668564044377206,0.8526496049756261,3439,2923,2
superseg,random,2,16,0.08104242452375077,1.173451932945604,0.5956791339833967,0.6222582972582973,0.3677261593676117,0.7672976550680787,0.8521852412170113,3430,2923,2
superseg,random,2,17,0.08612818490565353,1.1710571330824495,0.5957295626268662,0.6223087259017667,0.3677009450458769,0.7678859892418894,0.8521747352496218,3423,2923,2
superseg,random,2,18,0.0908652043302173,1.1683202189531303,0.5952914228543845,0.6217414036627351,0.3674091793229463,0.7683902756765842,0.8520213481257355,3415,2923,2
superseg,random,2,19,0.09545642341231204,1.1648990762914813,0.5947114934544854,0.6209345453672231,0.36645103509702603,0.7692979912590351,0.8517586989409985,3405,2923,2
superseg,random,2,20,0.09830280413583697,1.163188504960657,0.5940775333651546,0.6201276870717113,0.3663249634883523,0.7696762060850563,0.8517334846192638,3400,2923,2
superseg,random,2,21,0.10258866637530326,1.1611358193636674,0.5942756458930705,0.6199764011413028,0.3658711056971269,0.7700679285834354,0.8516074130105901,3394,2923,2
superseg,random,2,22,0.1066634757974935,1.1583989052343482,0.5940577221123631,0.6195153392581532,0.366078223339948,0.7706109370122229,0.8514613800638762,3386,2923,2
superseg,random,2,23,0.11074655488806592,1.1546356483065343,0.593553435677668,0.6190506753290415,0.3652893752742467,0.7709261160339073,0.8508520339552864,3375,2923,2
superseg,random,2,24,0.11564716949653915,1.1515566199110503,0.592292719590931,0.6175198057951462,0.36420155739369053,0.771251801022981,0.8505379055303411,3366,2923,2
superseg,random,2,25,0.12094285059601534,1.146082791652412,0.5910186868494246,0.6158430533997856,0.36252480499832995,0.7718243762457075,0.8498697260043705,3350,2923,2
superseg,random,2,26,0.12609998758451754,1.1436879917892575,0.5909634554780057,0.6153027465054697,0.3623771211138836,0.7722677280695435,0.8496701126239704,3343,2923,2
superseg,random,2,27,0.13132394359020982,1.1406089633937735,0.5907905572718245,0.615111838069478,0.36230508019464147,0.7730934971063564,0.8493129097327281,3334,2923,2
superseg,random,2,28,0.13620626175175118,1.1371878207321244,0.5896739230235716,0.6138871424423619,0.36073098610920096,0.7734086761280408,0.8488653555219365,3324,2923,2
superseg,random,2,29,0.1410937768187849,1.1334245638043106,0.5888028282417355,0.612642635562454,0.3600447963534196,0.7739255697236029,0.8485239115817784,3313,2923,2
superseg,random,2,30,0.14679473169056675,1.1313718782073212,0.5886011136678575,0.612440920988576,0.36001958203168494,0.7746985087529717,0.8485344175491678,3307,2923,2
superseg,random,2,31,0.15407143845896615,1.128634964078002,0.5881392042444814,0.6113639092459062,0.36019248023786604,0.7752364142833128,0.8485470247100353,3299,2923,2
superseg,random,2,32,0.15888915644903095,1.1265822784810127,0.5870297740881526,0.6101788361243732,0.35885612118592447,0.775614629109334,0.8480994704992436,3293,2923,2
superseg,random,2,33,0.16361728782429455,1.122476907287034,0.5863021608038071,0.6088388750264696,0.3582689876941011,0.7763269336983407,0.8476792318036644,3281,2923,2
superseg,random,2,34,0.16726928374085093,1.118371536093055,0.5844525102022654,0.6069379771346488,0.35636694369674704,0.7765086869341786,0.8469101949907547,3269,2923,2
superseg,random,2,35,0.17240786611048659,1.1166609647622305,0.5837140907800337,0.6062139658962654,0.35584824907820367,0.776823865955863,0.8465950159690703,3264,2923,2
superseg,random,2,36,0.17722066624345398,1.1132398221005817,0.5821568062424163,0.6040023096755321,0.35487809803240966,0.7773155452296904,0.8462819381408639,3254,2923,2
superseg,random,2,37,0.1821251593160519,1.1115292507697572,0.5818002036921678,0.6036439061023025,0.35476643460758434,0.777504652642701,0.8460308455202555,3249,2923,2
superseg,random,2,38,0.18643955315874397,1.108792336640438,0.5811914579245717,0.602883874404298,0.3540820458747841,0.7778639567274213,0.8457177676920492,3241,2923,2
superseg,random,2,39,0.19063671435748414,1.1057133082449537,0.581364356130753,0.6030819869322138,0.3541120629244684,0.7784081658381959,0.8452471003530005,3232,2923,2
superseg,random,2,40,0.19700367421615167,1.1040027369141294,0.5805827121569758,0.6020734140628241,0.35403641995926416,0.7788998451120237,0.8451945705160531,3227,2923,2
superseg,random,2,41,0.20187587121435088,1.1009237085186452,0.5797470374937671,0.6013205864567438,0.35332321485876705,0.7793747148380279,0.8445978315683307,3218,2923,2
superseg,random,2,42,0.20608149300164139,1.0992131371878207,0.5791418937721332,0.6007154427351099,0.35294500003274587,0.7796142508945081,0.8441460749705834,3213,2923,2
superseg,random,2,43,0.21146471171109998,1.0957919945261718,0.577953218604638,0.5992674202583431,0.3519184169335455,0.7802887340009126,0.8441240124390654,3203,2923,2
superseg,random,2,44,0.21567654553213675,1.0923708518645228,0.5779622237195433,0.5989522412366588,0.3516032379118612,0.781185643445477,0.8437878214826022,3193,2923,2
superseg,random,2,45,0.21980051989019622,1.0889497092028737,0.5770464565049419,0.5977491578853152,0.35105932897158315,0.7819848473933193,0.8434820978315685,3183,2923,2
superseg,random,2,46,0.22541457376109808,1.0841601094765652,0.5760883122790216,0.5976555046903004,0.3503749402387829,0.7830624594769828,0.8430618591359893,3169,2923,2
superseg,random,2,47,0.2296800382512827,1.0817653096134108,0.5750365148580865,0.5964524213389568,0.3497157658277174,0.7833902456595345,0.8428853588838461,3162,2923,2
superseg,random,2,48,0.23508217068396742,1.0790283954840918,0.5745250243314673,0.5954438484695671,0.3490349791408793,0.7838062819681578,0.8427025550512692,3154,2923,2
superseg,random,2,49,0.24044363293031606,1.0749230242901129,0.573361563485707,0.5946405922200173,0.3479687735360958,0.7843988185289245,0.8419692385274837,3142,2923,2
superseg,random,2,50,0.24556850781868153,1.0701334245638043,0.571974775790296,0.5934627231904086,0.34678009836860063,0.7853008308719353,0.8413703983862835,3128,2923,2
superseg,random,2,51,0.24999598975069248,1.0660280533698254,0.571164315448822,0.5920615273111491,0.3468197208741838,0.7863346180630599,0.8410110943015633,3116,2923,2
superseg,random,2,52,0.2540477731745889,1.061580567909682,0.5704150898887038,0.5910241380740624,0.34615694441715616,0.7874440482193887,0.8400823667843336,3103,2923,2
superseg,random,2,53,0.25794516707522264,1.0598699965788574,0.569910803454009,0.5904261984443527,0.34572469890170343,0.7876331556323993,0.8398302235669861,3098,2923,2
superseg,random,2,54,0.26330270492049257,1.0554225111187137,0.5687257303324759,0.5890033902893207,0.3447341362621241,0.7883706745431406,0.8389624306606153,3085,2923,2
superseg,random,2,55,0.26731803558920914,1.0530277112555593,0.5677423717848209,0.5883622261080658,0.34389485955295335,0.7888119251734985,0.838384602454194,3078,2923,2
superseg,random,2,56,0.2726379157039502,1.0496065685939104,0.56706278577997,0.5872828130014212,0.34266416051590026,0.7892657829647239,0.8377941670869054,3068,2923,2
superseg,random,2,57,0.278211984883363,1.0455011973999315,0.5652437525691063,0.5852872795384142,0.3407190556963628,0.78954944408424,0.837079761304421,3056,2923,2
superseg,random,2,58,0.2819613151273111,1.0413958262059528,0.5634094636341677,0.5834448330287968,0.33970868180399194,0.7903090255264991,0.8363779626828037,3044,2923,2
superseg,random,2,59,0.28637012293354674,1.0379746835443038,0.5617741347673714,0.5814925241173351,0.3376987401571365,0.7905147924020843,0.8356425449655405,3034,2923,2
superseg,random,2,60,0.29226011870146956,1.0362641122134792,0.5600847752111434,0.5798031645611071,0.33600938060090857,0.7906228537809475,0.835230711043873,3029,2923,2
superseg,random,2,61,0.29687169874222824,1.0328429695518304,0.5591698555367685,0.578888244886732,0.33524574685694203,0.7911397473765098,0.8347642460917801,3019,2923,2
superseg,random,2,62,0.30263471532477537,1.0280533698255216,0.5571527097979887,0.5769539462050808,0.3336680507255394,0.7919904305645606,0.8340571944864683,3005,2923,2
superseg,random,2,63,0.3081409325879244,1.023263770099213,0.5548149819685817,0.5739642480565326,0.33136274130979126,0.7926565088970535,0.8329288535888385,2991,2923,2
superseg,random,2,64,0.31329741050282306,1.019842627437564,0.553979307305373,0.5731826040827553,0.3304298114056056,0.7933036764882453,0.8324770969910908,2981,2923,2
superseg,random,2,65,0.3186113552591472,1.0143687991789259,0.5522359170597134,0.5714428158830579,0.3285303325015882,0.7942339048579594,0.8313571608673725,2965,2923,2
superseg,random,2,66,0.32327931630639345,1.0099213137187821,0.5517100183492459,0.5707188046446745,0.3285627509152471,0.7951657841654058,0.8310734997478567,2952,2923,2
superseg,random,2,67,0.3292924434613909,1.007184399589463,0.5513029871555278,0.5703117734509565,0.3280800767563249,0.7959072052926062,0.8307982434022525,2944,2923,2
superseg,random,2,68,0.33362945574308556,1.003079028395484,0.5516703958436626,0.5705062839329103,0.3284510874904218,0.7968902636697646,0.8305503025718609,2932,2923,2
superseg,random,2,69,0.339660041092034,0.9993157714676703,0.5508761447090182,0.569517522316312,0.3275307647471036,0.7976728081550319,0.8302939569675577,2921,2923,2
superseg,random,2,70,0.3452772574356887,0.9958946288060212,0.5503754603202855,0.5691879351107794,0.32708591207078347,0.7982191184592848,0.8297119263741805,2911,2923,2
superseg,random,2,71,0.3488213480275741,0.9917892576120424,0.5491027374136744,0.5677759330936335,0.3267833402099665,0.7991037209134789,0.8292598696059361,2899,2923,2
superseg,random,2,72,0.3532316018609649,0.9880260006842285,0.5484351582286974,0.5670951464067954,0.3259050413362062,0.7998934694906706,0.8290371430972793,2888,2923,2
superseg,random,2,73,0.3574526227223491,0.98323640095792,0.5475454528760572,0.5660289408020118,0.3253431221661176,0.800817394279951,0.828439353552818,2874,2923,2
superseg,random,2,74,0.3621675050209238,0.9774204584331166,0.5462487163296988,0.564613336738904,0.32502614212145226,0.802162158105804,0.8279119539898663,2857,2923,2
superseg,random,2,75,0.3684146175574317,0.9719466301744782,0.54493396955353,0.5631004774348194,0.3240679978955319,0.8035132255120907,0.8273078608649713,2841,2923,2
superseg,random,2,76,0.3736273180950409,0.9664728019158398,0.542873599263205,0.561094137833926,0.32229218923621344,0.8044923816727902,0.82637072857383,2825,2923,2
superseg,random,2,77,0.3774290924942913,0.9620253164556962,0.5398478806550356,0.558320562443104,0.31989682867141267,0.804977757366184,0.8252300806858296,2812,2923,2
superseg,random,2,78,0.38177756634712,0.9586041737940472,0.5389761855322058,0.5572759691140932,0.31951140975346726,0.8056312285378094,0.8247047823163556,2802,2923,2
superseg,random,2,79,0.38621066341303506,0.9548409168662333,0.536955437747464,0.555073318008265,0.31769777961154666,0.8060661755877339,0.8241836863338375,2791,2923,2
superseg,random,2,80,0.39037319534059595,0.9507355456722545,0.5356190786955225,0.5531966520620075,0.31684769676448954,0.8066701186273804,0.8237277273491344,2779,2923,2
superseg,random,2,81,0.3963440151599956,0.9459459459459459,0.5355614459601289,0.5523717835366853,0.31666759446638415,0.8076114533054775,0.8233768280383257,2765,2923,2
superseg,random,2,82,0.4007395375573297,0.9401300034211426,0.5338252598063935,0.5503240204072276,0.31587874640068286,0.8086641512379031,0.822268148308239,2748,2923,2
superseg,random,2,83,0.40533658284654916,0.9363667464933287,0.5322079411694078,0.548238435795168,0.3149746328641941,0.8092356758638907,0.8214546862617967,2737,2923,2
superseg,random,2,84,0.411492205646243,0.9305508039685255,0.5314839299310243,0.5473703427183004,0.31448835665930974,0.8108147227625292,0.8208785089931081,2720,2923,2
superseg,random,2,85,0.41712438696835336,0.9237085186452275,0.5291642123314277,0.5450001964752342,0.31322764057257246,0.8123245803616453,0.8197489674134908,2700,2923,2
superseg,random,2,86,0.42497171762038144,0.9182346903865891,0.5272695361553598,0.5429326220929851,0.31270234220309867,0.8140685709482987,0.8188979840549432,2684,2923,2
superseg,random,2,87,0.4293511637809471,0.9124187478617858,0.5250758901644369,0.5401590467021631,0.3119206982293215,0.8155833813606128,0.8184777453593641,2667,2923,2
superseg,random,2,88,0.4338373923602954,0.9083133766678071,0.5247228896601505,0.5392747444184661,0.31179462662064783,0.8162736234181014,0.8179146255072881,2655,2923,2
superseg,random,2,89,0.4379863688323779,0.9028395484091687,0.5241429602602513,0.5392819485103902,0.3112507176803697,0.8178480176740389,0.8171056660182985,2639,2923,2
superseg,random,2,90,0.44288401780258574,0.8973657201505303,0.5240132866056155,0.5391630809936407,0.3105663289475695,0.8192010361885551,0.8163334774151717,2623,2923,2
superseg,random,2,91,0.4470376873446318,0.8918918918918919,0.521526073868781,0.5363480820742546,0.30989274635265557,0.8202222162188123,0.8150352400163292,2607,2923,2
superseg,random,2,92,0.45257859722713006,0.888128634964078,0.5212406646975483,0.5366596590499767,0.3098531238470724,0.8208746367936989,0.8148450820065797,2596,2923,2
superseg,random,2,93,0.4571179389260358,0.8833390352377695,0.5207081622361501,0.5356384790197195,0.3090066430459774,0.8216342182359581,0.8145341053718512,2582,2923,2
superseg,random,2,94,0.46135576012925716,0.8782073212452959,0.5191448742885959,0.5338734764982874,0.3077711412809749,0.8227004238407415,0.8139406682995942,2567,2923,2
superseg,random,2,95,0.4667275322825987,0.8730756072528224,0.5174266983646711,0.5316402080017815,0.3070435279966294,0.8238875981557523,0.8131974461494129,2552,2923,2
superseg,random,2,96,0.47125425365757434,0.8689702360588436,0.516742309631871,0.5311827481645939,0.3066004763432903,0.8249465996686117,0.8127162728429748,2540,2923,2
superseg,random,2,97,0.4762743549652198,0.8638385220663701,0.5149989193862113,0.5296915011362818,0.3057648016800816,0.8259443664001151,0.8117329142953199,2525,2923,2
superseg,random,2,98,0.48057894884932734,0.8587068080738967,0.5131474677616886,0.5274258142261168,0.3038305029984304,0.8264885755108903,0.8106171805585571,2510,2923,2
superseg,random,2,99,0.48569236117569786,0.8549435511460828,0.512315395144442,0.5268206705044829,0.30390614596363463,0.8277018646591265,0.8106339901063804,2499,2923,2
superseg,random,2,100,0.49106467858371444,0.8498118371536093,0.5110510770117427,0.525134912994217,0.30376206412515033,0.8287577143817689,0.8099850214922075,2484,2923,2
superseg,random,2,101,0.49564653370735,0.8443380088949709,0.509538217707658,0.5234707677597239,0.3026946578383795,0.8299201246307902,0.8092538061618999,2468,2923,2
superseg,random,2,102,0.5011258558569683,0.8371536093055081,0.5070293926950509,0.5205585135993608,0.3009044409952126,0.8314757582306751,0.807944762625171,2447,2923,2
superseg,random,2,103,0.5053114782684657,0.8323640095791994,0.5062969766827559,0.5194310732132215,0.30016962361894284,0.8327471303700503,0.807357028792354,2433,2923,2
superseg,random,2,104,0.5096812583518339,0.826890181320561,0.5061114713157073,0.5190438532722951,0.30120701285602947,0.834041165381937,0.8065792870350359,2417,2923,2
superseg,random,2,105,0.5175938761684362,0.8207321245295929,0.5051497250438248,0.5175021776005134,0.3003209095493513,0.8350938633143626,0.8053314782796629,2399,2923,2
superseg,random,2,106,0.522001232821836,0.8166267533356141,0.503629661647816,0.5156651341598392,0.299229489622833,0.8356842986816511,0.8042100413034603,2387,2923,2
superseg,random,2,107,0.5263003978228137,0.8094423537461513,0.5006975962346613,0.5121891598064064,0.29706826204556913,0.8367387976370578,0.802650655572365,2366,2923,2
superseg,random,2,108,0.5307381673609589,0.8043106397536778,0.49931080853925025,0.510550228893648,0.2959588318892404,0.8375402528636265,0.8018780167134932,2351,2923,2
superseg,random,2,109,0.5352474458117389,0.7991789257612042,0.49839949091083735,0.5091346248305401,0.29440635007957244,0.8383103402732754,0.8010028696299498,2336,2923,2
superseg,random,2,110,0.5409079486594277,0.7916524119055764,0.49586725259947645,0.5067284581278529,0.2930339705680099,0.8399597771534231,0.7999146014936486,2314,2923,2
superseg,random,2,111,0.5466672009916157,0.7858364693807732,0.4953881804865164,0.5060224571192801,0.29361389996790904,0.8413684772951037,0.7993157613524481,2297,2923,2
superseg,random,2,112,0.5520355273539345,0.7803626411221348,0.49426794419230125,0.5049274351467998,0.29274580689104135,0.8422392719064428,0.7982930804697068,2281,2923,2
superseg,random,2,113,0.5568852344077914,0.7721518987341772,0.4918473693057656,0.5020674106528873,0.2916687951483715,0.844077666114353,0.7967276913286747,2257,2923,2
superseg,random,2,114,0.5627435470725708,0.7663359562093739,0.48902336527147416,0.49894803884970307,0.2892950468593433,0.8450484175011408,0.7962276072809356,2240,2923,2
superseg,random,2,115,0.567673499643501,0.7612042422169004,0.48703143385442926,0.49695610743265806,0.288437759920362,0.8458027459597052,0.7950431345003962,2225,2923,2
superseg,random,2,116,0.5717903042226021,0.7553882996920972,0.48417261004250417,0.49402884474745284,0.28681443787343935,0.8469436940182025,0.7940465684508802,2208,2923,2
superseg,random,2,117,0.5768950804140013,0.7499144714334588,0.48480296808587275,0.49440705957347403,0.2869909381255826,0.8482716482962323,0.7929578500588335,2192,2923,2
superseg,random,2,118,0.582120802024447,0.7440985289086555,0.48273179165766156,0.4924583527079744,0.2845775673309712,0.849123382081022,0.7918379139351152,2175,2923,2
superseg,random,2,119,0.5878993983425883,0.738966814916182,0.4815935451336359,0.491021136369094,0.2838211376789289,0.8500163893091275,0.7905630898350263,2160,2923,2
superseg,random,2,120,0.5937121842172262,0.7317824153267192,0.47983934875009,0.4892417256638134,0.28208134947923147,0.8513452440986481,0.7894584624066469,2139,2923,2
superseg,random,2,121,0.5985678121873615,0.7266507013342456,0.478517397881997,0.4877756929572361,0.28252079908660843,0.852466530989602,0.7885498463127056,2124,2923,2
superseg,random,2,122,0.6043782432597321,0.7198084160109477,0.47695410993444276,0.48608633340100804,0.28184001239977036,0.8541727000936532,0.7870471928055135,2104,2923,2
superseg,random,2,123,0.6100430051528856,0.7115976736229901,0.47184280671421364,0.48110830588137693,0.27955271321383274,0.8561057980933169,0.7856225836275005,2080,2923,2
superseg,random,2,124,0.6145632600619542,0.7040711597673623,0.46687558533246876,0.4759393699257542,0.276653066214337,0.8571332817040079,0.7837246055759672,2058,2923,2
superseg,random,2,125,0.619962942555018,0.6972288744440643,0.46476118435271235,0.47292445745547107,0.27493849233637435,0.8583120512451073,0.782421865619672,2038,2923,2
superseg,random,2,126,0.6251881513430405,0.6903865891207663,0.4602874432677761,0.46830303248608846,0.27202083510706804,0.8590642785101938,0.7803948142544966,2018,2923,2
superseg,random,2,127,0.6306080476206873,0.6838864180636333,0.4567142136733665,0.46419489906630595,0.27050797580298336,0.8602312813678169,0.7793111987608962,1999,2923,2
superseg,random,2,128,0.636796957046465,0.6763599042080055,0.45244218716230816,0.45974997434906667,0.26743002752836337,0.861501602910453,0.7771778870398386,1977,2923,2
superseg,random,2,129,0.6411711872513349,0.6705439616832022,0.4482818240760752,0.4559678260888548,0.2651355242505015,0.8629409204428115,0.7763374096486804,1960,2923,2
superseg,random,2,130,0.6458232927667124,0.6630174478275744,0.4436171745551474,0.4503450323420066,0.26218544860753634,0.8642517650025215,0.7749851415604063,1938,2923,2
superseg,random,2,131,0.6508481086629305,0.6558330482381115,0.4416252431381024,0.4479244574554711,0.2601683028687567,0.8655996806185915,0.7735374192541363,1917,2923,2
superseg,random,2,132,0.6552454517546563,0.6493328771809784,0.43632663352784384,0.4424313373632587,0.25713538016866305,0.8666814950892107,0.7713707886079293,1898,2923,2
superseg,random,2,133,0.6621735063672186,0.6414642490591858,0.43626719976946904,0.44262404682223133,0.25713898221462517,0.868609790360925,0.770178511394472,1875,2923,2
superseg,random,2,134,0.6671913464042001,0.6346219637358878,0.43331712412650386,0.43967397117926615,0.2561556236669701,0.8699955274595972,0.7688089835026296,1855,2923,2
superseg,random,2,135,0.6726529301348262,0.6277796784125899,0.4300806858295511,0.43601369214077235,0.25459653810637173,0.8711580877938669,0.7671344823859952,1835,2923,2
superseg,random,2,136,0.6781080853730214,0.6212795073554567,0.429093725235934,0.43510597655832145,0.25552946801055726,0.8733118111087097,0.7655375753427947,1816,2923,2
superseg,random,2,137,0.6837909826665183,0.6130687649674992,0.4263453641668467,0.4322063295588258,0.2545124903672558,0.875282130249982,0.7641588922507985,1792,2923,2
superseg,random,2,138,0.6899041739262014,0.6072528224426958,0.4255132915496002,0.4311455270229854,0.253943367105243,0.8762360720889465,0.7633121112792065,1775,2923,2
superseg,random,2,139,0.6947679822695877,0.6004105371193978,0.423139543260572,0.4285196355166098,0.25227561982478774,0.8775745323343658,0.7619490370530462,1755,2923,2
superseg,random,2,140,0.699021463179673,0.5935682517960998,0.41951288331772446,0.4244391177825368,0.2505400340120461,0.8789823319645559,0.7599505018850706,1735,2923,2
superseg,random,2,141,0.7026431109294483,0.5870680807389668,0.41726880868333216,0.4219681142525318,0.2494810324991868,0.8809508500828471,0.7588563804240809,1716,2923,2
superseg,random,2,142,0.7074301699156819,0.5785152240848443,0.41654119539898665,0.42106400071604305,0.24923249132780145,0.8826474137309992,0.7573472732512068,1691,2923,2
superseg,random,2,143,0.7120625718035455,0.569620253164557,0.4129199385250823,0.41752679158125455,0.24612392566250355,0.8839165345916482,0.7553844583723555,1665,2923,2
superseg,random,2,144,0.7166956983722744,0.5603831679781047,0.4114995317340249,0.4162660754945172,0.24567006787127818,0.8862147900007205,0.7538028600244939,1638,2923,2
superseg,random,2,145,0.721950967656023,0.5504618542593226,0.40586232980332826,0.41062887356382055,0.24320987047915943,0.888294971543837,0.7517073697860385,1609,2923,2
superseg,random,2,146,0.728735144828043,0.5429353404036948,0.4008266695483034,0.4058201422044085,0.2398527636424762,0.8898854249213553,0.7492994020603704,1587,2923,2
superseg,random,2,147,0.7329921508218764,0.5340403694834075,0.3960359484187019,0.4012815642921542,0.2367550041150646,0.8914129925797852,0.7465836094901904,1561,2923,2
superseg,random,2,148,0.7393307787832877,0.5265138556277796,0.39376305741661266,0.39883577508388396,0.23529257345444937,0.893386013255529,0.7448801419206109,1539,2923,2
superseg,random,2,149,0.7454622690262092,0.5169346561751625,0.38749909948850947,0.39262224579925037,0.22978504517838858,0.8944627248277022,0.7413138162476286,1511,2923,2
superseg,random,2,150,0.7492440006437345,0.5087239137872049,0.3845238095238095,0.38902740392906804,0.2291835035027168,0.8963054715078166,0.7394035312057248,1487,2923,2
superseg,random,2,151,0.7550709428132782,0.501539514197742,0.37980152726748795,0.3842088488079411,0.22660967793342982,0.8973854849554548,0.7382172574022045,1466,2923,2
superseg,random,2,152,0.7598742238609393,0.4943551146082792,0.37626912086064884,0.380676442401102,0.2238337011786331,0.8983697440146002,0.736175947938429,1445,2923,2
superseg,random,2,153,0.765449486275617,0.4861443722203216,0.3747922820161852,0.37854403119153496,0.22399579324692787,0.9003952945272916,0.7338862473885167,1421,2923,2
superseg,random,2,154,0.7717273226335761,0.47656517276770444,0.3675593737242754,0.37131112289962515,0.2224000868857147,0.9023021276084816,0.7309613860672862,1393,2923,2
superseg,random,2,155,0.7764132552116342,0.46767020184741703,0.363150469466657,0.36667528974639413,0.22081518666238786,0.904176992531758,0.7285994945128833,1367,2923,2
superseg,random,2,156,0.7824652702541822,0.45911734519329456,0.355334029728886,0.3591109932259705,0.21874761228013875,0.9063451240304492,0.7262941850971352,1342,2923,2
superseg,random,2,157,0.7868529880585448,0.4502223742730072,0.3513249525730615,0.35522798767881975,0.21615053714145993,0.9080109202026752,0.7236538854069111,1316,2923,2
superseg,random,2,158,0.7919270028335063,0.43961683202189533,0.3483460605623994,0.35145664555649425,0.21497266811185115,0.9102462898926592,0.7220152546646494,1285,2923,2
superseg,random,2,159,0.7961380718719421,0.4300376325692781,0.3449925557716783,0.34795185483536467,0.21388845227725714,0.9124744554907188,0.7198486240184425,1257,2923,2
superseg,random,2,160,0.8019202219095406,0.4211426616489908,0.33822671277285493,0.3412448452539224,0.2116443776428648,0.9149556648176164,0.7171122697692289,1231,2923,2
superseg,random,2,161,0.8071699143390109,0.4119055764625385,0.3346390749945969,0.3374554929017864,0.2102143653959085,0.9170711464111615,0.7142663532886678,1204,2923,2
superseg,random,2,162,0.8124991602654331,0.4009579199452617,0.3262967365463583,0.3286845109840571,0.20415572408764543,0.9184390233652714,0.7097980152726748,1172,2923,2
superseg,random,2,163,0.8172679824355265,0.39206294902497435,0.32001476838844467,0.322306269961338,0.2012433061979204,0.9199412266167182,0.7067418293590759,1146,2923,2
superseg,random,2,164,0.8221838449512624,0.38111529250769755,0.3140095574286194,0.31613296352328124,0.19733928871599068,0.9218210443531926,0.7033048771702327,1114,2923,2
superseg,random,2,165,0.826495358602522,0.3715360930550804,0.3134080157529477,0.31553142184760946,0.19799846312705616,0.9241721297697091,0.7011574574358236,1086,2923,2
superseg,random,2,166,0.8313062217226395,0.36127266507013345,0.30554835146363135,0.30764114016761523,0.1926890473789112,0.9254762204932401,0.6972001596907043,1056,2923,2
superseg,random,2,167,0.8367539443107121,0.35135135135135137,0.3017121725139879,0.30378334894219916,0.18963811444900702,0.9276845748385083,0.6947003397930025,1027,2923,2
superseg,random,2,168,0.8423226440693212,0.34177215189873417,0.29621184832985137,0.2980560958624499,0.1850599140311697,0.9291258434790962,0.6927432281535911,999,2923,2
superseg,random,2,169,0.8472297959076515,0.332192952446117,0.2897281655980597,0.2916984847393319,0.1807698772903009,0.9306128881204524,0.6895806317988618,971,2923,2
superseg,random,2,170,0.8517103931724784,0.32192952446117,0.2826393391446341,0.28435751506855894,0.17897605840117187,0.9328281463871477,0.6859760343875321,941,2923,2
superseg,random,2,171,0.8569163895834293,0.31200821074238794,0.27921919650361404,0.2807860864971304,0.17738575510890187,0.9351358571668708,0.6828449559349711,912,2923,2
superseg,random,2,172,0.8621344892854707,0.30277112555593566,0.27700393823691855,0.27831868501308743,0.17644562111279205,0.9369644958336334,0.6794938525082247,885,2923,2
superseg,random,2,173,0.8667262311901497,0.2931919261033185,0.270624714838028,0.2716873183968494,0.1745041183392167,0.939288115649689,0.6767391878587037,857,2923,2
superseg,random,2,174,0.872506684572459,0.28156004105371196,0.26366556203923824,0.26450123670244696,0.1702933266095142,0.9414259299281992,0.6721006531710011,823,2923,2
superseg,random,2,175,0.8774854156034814,0.2716387273349299,0.2632453233436592,0.2640809980068679,0.17027651706169103,0.943509113176284,0.6692164649520927,794,2923,2
superseg,random,2,176,0.8828639200386095,0.2613752993499829,0.25801155056071845,0.2585950820065797,0.16911665826189276,0.9461527147419734,0.6660547691088538,764,2923,2
superseg,random,2,177,0.887748640465489,0.25042764283270613,0.2541357491054919,0.2547192805513531,0.17100413034603656,0.9489981809667891,0.6628981761640611,732,2923,2
superseg,random,2,178,0.8932367309677204,0.23913787204926445,0.2503355906154696,0.25049047859184015,0.17108697740316497,0.9519353492783901,0.6598304336863339,699,2923,2
superseg,random,2,179,0.8985182747055834,0.22955867259664728,0.2437762649184737,0.24393115289484427,0.1678559421751555,0.9540677604879572,0.6558426686357851,671,2923,2
superseg,random,2,180,0.9031636129805165,0.2186110160793705,0.23954025886703648,0.23969514684340704,0.16762901327954277,0.9566784933842423,0.6524135208798598,639,2923,2
superseg,random,2,181,0.9095596666685523,0.20697913102976395,0.2343503109766347,0.2342782700573926,0.16599428475374015,0.9591266839564874,0.6481602550248541,605,2923,2
superseg,random,2,182,0.9149031256087737,0.19534724598015737,0.22716783132819438,0.22709579040895225,0.16516581418245563,0.9617729870566483,0.6436468914343346,571,2923,2
superseg,random,2,183,0.9218919038980623,0.1850838179952104,0.22129289436399874,0.22122085344475662,0.16289652522632855,0.9642571980885143,0.6395843839300723,541,2923,2
superseg,random,2,184,0.9251193073659125,0.17447827574409852,0.21217611603390726,0.21210407511466514,0.15884782556492086,0.9660999447686286,0.6353219628749129,510,2923,2
superseg,random,2,185,0.9308401030669968,0.16284639069449197,0.2042948394688183,0.20422279854957617,0.1553034123382081,0.9683584275868695,0.6304090723530965,476,2923,2
superseg,random,2,186,0.9359482710062882,0.1522408484433801,0.19645318540931248,0.19620104219196502,0.15058833417381073,0.970313588118051,0.6256345604303244,445,2923,2
superseg,random,2,187,0.9404350054522533,0.14163530619226822,0.18660519174891338,0.18635304853156592,0.14432077419974546,0.9716751614917272,0.6206166102346132,414,2923,2
superseg,random,2,188,0.9448125880963787,0.12931919261033184,0.17827185841558002,0.1780197151982326,0.1401478039526451,0.9743244662968567,0.6169440242057489,378,2923,2
superseg,random,2,189,0.9502732337741671,0.11802942182689018,0.17065713325168694,0.1704049900343395,0.13661779890978074,0.9764445705160533,0.6125495281319789,345,2923,2
superseg,random,2,190,0.9545247781093353,0.10639753677728361,0.16432833849626585,0.16407619527891842,0.13354165165814183,0.9786620800614749,0.6082594913911101,311,2923,2
superseg,random,2,191,0.9592481091885395,0.09510776599384195,0.15810760511970798,0.15785546190236052,0.1302962082462839,0.9806275964747975,0.6039262300986961,278,2923,2
superseg,random,2,192,0.9643133363543968,0.08416010947656517,0.1550530701438417,0.15480092692649425,0.13014132026991332,0.9829560190188027,0.5996704127944673,246,2923,2
superseg,random,2,193,0.9700065227145912,0.07218611016079371,0.14829983430588572,0.1480476910885383,0.12638858871839204,0.9854024085680667,0.5950736018058257,211,2923,2
superseg,random,2,194,0.9746895516770602,0.06021211084502224,0.14275268352424175,0.14250054030689432,0.12601037389237088,0.9881018418461688,0.5910603222630454,176,2923,2
superseg,random,2,195,0.9802149716472983,0.04858022579541567,0.137583747568619,0.13733160435127154,0.12253079749297602,0.9908586076891676,0.586701246307903,142,2923,2
superseg,random,2,196,0.9846389239067389,0.0366062264796442,0.1325408832216699,0.1325408832216699,0.1211944384410345,0.9934600353000503,0.5828479576399395,107,2923,2
superseg,random,2,197,0.9889329718506793,0.02531645569620253,0.12751062603558821,0.12751062603558821,0.11835782724587565,0.9955126011574574,0.5789915171817592,74,2923,2
superseg,random,2,198,0.9930297877296989,0.012658227848101266,0.12022188603126577,0.12022188603126577,0.11482602118003027,0.9978263153471172,0.5733142424897342,37,2923,2
superseg,random,2,199,0.9993128177430466,0.00034211426616489907,0.11296016137165911,0.11296016137165911,0.11296016137165911,1.0,0.5683803400331389,1,2923,2
superseg,random,2,0,1.4735641223229123e-05,1.2056106739651042,0.60102486554609,0.6287942096565395,0.37642395426056546,0.7615725932329563,0.8545007564296521,3524,2923,3
superseg,random,2,1,0.007003686410846659,1.2028737598357853,0.6002900481698203,0.6280197697746867,0.3757395655277652,0.7618751650937732,0.8540910237014623,3516,2923,3
superseg,random,2,2,0.013842707973940533,1.199794731440301,0.6002774410089531,0.6280215707976676,0.37551803970109565,0.7622764930480512,0.8536056480080686,3507,2923,3
superseg,random,2,3,0.018559058095453145,1.1973999315771469,0.5994957970351759,0.6270958449854063,0.37437979317707004,0.7623605407871671,0.8534060346276685,3500,2923,3
superseg,random,2,4,0.023469264235131213,1.1950051317139925,0.5994417663457443,0.6269769774686569,0.37427533384416894,0.7629908988305358,0.8533429988233318,3493,2923,3
superseg,random,2,5,0.028715186997457533,1.1915839890523434,0.5987471718160514,0.6260836700700544,0.3736467768237814,0.7634731227337127,0.8529973524962178,3483,2923,3
superseg,random,2,6,0.03530249541415226,1.1881628463906946,0.5991776163085231,0.6269031355264335,0.37417447655722996,0.7644973044689384,0.8528586737266767,3473,2923,3
superseg,random,2,7,0.03975523266576201,1.1857680465275402,0.5988246158042366,0.6264636859190565,0.3739151292479583,0.7649637694210312,0.8526800722810557,3466,2923,3
superseg,random,2,8,0.04472657912622874,1.1843995894628807,0.5982861099329018,0.6256730368303742,0.3738809098113182,0.7654050200513891,0.8525561018658596,3462,2923,3
superseg,random,2,9,0.04937041839906771,1.1820047895997263,0.598021359554687,0.6254875314633257,0.37361976147906556,0.7659975566121557,0.8522955538746008,3455,2923,3
superseg,random,2,10,0.05564346847530521,1.1782415326719125,0.5973489776417604,0.6243898898210547,0.37282534661505917,0.7667098612011621,0.8521201042191965,3444,2923,3
superseg,random,2,11,0.061002828747361924,1.176530961341088,0.597370589917533,0.6242386038906462,0.37259841771944646,0.766902570660135,0.8518889729366279,3439,2923,3
superseg,random,2,12,0.06606479389955208,1.1737940472117687,0.597269732630594,0.6239360320298294,0.37254798907597697,0.7674969082438826,0.8517292822323079,3431,2923,3
superseg,random,2,13,0.07082875372796837,1.1703729045501197,0.5965961500356801,0.6238171645130799,0.37230304995055374,0.7685240916840766,0.8516788535888383,3421,2923,3
superseg,random,2,14,0.07552466040583826,1.1679781046869655,0.5964196497835369,0.6232948678485745,0.37178075328604826,0.7689023065100977,0.8514267103714909,3414,2923,3
superseg,random,2,15,0.07935716719673594,1.1655833048238111,0.59604863904944,0.6227725711840689,0.37115759933460385,0.7692805213361189,0.8511787695410993,3407,2923,3
superseg,random,2,16,0.08448789426606777,1.163188504960657,0.595814506061903,0.6223655399903509,0.37087663974955953,0.7697270249501718,0.8509896621280887,3400,2923,3
superseg,random,2,17,0.08947930338116215,1.159767362299008,0.5951769439266101,0.6210435891222578,0.3698500566503592,0.7701304540979276,0.850600941334678,3390,2923,3
superseg,random,2,18,0.09500086828586181,1.1583989052343482,0.5946870656757638,0.6207626295372135,0.3694574336404896,0.7702145018370434,0.8504013279542779,3386,2923,3
superseg,random,2,19,0.10004780514184566,1.156004105371194,0.594627631917389,0.6207998506788219,0.36960211581996755,0.7706893715630477,0.850380316019499,3379,2923,3
superseg,random,2,20,0.10666382711429578,1.1539514197742047,0.5943322641484963,0.6205873299670576,0.36944362579763484,0.7711180150325384,0.8502647503782149,3373,2923,3
superseg,random,2,21,0.11047965534461643,1.1515566199110503,0.5942530191373299,0.620432441990687,0.36913745189085584,0.7713809643877723,0.8499495713565304,3366,2923,3
superseg,random,2,22,0.1163572905189326,1.148819705781731,0.5939288350007403,0.6203369877726912,0.36884568616792524,0.7719062627572462,0.8496448983022357,3358,2923,3
superseg,random,2,23,0.121119055549913,1.146082791652412,0.592835614051241,0.6192977975126235,0.3682855680208177,0.7722991859376126,0.8495209278870398,3350,2923,3
superseg,random,2,24,0.12468439567223032,1.1433458775230927,0.5923565419382808,0.6185665821823159,0.36773085294265323,0.772610162572341,0.8490985879979828,3342,2923,3
superseg,random,2,25,0.12931019625661389,1.1416353061922682,0.5922772969271145,0.6183900819301726,0.3675039240470406,0.7729631630766274,0.8487939149436878,3337,2923,3
superseg,random,2,26,0.13641366255740514,1.1395826205952788,0.592428582857523,0.6178029484383494,0.3675561537134911,0.7734380328026318,0.8487687006219533,3331,2923,3
superseg,random,2,27,0.14052248541011306,1.1375299349982895,0.5913389639539857,0.616540431328631,0.3668357445210698,0.7736586581178109,0.84843250966549,3325,2923,3
superseg,random,2,28,0.14453935031012025,1.1344509066028052,0.5900530335455137,0.6150780006680158,0.36582717165167994,0.7742259803568426,0.847848377878635,3316,2923,3
superseg,random,2,29,0.1505235978955535,1.1323982210058159,0.5900530335455137,0.6149087045077968,0.36554621206663573,0.7746147011502533,0.8477118003025719,3310,2923,3
superseg,random,2,30,0.15464118648115852,1.128977078344167,0.5897756760064315,0.614335979199822,0.36569389595108204,0.7753774343827294,0.8474701630526139,3300,2923,3
superseg,random,2,31,0.15952662800415046,1.1269243927471775,0.5891459183040565,0.6135381260192153,0.364824602192227,0.7754824940566242,0.847127668515717,3294,2923,3
superseg,random,2,32,0.1631489717611919,1.1245295928840233,0.5880581004235005,0.6121333280939938,0.36456885692891744,0.7759395036380665,0.846822995461422,3287,2923,3
superseg,random,2,33,0.16894559837415896,1.1211084502223743,0.5869234559454369,0.6110058877078545,0.36446439759601634,0.7768406154695868,0.8465687510505967,3277,2923,3
superseg,random,2,34,0.17337477940331225,1.1170030790283956,0.5861958426610915,0.6101017741713657,0.36339819199123286,0.7777657409408544,0.8460224407463439,3265,2923,3
superseg,random,2,35,0.1773986275319071,1.1135819363667465,0.5851620554699669,0.6092084667727633,0.36268498689073575,0.7783918965972673,0.845759791561607,3255,2923,3
superseg,random,2,36,0.1821903909800616,1.1094765651727676,0.5839337577968886,0.6079873731916091,0.3619861899740871,0.7793941658862235,0.845495041183392,3243,2923,3
superseg,random,2,37,0.18643629036072318,1.105029079712624,0.5824929394120459,0.6071841169420594,0.3613234135170595,0.7803102862425859,0.8451504454530172,3230,2923,3
superseg,random,2,38,0.19066866216268877,1.101607937050975,0.5826946539859239,0.606967994184333,0.3609848211966215,0.7809868705424681,0.8448226592704656,3220,2923,3
superseg,random,2,39,0.1956624135347895,1.0998973657201505,0.5827576897902608,0.6067068458520803,0.360799315829573,0.7811885851163461,0.8447701294335181,3215,2923,3
superseg,random,2,40,0.19944941485013554,1.0957919945261718,0.5821787427665331,0.6062791847587612,0.3612037273535004,0.7821089078596644,0.8441618339216675,3203,2923,3
superseg,random,2,41,0.20445003407881798,1.0930550803968526,0.5819229975032235,0.6060306435873758,0.36059137953994236,0.782659120380376,0.8440252563456042,3195,2923,3
superseg,random,2,42,0.20806607236735014,1.0886075949367089,0.5809984723729495,0.6050376795838218,0.3601423244766664,0.7836760980236774,0.8436354849554546,3182,2923,3
superseg,random,2,43,0.2129647370957597,1.0855285665412249,0.5808687987183137,0.6049692407105417,0.3599370078568263,0.7846756657781621,0.8435052109598253,3173,2923,3
superseg,random,2,44,0.217371843089801,1.0821074238795758,0.5804869818463304,0.6042956581156279,0.3593282620892303,0.7854699169128065,0.8430954782316357,3163,2923,3
superseg,random,2,45,0.2219303220909511,1.078002052685597,0.5802852672724526,0.6036598970033161,0.35887080225204276,0.7861570071800783,0.8424966380904354,3151,2923,3
superseg,random,2,46,0.22663413051328452,1.0759493670886076,0.5797629706079471,0.6027413752829789,0.358168403289432,0.7864091503974259,0.8423054294839469,3145,2923,3
superseg,random,2,47,0.23205630680467654,1.0735545672254534,0.579662113321008,0.6028926612133874,0.35837011786331,0.7868209843190932,0.841979744494873,3138,2923,3
superseg,random,2,48,0.23805066229125685,1.0701334245638043,0.5778935087536138,0.6011996996111973,0.3574479940970107,0.7873639927478808,0.8415763153471172,3128,2923,3
superseg,random,2,49,0.2427509243546068,1.0667122819021553,0.5773892223189189,0.6006017599814877,0.3575344432001013,0.7880489818216747,0.8414124222558412,3118,2923,3
superseg,random,2,50,0.2471227901360282,1.0632911392405062,0.5760024346235079,0.5990961047693272,0.35722826929332224,0.789261970799414,0.841017397881997,3108,2923,3
superseg,random,2,51,0.2516230944682408,1.0588436537803627,0.5742410341480377,0.5974391636267582,0.35702295267348216,0.7903692997622651,0.8407463439233485,3095,2923,3
superseg,random,2,52,0.25566828991257806,1.0554225111187137,0.5731784305892164,0.5963045191486945,0.35626652302143985,0.7911593485099538,0.8404374684820979,3085,2923,3
superseg,random,2,53,0.2600652402695397,1.0506329113924051,0.5715611119522306,0.5948024659824963,0.3543934591211445,0.7919247832769013,0.8396576255313019,3071,2923,3
superseg,random,2,54,0.2646012166833636,1.0465275401984262,0.570120293567388,0.5927565038760197,0.353262416689043,0.7925299269985351,0.8392331844487669,3059,2923,3
superseg,random,2,55,0.271978468484332,1.044132740335272,0.5695907928109584,0.5920829212811058,0.352552813634508,0.7930468205940975,0.8388759815575245,3052,2923,3
superseg,random,2,56,0.27644217005232025,1.0393431406089635,0.567314299762907,0.5902602860242799,0.3510327502384991,0.7938116550200515,0.8384011118315202,3038,2923,3
superseg,random,2,57,0.28027311279815337,1.036948340745809,0.5671846261082711,0.5900405612205915,0.3505752904013116,0.794139441202603,0.8381489686141729,3031,2923,3
superseg,random,2,58,0.28353561624088985,1.03352719808416,0.565956328435193,0.5888122635475131,0.3501154292001493,0.7948034183416182,0.8377434382729391,3021,2923,3
superseg,random,2,59,0.2878084913560552,1.0301060554225112,0.5652044832052843,0.5878334894219917,0.34952633095598296,0.7950555615589654,0.8373021876425809,3011,2923,3
superseg,random,2,60,0.29216446882126235,1.0266849127608622,0.5649943638574946,0.5874552745959706,0.3494506879907788,0.7957489554066711,0.8369701990730735,3001,2923,3
superseg,random,2,61,0.2971227768667234,1.0229216558330483,0.5644864753768376,0.5869077636097303,0.3490832793026439,0.796635659054343,0.8364554066709889,2990,2923,3
superseg,random,2,62,0.3025751583608627,1.0191583989052344,0.5635409383117846,0.5857893283384963,0.34841870182263524,0.7973038385803137,0.8355981197320077,2979,2923,3
superseg,random,2,63,0.3060328618514979,1.017105713308245,0.5624819367989253,0.584730326825637,0.34723362870110225,0.7977072677280697,0.8352493216146771,2973,2923,3
superseg,random,2,64,0.31044271192892364,1.0123161135819363,0.5620911148120368,0.5842386475518094,0.34709314890858006,0.7988103943039646,0.8349614581082054,2959,2923,3
superseg,random,2,65,0.314681207518566,1.0088949709202875,0.5613815117575018,0.5828464567874553,0.34607016785534184,0.7992546466392911,0.8345832432821843,2949,2923,3
superseg,random,2,66,0.3201800535557187,1.0054738282586384,0.5594652233056612,0.5809805969790842,0.3447338088034003,0.7998660939413588,0.8339234685301252,2939,2923,3
superseg,random,2,67,0.32595295733532675,1.0020526855969893,0.5577974760252059,0.5790607064812814,0.3432425617750882,0.8001308443195735,0.8330913959128785,2929,2923,3
superseg,random,2,68,0.32955309467155075,0.996578857338351,0.5560829021472431,0.5768994789040175,0.34161083495425404,0.8013240220445212,0.8323980020651731,2913,2923,3
superseg,random,2,69,0.3348024554098375,0.9924734861443723,0.5553516868169356,0.5758062579545182,0.3414631510698076,0.8020279218596161,0.8320849242369668,2901,2923,3
superseg,random,2,70,0.34053131118218904,0.9856312008210742,0.5548077778766575,0.5750354201186274,0.3411713853468771,0.8036665526018778,0.8313474053262252,2881,2923,3
superseg,random,2,71,0.3452901140347963,0.9798152582962709,0.5538748479724719,0.5736864539058184,0.3402870830631799,0.8049425773839541,0.8302810496361933,2864,2923,3
superseg,random,2,72,0.34961603832939553,0.9757098871022921,0.5516884060734732,0.5712964964099608,0.3385779122541604,0.8053784249453689,0.8295361765482795,2852,2923,3
superseg,random,2,73,0.35806214563937727,0.9719466301744782,0.5514146505803531,0.5709254856758639,0.3386391470355162,0.806300848882165,0.8291936820113824,2841,2923,3
superseg,random,2,74,0.3615260946876201,0.9668149161820048,0.5499450158278136,0.568562543524722,0.3370974713637346,0.8070719868885528,0.8287209134788559,2826,2923,3
superseg,random,2,75,0.3672831475426361,0.9623674307218612,0.5481848160343311,0.5664817616406119,0.3353168599764666,0.8074928259251254,0.8282691568811085,2813,2923,3
superseg,random,2,76,0.3714716108716022,0.9575778309955525,0.5468196406146927,0.565267872151382,0.33443075666978844,0.8083984403140985,0.8272957039598492,2799,2923,3
superseg,random,2,77,0.3761072158511986,0.9531303455354089,0.5469367071084612,0.5654605816103547,0.3348377878635065,0.809652852820402,0.8270729774511922,2786,2923,3
superseg,random,2,78,0.37987253889080186,0.9490249743414301,0.5453734191609069,0.5636199361237183,0.3340057152462599,0.8107517770093412,0.8265770957904089,2774,2923,3
superseg,random,2,79,0.3842904782330034,0.9445774888812863,0.5437813148456558,0.5619341786134524,0.3325504886775688,0.8112884818576951,0.8261967797709099,2761,2923,3
superseg,random,2,80,0.38996174893038155,0.9384194320903182,0.5424413537477523,0.560466344883894,0.33063960329467135,0.8121478699901542,0.8257397701894675,2743,2923,3
superseg,random,2,81,0.3941829009098249,0.9346561751625043,0.5402909323083747,0.5577179838148068,0.33026138846865016,0.8126605611987608,0.8253405434286676,2732,2923,3
superseg,random,2,82,0.4007806005750259,0.9291823469038659,0.5378451431001043,0.5544203107364982,0.3285576207285738,0.8135577708138222,0.8245231791657661,2716,2923,3
superseg,random,2,83,0.406630397978965,0.9230242901128977,0.53729042802194,0.553427947073938,0.32906550920923083,0.8151696863818649,0.8245854645438608,2698,2923,3
superseg,random,2,84,0.4113993425128362,0.9182346903865891,0.5346933528832613,0.5511154335662657,0.32676740388540687,0.8156634668491702,0.8238164277309513,2684,2923,3
superseg,random,2,85,0.41696866348960554,0.9124187478617858,0.5326455897538037,0.548790312897726,0.32494476862858107,0.8169638054414907,0.8225368009029128,2667,2923,3
superseg,random,2,86,0.4219815752430319,0.9069449196031475,0.5327302378339132,0.5486462310592417,0.3244080637802272,0.8181824976586702,0.8220703359508201,2651,2923,3
superseg,random,2,87,0.4266042584072018,0.9024974341430038,0.5314575149273022,0.5470073001464831,0.32289520447614245,0.8187813377998703,0.8211752275292367,2638,2923,3
superseg,random,2,88,0.4315933971137752,0.8959972630858707,0.5290207308339372,0.5434538818048652,0.3206187114280912,0.8196659402540645,0.8201093220949499,2619,2923,3
superseg,random,2,89,0.4372703643507155,0.8912076633595621,0.5279221068154947,0.542232788223711,0.32028011910765314,0.8207867768892732,0.819485267632015,2605,2923,3
superseg,random,2,90,0.4408551423638545,0.8864180636332535,0.5254511032854897,0.539761784693706,0.31917068895132433,0.8219790541027304,0.8187393439473621,2591,2923,3
superseg,random,2,91,0.4453229499325468,0.8819705781731099,0.5245145713353421,0.5388252527435583,0.31784513603726916,0.8229597111159139,0.818157313353985,2578,2923,3
superseg,random,2,92,0.44972436495037216,0.8788915497776257,0.5236824987180955,0.5379931801263117,0.31726520663737,0.8233379259419351,0.8175248541171385,2569,2923,3
superseg,random,2,93,0.45539991282005404,0.8751282928498119,0.5238337846485038,0.5376924092884758,0.3173804721081574,0.8241153675287564,0.8171550440650289,2558,2923,3
superseg,random,2,94,0.46061247062974026,0.8717071501881628,0.5227955478711909,0.5361615397545806,0.3170382777417573,0.8246249069471461,0.816763771822395,2548,2923,3
superseg,random,2,95,0.46490298387636286,0.8658912076633596,0.520634320293927,0.5334455970991523,0.3155362245755589,0.8258856230338834,0.8154826441418725,2531,2923,3
superseg,random,2,96,0.47084104887016237,0.8600752651385563,0.5196725740220445,0.5314032370386379,0.3137712220541267,0.8268910441130561,0.81437831688399,2514,2923,3
superseg,random,2,97,0.4756191924289807,0.8559698939445775,0.5201096222654468,0.5317394279951012,0.31395612708018156,0.8278344799846312,0.8141429832144657,2502,2923,3
superseg,random,2,98,0.48069824043864817,0.850838179952104,0.5194504478543813,0.5310118147107556,0.31346985087529716,0.8290909936844126,0.813418071464592,2487,2923,3
superseg,random,2,99,0.4864639860744946,0.8450222374273008,0.5180888744807051,0.5291711692241193,0.3120578488581514,0.8301836142929184,0.812773005066878,2470,2923,3
superseg,random,2,100,0.49121891947600743,0.840916866233322,0.517375669380208,0.5277015344715799,0.3109664289316332,0.8305702338928512,0.8120754088322167,2458,2923,3
superseg,random,2,101,0.4967282911577376,0.8351009237085186,0.5151502053166199,0.5251050596738948,0.30882501260716083,0.8313662860504767,0.81101805825709,2441,2923,3
superseg,random,2,102,0.5017603495101259,0.8299692097160452,0.5135076723578993,0.5228735922003699,0.3074634392334846,0.8323745587493696,0.8104213193093677,2426,2923,3
superseg,random,2,103,0.5073129674588135,0.8231269243927472,0.509340105179742,0.5184610858967894,0.3042360060514372,0.8330805597579425,0.8087319597531397,2406,2923,3
superseg,random,2,104,0.511627742865731,0.8183373246664386,0.5071932857863266,0.516314266503374,0.3031878106764642,0.8341341582018584,0.8077486012054848,2392,2923,3
superseg,random,2,105,0.5165327104788343,0.8135477249401301,0.5048303436351849,0.5136991811348846,0.30221165622073337,0.8350082546886634,0.8068438873280024,2378,2923,3
superseg,random,2,106,0.522434177021719,0.8097844680123161,0.5040811180750666,0.5128058737362823,0.3017866147972048,0.8358097099152318,0.8066064524650001,2367,2923,3
superseg,random,2,107,0.5287192618683555,0.8056790968183373,0.5042540162812478,0.5126005571164421,0.30184784957856065,0.8364253596042553,0.8062124786878947,2355,2923,3
superseg,random,2,108,0.5343790427674013,0.7991789257612042,0.5031734024926158,0.5116964435799535,0.30163893091275845,0.8377795788007589,0.8053488881684797,2336,2923,3
superseg,random,2,109,0.5384738390439512,0.7926787547040711,0.5024457892082703,0.5107419013999952,0.30027015344715796,0.8392514648320245,0.8043418161515742,2317,2923,3
superseg,random,2,110,0.5443415143917048,0.7878891549777626,0.5020243498307038,0.5102448190572245,0.3010121749153519,0.8404092224383449,0.8036295115625677,2303,2923,3
superseg,random,2,111,0.5492267516663578,0.7834416695176188,0.5008698940998487,0.5089462814878851,0.3012282976730783,0.8418899634992677,0.8027350034819778,2290,2923,3
superseg,random,2,112,0.5533075127094026,0.776257269928156,0.49749177532838645,0.5053700501885071,0.2989800206517302,0.8428922327882237,0.8013019895300529,2269,2923,3
superseg,random,2,113,0.5590864595938578,0.7690728703386931,0.49352412170112625,0.5008044569315371,0.29676116033907257,0.8443195435007084,0.8001988629541581,2248,2923,3
superseg,random,2,114,0.5636563544496679,0.762914813547725,0.4915682107437024,0.4982253920226688,0.29617762889321136,0.8456075751026583,0.7992249597771532,2230,2923,3
superseg,random,2,115,0.5692634551328575,0.7553882996920972,0.48818408856230333,0.4944630550152487,0.29385070720169054,0.8466886391470354,0.7973173762697213,2208,2923,3
superseg,random,2,116,0.5760922305234656,0.7509408142319535,0.48812285378094755,0.49462874912950544,0.2937642580986,0.8476551881468674,0.7968446077371948,2195,2923,3
superseg,random,2,117,0.5799790883430984,0.7444406431748204,0.48608049372043316,0.4923174363038206,0.2925623754292438,0.8487194426434213,0.7957838052013544,2176,2923,3
superseg,random,2,118,0.5850987592414482,0.7410195005131714,0.4843983382561295,0.49063528083951674,0.290844199505319,0.8491564908868237,0.7948004466536992,2166,2923,3
superseg,random,2,119,0.5907601967031911,0.7352035579883681,0.48181567130129915,0.48790853204620227,0.2895942895564681,0.8501155356242345,0.7929950712004419,2149,2923,3
superseg,random,2,120,0.5960140711527487,0.7293876154635648,0.4783108805801696,0.48417681242945987,0.28692157145258507,0.8512249657805635,0.7916851271522223,2132,2923,3
superseg,random,2,121,0.6007583164001117,0.7235716729387616,0.47684124582763016,0.48255949379247404,0.286478519799246,0.8524793782868669,0.7910988941718896,2115,2923,3
superseg,random,2,122,0.6052548928278633,0.7174136161477933,0.4725548111327234,0.4784243450279759,0.2839823019475062,0.8535086629205388,0.7900136277405567,2097,2923,3
superseg,random,2,123,0.6114841959951859,0.7109134450906602,0.4694930720649329,0.4751897077540043,0.2823325648968614,0.8544737110678865,0.7886391470355163,2078,2923,3
superseg,random,2,124,0.6175863414783634,0.705097502565857,0.46688879283433,0.47275652570660137,0.2818426866460149,0.8556374720841436,0.7879241409120379,2061,2923,3
superseg,random,2,125,0.6215725362979955,0.6985973315087239,0.4647617846937061,0.47073757894484064,0.2801407199289196,0.8568698220589295,0.7866970439209471,2042,2923,3
superseg,random,2,126,0.6271661739674915,0.6924392747177557,0.46356650577528036,0.4696179429916192,0.2795649929159763,0.8577733352544245,0.7856278366111951,2024,2923,3
superseg,random,2,127,0.6327151569819768,0.684570646595963,0.4605371851211488,0.4660627236270201,0.27797649064668734,0.8598198977018946,0.7837349614581082,2001,2923,3
superseg,random,2,128,0.6385060906226209,0.6787547040711598,0.45630117906971157,0.4615997886799702,0.27532898686453905,0.8609212232548088,0.7822710299450089,1984,2923,3
superseg,random,2,129,0.6439648008325294,0.6715703044816969,0.45413274740052345,0.45870014168047457,0.27374048459525013,0.862381552721946,0.7814488629541579,1963,2923,3
superseg,random,2,130,0.6497166211288368,0.664385904892234,0.45183824412266166,0.45640563840261267,0.27164769589126625,0.8635591215810579,0.7796907643541532,1942,2923,3
superseg,random,2,131,0.6542764732222557,0.6568593910366062,0.4499939965900631,0.45486756477679313,0.2710677664913671,0.865271294095046,0.7785369089642918,1920,2923,3
superseg,random,2,132,0.6575779707772053,0.6496749914471434,0.4483286506735826,0.45300890906034624,0.26928475374012434,0.8665467185361286,0.7768940758350742,1899,2923,3
superseg,random,2,133,0.662470546454617,0.6414642490591858,0.44730927166630646,0.4517626011574574,0.2679628028720313,0.8677709639074996,0.7750477271089978,1875,2923,3
superseg,random,2,134,0.6672264945871547,0.6335956209373931,0.4438008788992147,0.4482542083903657,0.2653873400091252,0.869348960209399,0.7730275796652499,1852,2923,3
superseg,random,2,135,0.672319561532319,0.6247006500171057,0.4392947194006195,0.44352111999615773,0.2628514996518022,0.8715447073937996,0.7712838892490935,1826,2923,3
superseg,random,2,136,0.6777937239486235,0.617174136161478,0.43613212304589,0.4403873400091251,0.26244086641212205,0.8733829515164614,0.7702534039334342,1804,2923,3
superseg,random,2,137,0.6835100083272129,0.6096476223058501,0.4329983430588574,0.43750570323944,0.2607587109478184,0.8749060166174387,0.769241529188579,1782,2923,3
superseg,random,2,138,0.6871570729153027,0.6010947656517277,0.42871551040991285,0.43332372787743434,0.25715486396273085,0.8761140527819802,0.7674991895396586,1757,2923,3
superseg,random,2,139,0.6935791783925429,0.5921997947314404,0.42500900511490525,0.4293470691352688,0.25742861945585094,0.8783128016713493,0.7651344463655357,1731,2923,3
superseg,random,2,140,0.6996294056901222,0.5846732808758125,0.42165550032418414,0.4262457075618951,0.2547559013519679,0.8796869822058929,0.7630605684028529,1709,2923,3
superseg,random,2,141,0.7054392928669382,0.5774888812863497,0.4206145090411354,0.4247256441658862,0.2555447494176692,0.8813898494344788,0.7617651826237302,1688,2923,3
superseg,random,2,142,0.7092772207329837,0.5703044816968867,0.41572293062459487,0.42031313786230584,0.2531241745311337,0.8828039526451024,0.7597135172778138,1667,2923,3
superseg,random,2,143,0.715264262056723,0.5617516250427643,0.41157697572221025,0.41576735585812735,0.2500660375093053,0.8842687846696926,0.7578521600268953,1642,2923,3
superseg,random,2,144,0.7186718436496535,0.5542251111871365,0.40678985663857076,0.41120716567010057,0.24720601301539272,0.8854406502893645,0.7553523401291934,1620,2923,3
superseg,random,2,145,0.7241818527035198,0.5463564830653438,0.40218283985303654,0.40683067982614124,0.2447962442667435,0.8873863554498955,0.7533637105876138,1597,2923,3
superseg,random,2,146,0.7288241148234128,0.5374615121450564,0.39747136373460124,0.4025730614989314,0.2427718944360397,0.8890210839756982,0.7508930072281056,1571,2923,3
superseg,random,2,147,0.7344042196551203,0.528908655490934,0.3936892154743894,0.3983622697692289,0.24017481929736087,0.8904950712004417,0.7484048939797805,1546,2923,3
superseg,random,2,148,0.7391486654766659,0.5213821416353062,0.3916144370002161,0.395862449871527,0.2381936940182023,0.8919848173762698,0.7462322599236366,1524,2923,3
superseg,random,2,149,0.7428466867837447,0.5128292849811837,0.38747568618975575,0.3917236990610667,0.2358451600509089,0.8937651285930408,0.7438810244218715,1499,2923,3
superseg,random,2,150,0.7479407994069869,0.5049606568593911,0.3841437936748073,0.3883918065461182,0.23541291453545612,0.8957812237350817,0.742708558461206,1476,2923,3
superseg,random,2,151,0.7529664650858819,0.49640780020526853,0.37837691808947477,0.38248084912230146,0.23287347213217108,0.8974972984655284,0.7399066169584324,1451,2923,3
superseg,random,2,152,0.7575494055295917,0.488197057817311,0.37286218572148977,0.37696611675431646,0.22811516941622845,0.8985519475061836,0.7375688891290253,1427,2923,3
superseg,random,2,153,0.7614918521661217,0.4803284296955183,0.37051965516413327,0.3742033475013808,0.22648704464135627,0.9000753127776576,0.7350096354729487,1404,2923,3
superseg,random,2,154,0.7658697875675917,0.47314403010605544,0.36870062195326947,0.37263645750786445,0.22463199097087141,0.9013507372187404,0.7329897881996975,1383,2923,3
superseg,random,2,155,0.7716810585193153,0.46253848785494356,0.3623598203779747,0.36612756045433803,0.22039238287347213,0.9033027459597052,0.730608835818745,1352,2923,3
superseg,random,2,156,0.7763110450416135,0.45432774546698595,0.35777141416324476,0.3611393271378142,0.21684136589582884,0.904349140311697,0.7284650181302981,1328,2923,3
superseg,random,2,157,0.7830018009102094,0.4464591173451933,0.35477090987681004,0.35813882285137955,0.21658922267848135,0.9061585680666618,0.7265745443411857,1305,2923,3
superseg,random,2,158,0.7876452677287819,0.43824837495723573,0.35078704704272023,0.3535318060658454,0.21535011886751673,0.9080346336719257,0.7245781103666883,1281,2923,3
superseg,random,2,159,0.7934064354139576,0.4293534040369483,0.34445465024133703,0.34694726604711473,0.21189215474389453,0.909455040462983,0.7216934718920347,1255,2923,3
superseg,random,2,160,0.7988058759255408,0.41943209031816625,0.3398332252719545,0.3423258410777322,0.2102099992795908,0.9116844067430301,0.7187749141512378,1226,2923,3
superseg,random,2,161,0.8041474570463898,0.4112213479302087,0.3387994380808299,0.3411407679561991,0.21031085656652976,0.913941838964532,0.7164413887087866,1202,2923,3
superseg,random,2,162,0.8094703327339979,0.4026684912760862,0.33481557524674016,0.3369299762264967,0.20700778041927814,0.9155825709002713,0.7139268604567395,1177,2923,3
superseg,random,2,163,0.8155720248107752,0.3937735203557988,0.33035264029969025,0.33201318348822134,0.20620092212376634,0.9173568787071056,0.7117839432797829,1151,2923,3
superseg,random,2,164,0.8205181743078614,0.3855627779678413,0.3261382465240257,0.32779878971255677,0.20563179886175345,0.9190954662248157,0.7092291921811589,1127,2923,3
superseg,random,2,165,0.8251393928106944,0.3749572357167294,0.3226586701246308,0.3244957135653051,0.20404329659246448,0.9208330031457866,0.7057805333429388,1096,2923,3
superseg,random,2,166,0.8307292889719866,0.3646938077317824,0.31751494849074274,0.3189737771053958,0.200135076723579,0.9226442319237327,0.7021130502125207,1066,2923,3
superseg,random,2,167,0.8368846432913378,0.35443037974683544,0.3121947266047114,0.31350226928895614,0.19814314530653412,0.9249198244602934,0.6988775124270586,1036,2923,3
superseg,random,2,168,0.8420496858042598,0.3448511802942183,0.30477090987681,0.3064818817088106,0.19295259707513868,0.9261299618183129,0.6957392298825733,1008,2923,3
superseg,random,2,169,0.8474562471580669,0.3342456380431064,0.30040523017073695,0.3021162020027376,0.19213133059577842,0.928492303628461,0.6932658249885936,977,2923,3
superseg,random,2,170,0.854520946303333,0.3246664385904892,0.29355413875081043,0.2955964988113248,0.1869623946401556,0.9298688855269793,0.6897187102274092,949,2923,3
superseg,random,2,171,0.8599228920767843,0.31371878207321247,0.28883545854045095,0.2901466032706577,0.18456343202939268,0.932602087985976,0.6867879955814903,917,2923,3
superseg,random,2,172,0.865609786863823,0.30277112555593566,0.2869191700886103,0.28792414091203805,0.18621316908003746,0.9357775916720695,0.6846402756765843,885,2923,3
superseg,random,2,173,0.8710953059745824,0.2921655833048238,0.28087853901015775,0.28142965204236003,0.1842824724443484,0.9382362882117042,0.681513399610979,854,2923,3
superseg,random,2,174,0.8765399364874239,0.28156004105371196,0.2706667387075859,0.2712178517397882,0.17896225055831713,0.9403080649809091,0.6778873400091252,823,2923,3
superseg,random,2,175,0.8810142230582227,0.27061238453643516,0.26556263957928106,0.2658868237158706,0.17579965420358762,0.9426936700045625,0.6737574442283216,791,2923,3
superseg,random,2,176,0.8859898109452871,0.2603489565514882,0.26614256897918015,0.26646675311576973,0.17804372883797998,0.9459754340465385,0.6714296220253103,761,2923,3
superseg,random,2,177,0.8906248173862163,0.24905918576804653,0.2606494488869678,0.26097363302355736,0.17686225776240905,0.948276721177629,0.6673653134980669,728,2923,3
superseg,random,2,178,0.8944837578680976,0.23879575778309955,0.2542197968446077,0.2543170520855846,0.1737608961890354,0.9501089618903538,0.6636810208198257,698,2923,3
superseg,random,2,179,0.8995619557686967,0.22853232979815258,0.2510968229954614,0.2505673222390317,0.17240652690728334,0.952088136061283,0.6601819333381361,668,2923,3
superseg,random,2,180,0.9046608662742813,0.2179267875470407,0.24243030041063324,0.24212772854981632,0.16730963187090267,0.953589438801239,0.657167020867853,637,2923,3
superseg,random,2,181,0.9110541899869075,0.20800547382825862,0.23458864635112742,0.2342860744903105,0.1638804841149773,0.9554868165117787,0.6534416048315442,608,2923,3
superseg,random,2,182,0.9162814842621259,0.19774204584331168,0.2274529933001945,0.22720085008284704,0.16221633888048412,0.9584439461614197,0.6501184172610042,578,2923,3
superseg,random,2,183,0.9203422242700139,0.1874786178583647,0.2217905770477631,0.2215384338304157,0.15966969238527481,0.96078707705977,0.6465136697644261,548,2923,3
superseg,random,2,184,0.925609874472986,0.17687307560725282,0.21604171169224118,0.21578956847489372,0.1578038325769037,0.9629402000336192,0.6425394123862354,517,2923,3
superseg,random,2,185,0.9289367996184372,0.16558330482381114,0.2131636769685181,0.21291153375117067,0.15795151646135006,0.9659803268256371,0.6386792197968445,484,2923,3
superseg,random,2,186,0.9333299116276187,0.1532671912418748,0.20602802391758518,0.20577588070023772,0.15222786542756286,0.9681742729870567,0.6336330535744302,448,2923,3
superseg,random,2,187,0.9390100725711936,0.14300376325692782,0.1988923708666523,0.1986402276493048,0.14695807218500107,0.9694097747520593,0.6294831964555867,418,2923,3
superseg,random,2,188,0.946719823523491,0.13137187820732124,0.1929255817304229,0.19267343851307545,0.1451156256753836,0.9720908976298538,0.6245700057632735,384,2923,3
superseg,random,2,189,0.9514389739085383,0.11973999315771468,0.1882717383473813,0.18801959513003383,0.1436135725091852,0.9746184832985134,0.6207959621064765,350,2923,3
superseg,random,2,190,0.9562868388084498,0.10810810810810811,0.17866508176644333,0.17841293854909585,0.1395540667098912,0.9771567250198112,0.6154364178853589,316,2923,3
superseg,random,2,191,0.9605401131891046,0.09681833732466644,0.17142857142857143,0.17117642821122395,0.1362509905626396,0.9793635785125951,0.609843341017698,283,2923,3
superseg,random,2,192,0.9660821771372397,0.08416010947656517,0.1651934298681651,0.16494128665081767,0.13496145810820545,0.981973861153135,0.6046705028456162,246,2923,3
superseg,random,2,193,0.9712835567342787,0.0738966814916182,0.1609574238167279,0.16070528059938044,0.13380159930840718,0.9847534399538939,0.600647918017434,216,2923,3
superseg,random,2,194,0.9749606814831074,0.06192268217584673,0.1531157697572221,0.1531157697572221,0.1312549528131979,0.9874972984655284,0.5952025250342194,181,2923,3
superseg,random,2,195,0.9791879797414205,0.04960656859391037,0.14387291981845687,0.14387291981845687,0.1269793242561775,0.9897643361429291,0.5902064872847778,145,2923,3
superseg,random,2,196,0.983796430164546,0.0369483407458091,0.1347705496722138,0.1347705496722138,0.12385274836106908,0.992285468145907,0.5848505451096223,108,2923,3
superseg,random,2,197,0.9881123754556235,0.02497434143003763,0.125542107917297,0.125542107917297,0.11888552697932425,0.9948990526619119,0.579498955406671,73,2923,3
superseg,random,2,198,0.9933198340016121,0.012658227848101266,0.11916288451840643,0.11916288451840643,0.11512859304084719,0.9969727805393463,0.573643829695267,37,2923,3
superseg,random,2,199,0.9998198793041745,0.00034211426616489907,0.1130105900151286,0.1130105900151286,0.1130105900151286,1.0,0.5683046970679345,1,2923,3
superseg,random,2,0,0.00023534774396072322,1.2192952446117002,0.6039273189757227,0.6357077365398092,0.38210498108380103,0.7642510746103787,0.8574928559421751,3564,2923,4
superseg,random,2,1,0.0065995397619168185,1.217242559014711,0.6033690018515963,0.6352754910243564,0.3815466639596745,0.7646040751146652,0.857274331820474,3558,2923,4
superseg,random,2,2,0.01173289812322544,1.2155319876838864,0.6031132565882867,0.6351458173697205,0.3814422046267735,0.7650588334173811,0.8572218019835265,3553,2923,4
superseg,random,2,3,0.017374426467800345,1.2131371878207322,0.6027638581299624,0.6346235207052151,0.38099915297343434,0.7653445957303747,0.8568688014792402,3546,2923,4
superseg,random,2,4,0.021321004152310096,1.2107423879575778,0.602616527387277,0.6342417038332319,0.38131973506406186,0.7658425785846361,0.8568068162716423,3539,2923,4
superseg,random,2,5,0.026546031117929924,1.2093739308929183,0.6022383125612558,0.6338634890072107,0.3809415202380407,0.7662207934106573,0.8567227685325265,3535,2923,4
superseg,random,2,6,0.03153632035546208,1.2080054738282586,0.6020942307227716,0.633946336064339,0.3808982956864954,0.766580998006868,0.8566807446629685,3531,2923,4
superseg,random,2,7,0.03684970077828574,1.2059527882312693,0.6019177304706284,0.6338526828693243,0.380682172928769,0.7669108853828975,0.8565441670869053,3525,2923,4
superseg,random,2,8,0.041291057132841605,1.2028737598357853,0.601521611357325,0.6329791867235135,0.38005781829533725,0.767220811420887,0.8562647083543451,3516,2923,4
superseg,random,2,9,0.04484818969576332,1.2015053027711255,0.6006895387400782,0.6321471141062669,0.37922574567809064,0.7673048591600028,0.8559705412674398,3512,2923,4
superseg,random,2,10,0.04948085815755448,1.199794731440301,0.6007651817052826,0.6323740430018796,0.37912488839115155,0.7676179369882093,0.8557604219196503,3507,2923,4
superseg,random,2,11,0.0546453734078146,1.1973999315771469,0.6002699003854929,0.6315869959591592,0.3790834648625874,0.7679667351055399,0.8554221297697092,3500,2923,4
superseg,random,2,12,0.05996826808706205,1.1929524461170031,0.5992271080794631,0.629942061636464,0.377141962089012,0.7682188783228875,0.8545858547655066,3487,2923,4
superseg,random,2,13,0.06396823621690695,1.1891891891891893,0.598186717137408,0.6284165951715119,0.3756813324513778,0.7684300482674159,0.8541383005547151,3476,2923,4
superseg,random,2,14,0.07087417510531394,1.1871365035921997,0.5980822578045069,0.628049186483377,0.3752965138744261,0.768669584323896,0.8539449907547487,3470,2923,4
superseg,random,2,15,0.07479232958057133,1.1847417037290455,0.597477114082873,0.6272171138661305,0.37459051286585326,0.7688797036716856,0.8536928475374014,3463,2923,4
superseg,random,2,16,0.0782333665192401,1.1826890181320562,0.5971457258543592,0.6266876131097009,0.3741618693963626,0.7693344619744015,0.8534827281896118,3457,2923,4
superseg,random,2,17,0.08284986459334238,1.1792678754704071,0.5968503580854665,0.6261256939396123,0.373871904696413,0.7700047426938501,0.8533703143385443,3447,2923,4
superseg,random,2,18,0.08792772422156872,1.176530961341088,0.5967495007985275,0.6257925046881174,0.3737134146740803,0.7706233340537425,0.8533303916624642,3439,2923,4
superseg,random,2,19,0.0933111392580028,1.1717413616147794,0.5962380102719084,0.6250432791279992,0.37381066991505724,0.7714701150253345,0.8527777777777779,3425,2923,4
superseg,random,2,20,0.09870419491825823,1.1679781046869655,0.5949520798634363,0.6234547768587103,0.37277688272393267,0.7720479432317556,0.8522104555387461,3414,2923,4
superseg,random,2,21,0.10303627478231574,1.166267533356141,0.5942136604412045,0.6225434592302973,0.37267242339103157,0.7723883365751747,0.8521684316691881,3409,2923,4
superseg,random,2,22,0.10807194473511308,1.163188504960657,0.5940785837176256,0.6220373717726214,0.3727624745400842,0.7729871767163748,0.8519835266431334,3400,2923,4
superseg,random,2,23,0.11349963399186731,1.1607937050975026,0.5937940220866191,0.6218860858422129,0.3723086167488588,0.7734914631510699,0.8517418893931753,3393,2923,4
superseg,random,2,24,0.11686263133222939,1.1573725624358535,0.594294706475352,0.6228442300681332,0.37291376047049274,0.7745588694378407,0.8515527819801647,3383,2923,4
superseg,random,2,25,0.12198669807234767,1.1549777625726994,0.5943415330728593,0.622835224953228,0.37247431086311567,0.7750127272290661,0.8513426626323751,3376,2923,4
superseg,random,2,26,0.12810488097756137,1.1518987341772151,0.5942226655561098,0.622874847458811,0.37248151495503995,0.7760023893571549,0.8513888888888889,3367,2923,4
superseg,random,2,27,0.13280951069880662,1.1477933629832364,0.5936887152134916,0.6216609579695812,0.3723086167488588,0.7767273011070288,0.851124138510674,3355,2923,4
superseg,random,2,28,0.13712425977859835,1.1436879917892575,0.5935374292830833,0.6215492945447559,0.372416678127722,0.7776254112335806,0.8509770549672213,3343,2923,4
superseg,random,2,29,0.14310778915253636,1.142319534724598,0.5936202763402116,0.6216321416018844,0.37232662697866936,0.7778271258074586,0.8507984535216002,3339,2923,4
superseg,random,2,30,0.1474060608896371,1.139240506329114,0.5926036518386713,0.6207832594368146,0.37116196545092156,0.7780666618639388,0.8504895780803496,3330,2923,4
superseg,random,2,31,0.1530222616140895,1.1330824495381457,0.5908854759147465,0.6186176111667792,0.3696003147969865,0.7789575678985663,0.8497741217011263,3312,2923,4
superseg,random,2,32,0.15926012291325511,1.1313718782073212,0.5897760457584177,0.6175333953321851,0.36881867082320935,0.7792097111159139,0.849259329299042,3307,2923,4
superseg,random,2,33,0.16369815156354617,1.128634964078002,0.5900786176192346,0.6178665845836798,0.3689717577765989,0.7799103090555435,0.8491353588838461,3299,2923,4
superseg,random,2,34,0.1684805016380172,1.1258980499486828,0.5899705562403714,0.6178161559402104,0.36869440023751676,0.7805616790336912,0.8489357455034459,3291,2923,4
superseg,random,2,35,0.17407660976859288,1.122476907287034,0.5889833607307132,0.6166004654279995,0.3677872849960596,0.7808800098455924,0.848537569339385,3281,2923,4
superseg,random,2,36,0.17799653632848061,1.1170030790283956,0.5877574644216096,0.6149921519059189,0.3670524676197898,0.7818108385563,0.8479849554546982,3265,2923,4
superseg,random,2,37,0.18199214168446215,1.1139240506329113,0.5870226470453399,0.615265907399039,0.3666454364260718,0.7826513159474583,0.8477979492351655,3256,2923,4
superseg,random,2,38,0.18617898412653908,1.1105029079712625,0.587498117112338,0.6153991830996369,0.3666586439279329,0.783161305621593,0.847430240376534,3246,2923,4
superseg,random,2,39,0.19061036935798836,1.1074238795757783,0.5874044639173231,0.6155522700530265,0.3666406336981224,0.7840330007444228,0.8472001596907044,3237,2923,4
superseg,random,2,40,0.1946509146038457,1.1040027369141294,0.5861401457846238,0.6142807478284029,0.3651854071294313,0.7847453053334293,0.846905992603799,3227,2923,4
superseg,random,2,41,0.20072485948381288,1.1002394799863153,0.5860572987274953,0.6135027059005879,0.36452263067240376,0.7853567526354969,0.8463449739452009,3216,2923,4
superseg,random,2,42,0.20475828862058243,1.0971604515908313,0.584871024923975,0.6120798977455558,0.3628764956677211,0.7855908856230339,0.8458932173474533,3207,2923,4
superseg,random,2,43,0.20894712552381106,1.0930550803968526,0.5843127077998486,0.6119430199989958,0.36259193403671464,0.7867465420358764,0.8456410741301059,3195,2923,4
superseg,random,2,44,0.21272692027901638,1.0899760520013684,0.5846116776147033,0.6119178056772611,0.36307100614967486,0.7877362041639652,0.8456200621953269,3186,2923,4
superseg,random,2,45,0.2168736596850408,1.0855285665412249,0.5830988183106186,0.610156405201791,0.3626459647261463,0.7886069987753045,0.8451609514204067,3173,2923,4
superseg,random,2,46,0.22414617849551677,1.0821074238795758,0.5826251492666016,0.6094630113540854,0.36228395910695455,0.7893266575414836,0.8447848377878634,3163,2923,4
superseg,random,2,47,0.22906861552471286,1.078002052685597,0.5817390459599234,0.6087642144374368,0.3615491417306848,0.7904739091804145,0.8442175155488316,3151,2923,4
superseg,random,2,48,0.23467252069323105,1.074580910023948,0.5821604853374899,0.60914603130942,0.362161489544243,0.7913059817976611,0.8440221045553875,3141,2923,4
superseg,random,2,49,0.24160300481476368,1.0697913102976395,0.5809141774346009,0.6079573561419249,0.36102324302021727,0.7919426434214635,0.8435840057152463,3127,2923,4
superseg,random,2,50,0.24622228080224678,1.0656859391036606,0.5804531155514514,0.607654784281108,0.3607963141246046,0.7928839780995606,0.8431931837283576,3115,2923,4
superseg,random,2,51,0.252320926081503,1.0612384536435169,0.5794433420000742,0.6063760579645603,0.36019597313092017,0.793656166702687,0.842866448142545,3102,2923,4
superseg,random,2,52,0.2569809023676994,1.0581594252480329,0.5784347691306845,0.6055187710255789,0.35885961407897865,0.7940722030113104,0.8422886199361237,3093,2923,4
superseg,random,2,53,0.26152855770774946,1.0537119397878891,0.5779268806500274,0.6047587393275745,0.35809958238097417,0.7948387183920468,0.8419545301731384,3080,2923,4
superseg,random,2,54,0.26657567829069456,1.0530277112555593,0.5779689045195853,0.6046326677189008,0.35784743916362677,0.7948859952452993,0.841859976466633,3078,2923,4
superseg,random,2,55,0.2721169093845669,1.05029079712624,0.5778392308649495,0.6043553101798185,0.3577970105201572,0.795516353288668,0.8415384938645151,3070,2923,4
superseg,random,2,56,0.2757497722311534,1.047211768730756,0.5773313423842924,0.6036312989414352,0.3571630504308265,0.7963505270993925,0.8413767019667171,3061,2923,4
superseg,random,2,57,0.2800058725686425,1.044132740335272,0.5764404363496648,0.6024372207049967,0.35678843765076745,0.7969261040270875,0.8408913262733232,3052,2923,4
superseg,random,2,58,0.28608957456653944,1.0396852548751283,0.5743602548065483,0.600315615633316,0.3555781502074997,0.797556462070456,0.8401201882669357,3039,2923,4
superseg,random,2,59,0.2915249396176759,1.0348956551488198,0.5745535646065146,0.6003714473457288,0.3551314965081985,0.7985597819561512,0.8397948034483586,3025,2923,4
superseg,random,2,60,0.2970454342317932,1.0314745124871707,0.5729140333527626,0.5986220536901323,0.35355440071778954,0.7986858535648249,0.8390646387147901,3015,2923,4
superseg,random,2,61,0.303893312175282,1.0277112555593568,0.5717181540933433,0.5971091943860477,0.3520703577814016,0.7990208438393008,0.8383743966573013,3004,2923,4
superseg,random,2,62,0.30924532415978523,1.0246322271638728,0.5706591525804838,0.5956719780471671,0.351137427877216,0.7996007732392,0.8379058305117307,2995,2923,4
superseg,random,2,63,0.3155105980451915,1.019842627437564,0.5689986093919528,0.5937845059630233,0.3500820284103189,0.8002962682803831,0.8371021240064357,2981,2923,4
superseg,random,2,64,0.3216325790082149,1.0147109134450907,0.5672588211922553,0.5919402584304247,0.3488069041397332,0.8013825853084552,0.8361775988761618,2966,2923,4
superseg,random,2,65,0.3272450277730294,1.0106055422511118,0.5671741731121459,0.5915170180298773,0.34814953075164873,0.801845898470331,0.8355293806882308,2954,2923,4
superseg,random,2,66,0.3321514374155929,1.006500171057133,0.5657765792788485,0.5900761996450348,0.34713735583629685,0.8026023281223735,0.8349914751578895,2942,2923,4
superseg,random,2,67,0.33684132738111017,1.003079028395484,0.565081384408162,0.5888515040179185,0.34609276250728593,0.8032747100353002,0.834552926062003,2932,2923,4
superseg,random,2,68,0.34187504138766683,0.9972630858706808,0.5639107194704773,0.5875655736094465,0.3457289558651132,0.8042862846096585,0.8340822587229546,2915,2923,4
superseg,random,2,69,0.34610627772520364,0.993157714676702,0.5629189561489107,0.586632643705261,0.3447708116391929,0.8053376317748481,0.8335107340969672,2903,2923,4
superseg,random,2,70,0.3517975183360352,0.9883681149503935,0.5624638976756979,0.5858491987085027,0.3444916530771296,0.8063703683692337,0.8331062543524723,2889,2923,4
superseg,random,2,71,0.3570536706231729,0.9846048580225796,0.5614649302622071,0.5845920846677276,0.34412064234303263,0.8069639555267393,0.8326986228177603,2878,2923,4
superseg,random,2,72,0.36201014963112926,0.9818679438932604,0.5601465814400761,0.5829999803524766,0.3432345390363545,0.8073520759791563,0.8320955802896045,2870,2923,4
superseg,random,2,73,0.3670771483826086,0.9781046869654465,0.5600169077854402,0.5828865159046703,0.3432741615419377,0.8084233844823859,0.8320598600004802,2859,2923,4
superseg,random,2,74,0.3713721899760719,0.9736572015053028,0.5596134786376844,0.5823137905966953,0.34271584441781117,0.8090117186561966,0.8314463115049346,2846,2923,4
superseg,random,2,75,0.3751363662615146,0.9688676017789942,0.5583059359534397,0.5809414110851328,0.34122099534353695,0.8093815287083063,0.8305301911485725,2832,2923,4
superseg,random,2,76,0.37964270474660494,0.9647622305850154,0.557805251564707,0.5804227164665894,0.3406590761734483,0.8101850851283529,0.8302948574790482,2820,2923,4
superseg,random,2,77,0.3835521294184079,0.9613410879233664,0.5574522510604204,0.5795952282714765,0.3404986213987727,0.8108297012703214,0.8300847381312586,2810,2923,4
superseg,random,2,78,0.3881128315460771,0.9568936024632227,0.556897535982256,0.5787451454244192,0.339562089448625,0.811437546526427,0.8295186165742142,2797,2923,4
superseg,random,2,79,0.39263883379203185,0.9538145740677386,0.5563716372717886,0.5782192467139516,0.3390650071058543,0.811920821026343,0.8289957195687151,2788,2923,4
superseg,random,2,80,0.398627545753953,0.9490249743414301,0.5547255022671059,0.5766433516055302,0.3380420260526161,0.8131710311456907,0.8285124450687991,2774,2923,4
superseg,random,2,81,0.40404976344939436,0.9449196031474513,0.5533459186636192,0.5747234611077273,0.33761338258312534,0.8138329070912277,0.8280291705688831,2762,2923,4
superseg,random,2,82,0.4088316946563936,0.9411563462196374,0.552935285423939,0.5739886437314576,0.3374080659632853,0.8145398086112912,0.8276677652906852,2751,2923,4
superseg,random,2,83,0.4128890721573606,0.9370509750256586,0.551717793888747,0.5724037435081308,0.3362157887498281,0.8151418005427084,0.8270437108277501,2739,2923,4
superseg,random,2,84,0.4183992952550231,0.9319192610331851,0.5494016783351126,0.5698606990588836,0.3336727443005809,0.8157931705208558,0.8263251026583099,2724,2923,4
superseg,random,2,85,0.4229963546527449,0.9264454327745467,0.5474763847683667,0.5677841195617291,0.3315943637804455,0.8165892226784813,0.8255581670388781,2708,2923,4
superseg,random,2,86,0.42808429927202896,0.9213137187820732,0.5475484256876088,0.5681083036983189,0.3313470232910475,0.8180936772086547,0.8252230266791537,2693,2923,4
superseg,random,2,87,0.43479710297058666,0.9154977762572699,0.5477753545832215,0.568149727226883,0.3325104841368079,0.8202684124582764,0.8248490142400886,2676,2923,4
superseg,random,2,88,0.43887205634856347,0.912076633595621,0.5477753545832216,0.568149727226883,0.3330147705715028,0.8214198664841631,0.8244041615637684,2666,2923,4
superseg,random,2,89,0.44487299168063815,0.9069449196031475,0.5475412215956845,0.5679011860554977,0.33255370868835316,0.8225629157361383,0.8238431429051701,2651,2923,4
superseg,random,2,90,0.44996520495600956,0.901813205610674,0.5472800732634319,0.567438323149367,0.3328328672504164,0.8234769348990227,0.8232495557476646,2636,2923,4
superseg,random,2,91,0.456329004791361,0.8963393773520356,0.5452034937662774,0.5657039380186129,0.33061400693775883,0.8244308767379873,0.8220854945609106,2620,2923,4
superseg,random,2,92,0.46210123151279026,0.891549777625727,0.5434565014746557,0.5636399656823258,0.3290831374038636,0.8249635292846338,0.821293344619744,2606,2923,4
superseg,random,2,93,0.46745919155039717,0.8857338351009237,0.541523403474992,0.5615555817522535,0.3275786828736904,0.8257529776913288,0.820127182239512,2589,2923,4
superseg,random,2,94,0.473151283837027,0.8799178925761204,0.5390812163126838,0.5587892104533556,0.3251400977573443,0.8263473152750763,0.8186269300962946,2572,2923,4
superseg,random,2,95,0.478637549317006,0.8751282928498119,0.5368881706627546,0.556275582712799,0.32342252217441325,0.8269261940782365,0.8175595238095238,2558,2923,4
superseg,random,2,96,0.48417131998243407,0.8706808073896681,0.5374825082465021,0.5563512256780033,0.3238259513221691,0.8279514264102011,0.8173010770117426,2545,2923,4
superseg,random,2,97,0.48904336061746245,0.8645227505987,0.5355518116108131,0.5543304778932615,0.3230587155322405,0.8290703119371803,0.8161490226448623,2527,2923,4
superseg,random,2,98,0.4961002803498898,0.8583646938077318,0.5325224909566816,0.5512777439403763,0.32138016211389886,0.8304003674086882,0.8150931729222197,2509,2923,4
superseg,random,2,99,0.5021321948759149,0.8511802942182689,0.5292356240162595,0.5470399368659581,0.3195143023055277,0.8316965036140528,0.8136513039406383,2488,2923,4
superseg,random,2,100,0.5063742882158518,0.8450222374273008,0.5292536342460699,0.5470579470957686,0.3190028117789086,0.8327290901231901,0.8126427310712484,2470,2923,4
superseg,random,2,101,0.5109543270781947,0.8402326377009921,0.5276867442525537,0.5455624976805007,0.31774029466919024,0.833470811420887,0.8119819057224503,2456,2923,4
superseg,random,2,102,0.5176364645254883,0.8330482381115293,0.525230148906397,0.5430698818747229,0.3151756379441705,0.8343512114881253,0.8105951180270392,2435,2923,4
superseg,random,2,103,0.5221845806872014,0.8275744098528909,0.5217217561393053,0.5387330185363468,0.31265420577069597,0.835401808227073,0.8091473957207693,2419,2923,4
superseg,random,2,104,0.5285901369092679,0.8221005815942525,0.5201846648896573,0.5363746608073385,0.31106668587757846,0.836337739836227,0.808492873952405,2403,2923,4
superseg,random,2,105,0.5338046984454976,0.8159425248032843,0.5178649472900607,0.5340549432077419,0.31031025622553604,0.8374933962490694,0.8071276985327667,2385,2923,4
superseg,random,2,106,0.5377535715225946,0.8125213821416353,0.5164025166294456,0.5322899406863099,0.30869653963451243,0.8376068606968757,0.806396783372956,2375,2923,4
superseg,random,2,107,0.5435994126988798,0.8077317824153267,0.5142250798453523,0.5302133611891554,0.30719988953725713,0.8385334870206276,0.8053903116970439,2361,2923,4
superseg,random,2,108,0.5480101597036453,0.8005473828258638,0.5121250870494441,0.5274812093268977,0.3050602742357659,0.8395177460797734,0.8038309259659487,2340,2923,4
superseg,random,2,109,0.5529105294773807,0.7947314403010606,0.5098990226448623,0.525363206301179,0.3040517013663761,0.8407637538121654,0.8029736390269673,2323,2923,4
superseg,random,2,110,0.5588305470334911,0.7889154977762572,0.5080835914799606,0.5233604687462478,0.30322683284105373,0.8417912374228561,0.8017237290781163,2306,2923,4
superseg,random,2,111,0.563338025293259,0.7834416695176188,0.5078098359868406,0.5233136421487405,0.3029782916696684,0.8428838580313617,0.8008499327618086,2290,2923,4
superseg,random,2,112,0.5697173648388116,0.7769414984604858,0.5066859976466633,0.5220889465216243,0.30150145282520474,0.8439733268496507,0.7994904605816103,2271,2923,4
superseg,random,2,113,0.5744583865996991,0.7721518987341772,0.5058755373051893,0.5206769445044787,0.3004460533583075,0.8451520963907498,0.7989315431164902,2257,2923,4
superseg,random,2,114,0.5805019132467115,0.7653096134108792,0.5025688591119756,0.5169920514852436,0.29708894652162426,0.8464492831928535,0.7975291465552435,2237,2923,4
superseg,random,2,115,0.5867063758797024,0.7608621279507356,0.5008290709122781,0.5150721609874408,0.2966458948682852,0.8475356002209254,0.796565299089883,2224,2923,4
superseg,random,2,116,0.591525906140892,0.7553882996920972,0.4974719640755949,0.5112395840837596,0.29321674711235984,0.8479043596762962,0.7947183500228129,2208,2923,4
superseg,random,2,117,0.5955799674099561,0.7485460143687992,0.4956511298417501,0.5086623201978724,0.2932185481353409,0.8495859147996062,0.7940564740772758,2188,2923,4
superseg,random,2,118,0.6009777069365151,0.742387957577831,0.4933314122421536,0.5060904593809284,0.2912518310400307,0.851144400019211,0.7930112804072711,2170,2923,4
superseg,random,2,119,0.6045539724494065,0.7345193294560383,0.48992387676200083,0.5019805249381649,0.2897641860576808,0.853002755565161,0.7921641992651827,2147,2923,4
superseg,random,2,120,0.6103849550849847,0.7273349298665754,0.48846865019330976,0.49997778738323373,0.29036212568739045,0.8546122697692288,0.7908191352688327,2126,2923,4
superseg,random,2,121,0.615606912489707,0.7211768730756073,0.4866748313041808,0.4979570395984919,0.28816487765050547,0.8555860228609852,0.7899963679369882,2108,2923,4
superseg,random,2,122,0.6207914551979131,0.7167293876154636,0.48627860624834907,0.4973086713253128,0.28823691856974765,0.8566268640587855,0.7894137370026174,2095,2923,4
superseg,random,2,123,0.6260097710337211,0.7112555593568252,0.48311600989361947,0.49414607497058327,0.28595682347573426,0.8572383113608529,0.7880836815311096,2079,2923,4
superseg,random,2,124,0.6304171886185833,0.7047553882996921,0.4811492927983094,0.4921289292318037,0.28472132171073167,0.8586272002497417,0.7868935055111305,2060,2923,4
superseg,random,2,125,0.636080911037025,0.6972288744440643,0.4771366135965228,0.4877380352039958,0.28253848185769515,0.859964159642677,0.7852419674375045,2038,2923,4
superseg,random,2,126,0.6396913285442318,0.6900444748546014,0.4734805369449847,0.4840819585524578,0.2800422640059554,0.861672429940206,0.7841562507504263,2017,2923,4
superseg,random,2,127,0.6439592846594676,0.684570646595963,0.4724683620296328,0.48334714117618804,0.2795235693874121,0.8629205388660759,0.7833935175179502,2001,2923,4
superseg,random,2,128,0.6491114828242338,0.6760177899418406,0.46578656676992525,0.47656448862954154,0.2753926230098696,0.8643031241745311,0.7806016317268208,1976,2923,4
superseg,random,2,129,0.6533455574692749,0.6691755046185426,0.46286170544869487,0.4736396273083111,0.274560550392623,0.8656740028336095,0.7793271077972288,1956,2923,4
superseg,random,2,130,0.6588367354960908,0.6619911050290798,0.45862569939725767,0.4692019066829959,0.27070275916720693,0.8664745575486875,0.7774531433854428,1935,2923,4
superseg,random,2,131,0.6625878113398773,0.6561751625042764,0.4549227961482122,0.46561967197368104,0.2687468482097831,0.867638318564945,0.7763392106716615,1918,2923,4
superseg,random,2,132,0.6667604512244172,0.6483065343824838,0.4520987921139207,0.46253992267608,0.2681020819825661,0.869672724107293,0.7749308107004778,1895,2923,4
superseg,random,2,133,0.6719396944046534,0.6421484775915156,0.4477619287755445,0.4577744158682131,0.2648746488005187,0.8701938200898112,0.7737799570155849,1877,2923,4
superseg,random,2,134,0.6770179148665005,0.633937735203558,0.4429928199217155,0.45237494897101554,0.2620722570419999,0.8713578812765651,0.7719747316475759,1853,2923,4
superseg,random,2,135,0.6810680377310304,0.6264112213479303,0.44251374780875535,0.45126551881468674,0.26129061306822277,0.8729460833753572,0.7705696335518574,1831,2923,4
superseg,random,2,136,0.6854254180407936,0.6192268217584673,0.439320534063348,0.448129937804673,0.2597057128448959,0.8745745083207261,0.7692731971759958,1810,2923,4
superseg,random,2,137,0.6888280619270339,0.6110160793705097,0.4351853852988497,0.44384350310976634,0.25704980428883606,0.8759249753860192,0.7672688086833321,1786,2923,4
superseg,random,2,138,0.6939193196161099,0.6028053369825521,0.4314248493144106,0.4391752515428764,0.25476610714886055,0.8776713673366472,0.7657982734193022,1762,2923,4
superseg,random,2,139,0.6989891770884722,0.5959630516592542,0.42637838292149943,0.43420803016113146,0.25108481617558776,0.8784971363734602,0.7640359724323417,1742,2923,4
superseg,random,2,140,0.7046644307282074,0.586383852206637,0.4227223062699613,0.4297685085128353,0.2505553154191581,0.8808405674423072,0.7622817760487957,1714,2923,4
superseg,random,2,141,0.7098943235342077,0.5781731098186794,0.41914667531157696,0.42605599980789094,0.24741553202218863,0.8816945525058232,0.7603935535384098,1690,2923,4
superseg,random,2,142,0.7144035930899025,0.5716729387615463,0.41705388660759307,0.4228573829935403,0.24608277501620923,0.8830351139447207,0.7586863338376197,1671,2923,4
superseg,random,2,143,0.7175893115781858,0.5614095107765994,0.41152834810172184,0.4174146915447975,0.24298861753475973,0.8848136241385108,0.7560142160747304,1641,2923,4
superseg,random,2,144,0.7229869432849624,0.552514539856312,0.40519595130033853,0.41156136685637434,0.23808263093437074,0.8864462514708356,0.7539598491943423,1615,2923,4
superseg,random,2,145,0.7282693778237662,0.545672254533014,0.402472804552986,0.40844199505319023,0.23681831280167134,0.887919788439834,0.7529530773479336,1595,2923,4
superseg,random,2,146,0.7347981967108339,0.5378036264112214,0.39809631870902673,0.4038637946353529,0.2331496289892659,0.8891213709386933,0.7510091732103834,1572,2923,4
superseg,random,2,147,0.7390884659336011,0.5299349982894287,0.3944192301227097,0.40018670604903583,0.2308845424200946,0.8903085452537043,0.7493999591768123,1549,2923,4
superseg,random,2,148,0.7443836195068345,0.5227505986999658,0.39150277357539076,0.3969910909396538,0.22877074178133183,0.8914618003025717,0.7476765302691928,1528,2923,4
superseg,random,2,149,0.7494649564301711,0.515224084844338,0.38850647167591196,0.3937678601445621,0.2276066805945777,0.8931624162524313,0.7464593389044978,1506,2923,4
superseg,random,2,150,0.7550644812496452,0.5073554567225453,0.38563203899815096,0.3908934274668011,0.22642160747304468,0.8948675347597436,0.7444277849818697,1483,2923,4
superseg,random,2,151,0.7616194561411314,0.49846048580225794,0.38225331988569505,0.38731299378046735,0.2250852484211032,0.8969744314770791,0.7424151418005427,1457,2923,4
superseg,random,2,152,0.7661584278770316,0.4888812863496408,0.3774337823883966,0.3825546910645246,0.222913214705953,0.8990631678793555,0.7402995401387988,1429,2923,4
superseg,random,2,153,0.7709918331454657,0.4799863154293534,0.3727481209326897,0.37733952885238814,0.22082462838892492,0.9009700009605457,0.738821200441851,1403,2923,4
superseg,random,2,154,0.776169098565384,0.47177557304139583,0.36819693585956825,0.373040486996614,0.2184670893067262,0.9026033787191126,0.7365101877866628,1379,2923,4
superseg,random,2,155,0.7814749851978471,0.46288060212110843,0.36481101265518817,0.3695140839997118,0.21772866988449438,0.9048291429531973,0.7352935967629615,1353,2923,4
superseg,random,2,156,0.7871138182250882,0.45501197399931576,0.3608523641428331,0.36507636337439664,0.2153333093196936,0.9062075258746968,0.7335222906610955,1330,2923,4
superseg,random,2,157,0.7938304158910647,0.4461170030790284,0.3555573565785366,0.3600334990274476,0.21172766131162502,0.9077750162092069,0.731123478135581,1304,2923,4
superseg,random,2,158,0.7978214246638793,0.437222032158741,0.35046406358811805,0.354940206037029,0.20860108541651656,0.9091933218067865,0.728045529860961,1278,2923,4
superseg,random,2,159,0.803228323930004,0.42764283270612385,0.3449313209903225,0.34897881996974284,0.20531241745311335,0.9104971123598203,0.7251232199889538,1250,2923,4
superseg,random,2,160,0.8082416003941495,0.42011631885049605,0.3417038878082751,0.34587745839636913,0.20352220060994644,0.9118565845400187,0.7226083915664098,1228,2923,4
superseg,random,2,161,0.8127573549516676,0.4108792336640438,0.3372625651369978,0.3417495137237951,0.20107280935571406,0.9140145102418176,0.7202271390149605,1201,2923,4
superseg,random,2,162,0.8197503723064452,0.4019842627437564,0.3339811012655188,0.3383329731287371,0.20077023749489706,0.9162623370074202,0.7176780911557764,1175,2923,4
superseg,random,2,163,0.8251184899085995,0.3924050632911392,0.328913022596835,0.33326489446005325,0.19701330355642002,0.9186081694402422,0.7141504874768869,1147,2923,4
superseg,random,2,164,0.8294277638265168,0.3848785494355115,0.3247490574646399,0.3288487861105107,0.19483046370338347,0.9198558281103668,0.7121906743030041,1125,2923,4
superseg,random,2,165,0.834235069285941,0.3735887786520698,0.32522812957760006,0.3289496433974497,0.1977973488941719,0.9233663220709363,0.7097672477967486,1092,2923,4
superseg,random,2,166,0.8392374161536698,0.3636674649332877,0.3243060058113008,0.32785462142496935,0.1976856854693466,0.9256828878803159,0.7076096222654467,1063,2923,4
superseg,random,2,167,0.8438430835996303,0.35271980841601097,0.31920911077492015,0.3223542972408328,0.1959819177292702,0.9277483610690872,0.7045232692169152,1031,2923,4
superseg,random,2,168,0.8479654943818149,0.3441669517618885,0.31782232307950914,0.3208324328218428,0.19503818168719833,0.9295375273155152,0.7018535528180005,1006,2923,4
superseg,random,2,169,0.854403854055902,0.3345877523092713,0.3147269649160723,0.31756897918017435,0.1959350911317628,0.9318585956823476,0.6991806846288692,978,2923,4
superseg,random,2,170,0.8604488638765989,0.32432432432432434,0.30900331388228514,0.3118453281463871,0.19293458684532813,0.9338109045938093,0.695663887087866,948,2923,4
superseg,random,2,171,0.8644362166875045,0.31371878207321247,0.3025808659318493,0.30542288019595126,0.18915964267704055,0.9363047210815744,0.6918736342242393,917,2923,4
superseg,random,2,172,0.869832236716809,0.3031132398221006,0.2975848281824076,0.3004016281247749,0.18672285858367552,0.9381282568498908,0.6876478339696948,886,2923,4
superseg,random,2,173,0.8754937028250586,0.2938761546356483,0.29379007276132846,0.2966068727036957,0.1859538217707658,0.9400676584299884,0.6846554342866749,859,2923,4
superseg,random,2,174,0.880278287491507,0.28258638385220664,0.2879151357971328,0.29055183344139474,0.18336755276997332,0.9424657205292606,0.6808585776721178,826,2923,4
superseg,random,2,175,0.8854482474133034,0.27334929866575436,0.2847849578560622,0.2872199409264462,0.18313702182839853,0.9450108661719858,0.6778862894123863,799,2923,4
superseg,random,2,176,0.8905439606517687,0.2647964420116319,0.28001945104819537,0.2822527195447014,0.18137201930696636,0.946771666306462,0.6742281115673703,774,2923,4
superseg,random,2,177,0.8947600047567303,0.25384878549435513,0.27221381744831064,0.27444708594481665,0.17810496361933578,0.9486423288427825,0.6704522668875922,742,2923,4
superseg,random,2,178,0.8999634891806684,0.24255901471091346,0.26368777465600457,0.2652726748793314,0.17395180462502702,0.9508737963163078,0.6655913058617294,709,2923,4
superseg,random,2,179,0.9049984099406474,0.23229558672596648,0.260082126647936,0.26123838340177225,0.17490994885094735,0.9537671397353696,0.6620742081502293,679,2923,4
superseg,random,2,180,0.9093636148378293,0.2210058159425248,0.2556119876089619,0.25676824436279805,0.17563756213529283,0.9566744410825349,0.6588853468770262,646,2923,4
superseg,random,2,181,0.9149961497101432,0.21074238795757783,0.2473993228153591,0.2484547222822563,0.17032454434118577,0.9579876870062196,0.6543266575414836,616,2923,4
superseg,random,2,182,0.9200373518411602,0.20047895997263085,0.24023845544269143,0.24106692601397592,0.16636589582883074,0.9599260379895782,0.6506420646927455,586,2923,4
superseg,random,2,183,0.9259382951538202,0.19055764625384877,0.23432749801887473,0.2351559685901592,0.16247208414379366,0.9617666834762144,0.6468274980188747,557,2923,4
superseg,random,2,184,0.9301912477004937,0.17858364693807732,0.22275412434262662,0.2235825949139111,0.15624414667531158,0.9636475518094277,0.6406334798165357,522,2923,4
superseg,random,2,185,0.9351595775285113,0.16797810468696545,0.21482241913406816,0.21565088970535262,0.15232151862257762,0.9656803064140431,0.6365580649809092,491,2923,4
superseg,random,2,186,0.9394162356447194,0.15668833390352377,0.2099704632231107,0.21105107701174264,0.15204596210647647,0.9688152870830633,0.6323001464832024,458,2923,4
superseg,random,2,187,0.9445468894812673,0.1460827916524119,0.20253584035732294,0.20369569915712124,0.14942007060010085,0.9709628569027209,0.6286914967701654,427,2923,4
superseg,random,2,188,0.948139980175402,0.13342456380431064,0.19629169368201135,0.1971994092644622,0.1475776240904834,0.97372052325721,0.624039454410105,390,2923,4
superseg,random,2,189,0.9538217966938238,0.12213479302086896,0.18875261148332254,0.1894081838484259,0.14293818889129023,0.9755643205340634,0.6193997190404149,357,2923,4
superseg,random,2,190,0.9582506894936184,0.1098186794389326,0.18172862185721492,0.18193033643109285,0.14143613572509184,0.9785279038493866,0.614409984871407,321,2923,4
superseg,random,2,191,0.9632906937734634,0.09784468012316114,0.1722462358619696,0.1722462358619696,0.13692097111159138,0.9809439761784694,0.6099359436159738,286,2923,4
superseg,random,2,192,0.9680319578538256,0.08552856654122477,0.1652366544197104,0.1652366544197104,0.1328866796340321,0.9830472708498428,0.6039859640275677,250,2923,4
superseg,random,2,193,0.9741456594030471,0.0738966814916182,0.1546214249693826,0.1546214249693826,0.12824724443483898,0.9850522596835003,0.5989452008740965,216,2923,4
superseg,random,2,194,0.9781959161460809,0.06158056790968183,0.14773791513579712,0.14773791513579712,0.12504502557452632,0.9875694894700189,0.5940143001224695,180,2923,4
superseg,random,2,195,0.9825100469061091,0.04926445432774547,0.14246812189323538,0.14246812189323538,0.12370866652258483,0.990522716903201,0.5889387171913647,144,2923,4
superseg,random,2,196,0.9866839451202586,0.0369483407458091,0.13553058137021828,0.13553058137021828,0.12080541747712702,0.992693249765867,0.5843645690752347,108,2923,4
superseg,random,2,197,0.9905925098588466,0.02497434143003763,0.12981773647431738,0.12981773647431738,0.11811829118939558,0.9948910981437457,0.579248763297553,73,2923,4
superseg,random,2,198,0.9944810278900237,0.012316113581936367,0.11676752395360565,0.11676752395360565,0.11122037317196168,0.9969037413250726,0.572887550128473,36,2923,4
superseg,random,2,199,0.999782709081737,0.00034211426616489907,0.11321230458900655,0.11321230458900655,0.11270801815431165,0.9998739283913264,0.5683046970679345,1,2923,4
superseg,random,2,0,0.0001468096603828295,1.203557988368115,0.6073802968214288,0.6369099466678891,0.3795196944591801,0.7643349122301468,0.8569780635400909,3518,2923,5
superseg,random,2,1,0.0056791215452460285,1.2008210742387957,0.6071965924773614,0.6372593451262135,0.37946566376974844,0.7649778774343827,0.8567364262901328,3510,2923,5
superseg,random,2,2,0.011653982210148793,1.1987683886418063,0.6070453065469529,0.6375871313087652,0.3796673783436264,0.7656397533799197,0.8566523785510171,3504,2923,5
superseg,random,2,3,0.016124398879204232,1.196715703044817,0.6067553418470033,0.637275554333043,0.37917750009278,0.7658948983022356,0.8564002353336695,3498,2923,5
superseg,random,2,4,0.02193502970291305,1.1943209031816626,0.6053721561975545,0.6363858489804027,0.3780806770973186,0.7663361489325937,0.8561596486804505,3491,2923,5
superseg,random,2,5,0.027495519827931445,1.1912418747861786,0.6054297889329482,0.6364434817157965,0.3781527180165607,0.7670220385178782,0.8558654815935451,3482,2923,5
superseg,random,2,6,0.03249798832609296,1.1905576462538487,0.6055810748633565,0.6365947676462048,0.37830400394696917,0.7673582294743414,0.8558654815935451,3480,2923,5
superseg,random,2,7,0.03772699722383438,1.1878207321245295,0.6052028600373354,0.635921185051291,0.37787175843151644,0.7678015812981773,0.855665868213145,3472,2923,5
superseg,random,2,8,0.0421566148011387,1.18645227505987,0.6053289316460092,0.6357518888910719,0.3780338504998112,0.7681230639002954,0.8556448562783661,3468,2923,5
superseg,random,2,9,0.04745248972556688,1.1826890181320562,0.6049723290957606,0.635280020870036,0.3770216755844592,0.768711398074106,0.8553822070936291,3457,2923,5
superseg,random,2,10,0.05293511736953294,1.1789257612042423,0.6048102370274658,0.634772132389379,0.37704328786023183,0.7695350659174411,0.8552561354849555,3446,2923,5
superseg,random,2,11,0.057282216071910495,1.1775573041395826,0.6045544917641562,0.6343434889198883,0.37674071599941494,0.7696800482674159,0.8551027483610691,3442,2923,5
superseg,random,2,12,0.06192511269295075,1.1755046185425932,0.6042002905778824,0.6339040393125114,0.37643094004667377,0.770181182911894,0.8548611111111111,3436,2923,5
superseg,random,2,13,0.06766902630126258,1.1737940472117687,0.6041286028004014,0.6337347431522924,0.376643460758438,0.7706476478639867,0.8548064800806859,3431,2923,5
superseg,random,2,14,0.07475491183104889,1.172767704413274,0.6041033884786666,0.6337095288305576,0.37656781779323384,0.7707947314074394,0.8546804084720121,3428,2923,5
superseg,random,2,15,0.07990011806964462,1.1703729045501197,0.603789162939737,0.6333709365101196,0.3764093277709011,0.7710594817856542,0.8544566313666163,3421,2923,5
superseg,random,2,16,0.083868978108715,1.1686623332192951,0.6038864181807139,0.6334033549237786,0.3764561543684085,0.7713200297769133,0.8542885358883847,3416,2923,5
superseg,random,2,17,0.08941202635250434,1.166267533356141,0.6036342749633663,0.6329999257760226,0.37630486843800004,0.7719125663376798,0.8540258867036478,3409,2923,5
superseg,random,2,18,0.09426476685527216,1.1638727334929866,0.6032632642292695,0.6327117620990541,0.37576456154368404,0.7723433110006483,0.8537107076819632,3402,2923,5
superseg,random,2,19,0.09893662464016215,1.1618200478959972,0.6029390800926798,0.6326181089040392,0.37537193853381445,0.7727467401484043,0.8535005883341739,3396,2923,5
superseg,random,2,20,0.10436599819806953,1.1587410195005132,0.6027445696107261,0.6325370628698919,0.37524046385619764,0.7735617030473309,0.8533198856950749,3387,2923,5
superseg,random,2,21,0.10930985592636151,1.156004105371194,0.6019593235909868,0.6312835508750788,0.37483343266247954,0.7739651321950868,0.8528450159690705,3379,2923,5
superseg,random,2,22,0.11471675633904316,1.1518987341772151,0.6016855680978668,0.6303398148330069,0.3743219421358604,0.7749295800014409,0.852555051269121,3367,2923,5
superseg,random,2,23,0.12068123814417005,1.149503934314061,0.6019052929015553,0.630375835292628,0.3745380648935868,0.7754338664361358,0.8522924020843838,3360,2923,5
superseg,random,2,24,0.1260911127242016,1.1474512487170716,0.6014766494320647,0.63017412071875,0.3742102787110351,0.7760597219220517,0.8520927887039839,3354,2923,5
superseg,random,2,25,0.1326391156450524,1.1433458775230927,0.6004158468962243,0.6289116036090318,0.37343944087514436,0.7766021300098457,0.8516651958312322,3342,2923,5
superseg,random,2,26,0.13623933634220145,1.1399247348614436,0.6005095000912389,0.6291637468263792,0.3732125119795317,0.7773417501140648,0.8513710287443267,3332,2923,5
superseg,random,2,27,0.14251649798642554,1.1371878207321244,0.600206928230422,0.6286630624376465,0.3730684301410474,0.7780162332204692,0.8512344511682636,3324,2923,5
superseg,random,2,28,0.1466011706465205,1.1344509066028052,0.5994504985783796,0.627467183178227,0.37238043936228504,0.7783881444660566,0.8508877542444109,3316,2923,5
superseg,random,2,29,0.15241025167798164,1.132056106739651,0.5987949262132763,0.6265090389523067,0.37114493759728256,0.7787243354225202,0.8507238611531349,3309,2923,5
superseg,random,2,30,0.15752047138120534,1.1279507355456722,0.5973973323799789,0.6247044139252914,0.369469986224903,0.7789890858007349,0.8498098419902506,3297,2923,5
superseg,random,2,31,0.16187456848114662,1.1265822784810127,0.5975738326321223,0.6247296282470262,0.36977255808572,0.7793673006267561,0.8497835770717767,3293,2923,5
superseg,random,2,32,0.16814854414514602,1.1231611358193636,0.5966481068198608,0.6236688257111858,0.3694952005466377,0.7802561054679058,0.8493864515044546,3283,2923,5
superseg,random,2,33,0.1728846673173564,1.1180294218268902,0.594551716069915,0.6212104293420481,0.3680940046673784,0.7810566601829838,0.848793914943688,3268,2923,5
superseg,random,2,34,0.17726297793584256,1.1159767362299007,0.593710638337763,0.6202756984148815,0.36734838115322227,0.7814934082558894,0.8485354681459069,3262,2923,5
superseg,random,2,35,0.1824075799701111,1.1125555935682518,0.5920933197007772,0.6184854815717145,0.36578509320566804,0.7822150181302981,0.8480521936459909,3252,2923,5
superseg,random,2,36,0.18841530686295713,1.1105029079712625,0.5917655335182255,0.6180136135506786,0.365781491159706,0.7829120140239657,0.8478630862329803,3246,2923,5
superseg,random,2,37,0.1920949960330143,1.1074238795757783,0.5914305432437496,0.6174336841507795,0.3651763474380721,0.7835738899695027,0.8474323415700117,3237,2923,5
superseg,random,2,38,0.19850208023094335,1.1036606226479644,0.5914521555195222,0.617147321496792,0.36543209270138166,0.7843585356482482,0.8471759959657086,3226,2923,5
superseg,random,2,39,0.20472533793172915,1.1005815942524804,0.5909190527171305,0.6169311987390657,0.3651439290244131,0.784869125663377,0.8469553706505295,3217,2923,5
superseg,random,2,40,0.20955374575794244,1.0978446801231612,0.590187837386823,0.6161999834087579,0.36458921394624877,0.7853974257378191,0.846604471339721,3209,2923,5
superseg,random,2,41,0.21536342466930528,1.0937393089291823,0.5898078215378206,0.6157695389162863,0.36354101857127574,0.786107328962851,0.8460781223735081,3197,2923,5
superseg,random,2,42,0.21980767362214743,1.0899760520013684,0.5899302911005322,0.6156146509399157,0.3635518247091621,0.7871726340561439,0.8458953185409314,3186,2923,5
superseg,random,2,43,0.22530310203565013,1.0868970236058844,0.5898798624570627,0.6152688545275534,0.3637247229153432,0.7878954446125399,0.8457062111279208,3177,2923,5
superseg,random,2,44,0.2303123279054941,1.0834758809442353,0.590056362709206,0.6155029875150904,0.3636454779041769,0.7888052613884686,0.845176710371491,3167,2923,5
superseg,random,2,45,0.23560353409608709,1.0793705097502566,0.5883814113368265,0.6138028218209761,0.3616931689927151,0.7895553874600774,0.8444349890737939,3155,2923,5
superseg,random,2,46,0.24075316138591335,1.0762914813547726,0.5883814113368265,0.6136515358905676,0.3613149541666939,0.7905660615229451,0.8441933518238358,3146,2923,5
superseg,random,2,47,0.245628950905255,1.0735545672254534,0.5876682062363293,0.6131652596856833,0.3608346813717464,0.7911162740436567,0.843792023869558,3138,2923,5
superseg,random,2,48,0.2499196565293669,1.0708176530961342,0.5880464210623505,0.6136947604421129,0.3613389678064413,0.7920197872391518,0.8435903092956799,3130,2923,5
superseg,random,2,49,0.2539115153879677,1.0673965104344851,0.587735444427622,0.6132985353862812,0.36073022203884536,0.7924167627212257,0.8430923264414186,3120,2923,5
superseg,random,2,50,0.25939844706959764,1.0650017105713308,0.5869159789712428,0.6120180080467523,0.3601214762712494,0.7927529536776889,0.8428485879979829,3113,2923,5
superseg,random,2,51,0.26420412669073656,1.061580567909682,0.5870096321662577,0.6121476817013881,0.36029077243146834,0.7934085260427924,0.8424178433350145,3103,2923,5
superseg,random,2,52,0.2689386804568309,1.0571330824495382,0.5852782487404717,0.6104072931606971,0.35877551176340894,0.7941964735970031,0.841859976466633,3090,2923,5
superseg,random,2,53,0.27255504556752336,1.0533698255217243,0.5843417167903241,0.6097481187496315,0.3582568171448655,0.7952638798837741,0.8414481425449657,3079,2923,5
superseg,random,2,54,0.2778523785232796,1.0496065685939104,0.582542494832252,0.6078552435965446,0.35695827957552617,0.7958636205364649,0.8406938140864012,3068,2923,5
superseg,random,2,55,0.28280612016736156,1.0451590831337667,0.5811725166846641,0.6065873234178832,0.35613701309616586,0.7967765891026104,0.8403891410321063,3055,2923,5
superseg,random,2,56,0.28752712708727163,1.040711597673623,0.5805259494344659,0.605764255915542,0.3557317829254289,0.7978009209230844,0.839811312825685,3042,2923,5
superseg,random,2,57,0.29229256376955376,1.0379746835443038,0.5806736333189124,0.6050078262634995,0.3547484243777738,0.7981055939773793,0.8393973777105397,3034,2923,5
superseg,random,2,58,0.29680266259494786,1.03421142661649,0.5798667750234004,0.6037218958550274,0.3541937092996094,0.7991171685517373,0.8386409480584973,3023,2923,5
superseg,random,2,59,0.30197609938450815,1.0311323982210059,0.5796362440818257,0.6029726702949093,0.3540892499667083,0.799800656773047,0.8383909060346275,3014,2923,5
superseg,random,2,60,0.3076794446474549,1.0256585699623675,0.5783160942367136,0.6013787649566772,0.3535327338655629,0.8009920334750138,0.8376716975241938,2998,2923,5
superseg,random,2,61,0.31224798278372584,1.0212110845022238,0.5761440605215633,0.598936577794369,0.3514831697131243,0.801653909420551,0.8370266311264798,2985,2923,5
superseg,random,2,62,0.31958678853968614,1.0181320561067397,0.5759675602694202,0.5988429245993543,0.35115178148461057,0.8025108961890355,0.8366063924309008,2976,2923,5
superseg,random,2,63,0.3252264191896532,1.0153951419774205,0.5758162743390118,0.5985151384168026,0.35074835233685464,0.8031727721345725,0.8363374396657302,2968,2923,5
superseg,random,2,64,0.330654412573654,1.0130003421142662,0.5751607019739083,0.5981117092690467,0.35001713700654696,0.8038256429652042,0.8361567370266312,2961,2923,5
superseg,random,2,65,0.33501404840362864,1.0075265138556277,0.5738747715654363,0.5967501358953703,0.348731206598075,0.8049948070504047,0.8354633431789257,2945,2923,5
superseg,random,2,66,0.3405337957836606,1.0023947998631544,0.5722142283769053,0.5952012561316645,0.34677169359468907,0.8054150457459837,0.834248853348702,2930,2923,5
superseg,random,2,67,0.34602231878900247,0.9979473144030107,0.570852655003229,0.5938396827579883,0.345788335047034,0.8063490262469082,0.8333894652162429,2917,2923,5
superseg,random,2,68,0.35066495019928123,0.9952104002736915,0.5709499102442059,0.5937388254710494,0.3464691217338721,0.8070193069663567,0.8333390365727733,2909,2923,5
superseg,random,2,69,0.354898873484196,0.9938419432090319,0.5703447665225719,0.592982395819007,0.34561183479489077,0.8070193069663567,0.8331541315467185,2905,2923,5
superseg,random,2,70,0.35905021581616875,0.9887102292165584,0.5681691307614597,0.5905690250243957,0.3435046379070585,0.8078720913478855,0.8325342794707395,2890,2923,5
superseg,random,2,71,0.36358752497657165,0.9849469722887444,0.5673496653050805,0.5899344645940713,0.34284906554195516,0.8087122685685468,0.8320068799077875,2879,2923,5
superseg,random,2,72,0.3681115015829843,0.9798152582962709,0.5657035303003978,0.5881154313832075,0.34263294278422873,0.8096872223422904,0.8310634440362125,2864,2923,5
superseg,random,2,73,0.3730994169320608,0.9770783441669517,0.5660277144369874,0.5881874723024496,0.3427049837034708,0.8101725980356843,0.830794491271042,2856,2923,5
superseg,random,2,74,0.37802319076115115,0.9726308587068081,0.5649939272458628,0.5869015418939776,0.34280584099040984,0.8113342578584636,0.8305749165526018,2843,2923,5
superseg,random,2,75,0.38323995668555094,0.9674991447143346,0.5643203446509489,0.5862279592990637,0.3439368834225113,0.8126036788896092,0.8299406562927741,2828,2923,5
superseg,random,2,76,0.3883003435500823,0.962709544988026,0.5639601400547383,0.5855507746581877,0.3436775361132396,0.8137845496241867,0.8293796376341762,2814,2923,5
superseg,random,2,77,0.39304181363213747,0.9575778309955525,0.5626435922555884,0.5837911752056987,0.3420223959936517,0.8146376341762122,0.8285769817256201,2799,2923,5
superseg,random,2,78,0.3982661346050326,0.9531303455354089,0.56291289816252,0.5840000938715008,0.34246184560102866,0.8160334269865284,0.8283647611843526,2786,2923,5
superseg,random,2,79,0.4022855168410575,0.9503934314060897,0.5620772234993112,0.5828654493934373,0.3424114169575592,0.8167394279951011,0.8281903621256874,2778,2923,5
superseg,random,2,80,0.4061068368585257,0.945603831679781,0.5622705332992777,0.5827141634630288,0.3426383458531719,0.8181103066541796,0.8277617186561966,2764,2923,5
superseg,random,2,81,0.411647808017706,0.9401300034211426,0.5591187430824345,0.5796128018896551,0.33956219860153297,0.8187550728813966,0.82666159378527,2748,2923,5
superseg,random,2,82,0.4175434172545105,0.935682517960999,0.5570259543784506,0.5770409410727111,0.33772155311489654,0.8192161347645462,0.8259219736810509,2735,2923,5
superseg,random,2,83,0.4232904309328662,0.9305508039685255,0.5550808495589131,0.5747788562085082,0.33664814341818877,0.8199473500948538,0.8251025082246716,2720,2923,5
superseg,random,2,84,0.42691406302543505,0.9271296613068765,0.5543208178609087,0.5737270587875731,0.33585209126056326,0.8205125711404078,0.8247915315899431,2710,2923,5
superseg,random,2,85,0.4319541285028328,0.9216558330482381,0.5517957836414721,0.5712056266140986,0.33509566160852094,0.8218300194510482,0.8237598455922963,2694,2923,5
superseg,random,2,86,0.4372485647101562,0.9165241190557646,0.5497029949374881,0.5682843673388303,0.33375209846465514,0.8227293302595874,0.8232807734793363,2679,2923,5
superseg,random,2,87,0.4413149613117023,0.912076633595621,0.5472391954994072,0.5657197106138104,0.3320339225407304,0.8235833153231035,0.8223362870110222,2666,2923,5
superseg,random,2,88,0.4464932607307188,0.9072870338693123,0.5469132103398368,0.5654801745573305,0.33268949490583377,0.8245759791561607,0.8220148044089041,2652,2923,5
superseg,random,2,89,0.4510881389639123,0.9014710913445091,0.5463044645722407,0.5646625101239323,0.33255621920523587,0.8254269625147083,0.821056660182984,2635,2923,5
superseg,random,2,90,0.4558518101251958,0.8953130345535408,0.543130898350263,0.5616042093727419,0.3297536637173551,0.8261224575558919,0.8198915483994909,2617,2923,5
superseg,random,2,91,0.46062450157766194,0.8898392062949025,0.5434965060154168,0.5616240206255334,0.3301660979800162,0.8275565221045554,0.8194992255601181,2601,2923,5
superseg,random,2,92,0.46640392420940985,0.8853917208347588,0.5417639219076436,0.559747354679276,0.3285811977566894,0.8279872667675239,0.81875285161972,2588,2923,5
superseg,random,2,93,0.47077908399983,0.8799178925761204,0.53934694906707,0.5571106570350141,0.3268918382004615,0.8292017565977475,0.8180436988209303,2572,2923,5
superseg,random,2,94,0.47423543348024566,0.8730756072528224,0.5379709675095454,0.5551997716521166,0.32505659578276824,0.8302817700453857,0.8166064824820499,2552,2923,5
superseg,random,2,95,0.47990580868754,0.8658912076633596,0.5347435343274981,0.552202869411644,0.32294219480301173,0.8313328170400789,0.8152172934226641,2531,2923,5
superseg,random,2,96,0.4850768335755584,0.8600752651385563,0.5343905338232117,0.5518246545856228,0.32332040962903286,0.8330861129121342,0.8147130069879691,2514,2923,5
superseg,random,2,97,0.4900385383406823,0.8546014368799179,0.5328686694042216,0.5503027901666327,0.3223154388056052,0.8344590927646902,0.8136200862089668,2498,2923,5
superseg,random,2,98,0.49489105747926965,0.8491276086212796,0.5313810244218716,0.5488943901954492,0.32114837591388273,0.8353941238623539,0.8126403297072737,2482,2923,5
superseg,random,2,99,0.49908359221643905,0.8443380088949709,0.5292882357178877,0.5464053764356337,0.31877462762485453,0.8356714814014361,0.8117830427682924,2468,2923,5
superseg,random,2,100,0.5066046976822727,0.8402326377009921,0.5281283769180894,0.5452455176358354,0.3177912690771995,0.836215690512211,0.8107408508032564,2456,2923,5
superseg,random,2,101,0.5128036919875447,0.8354430379746836,0.5284741733304517,0.5450906296594646,0.3178128813529721,0.8374827101793818,0.8101987428859592,2442,2923,5
superseg,random,2,102,0.5184498166214961,0.8309955525145398,0.528213024998199,0.5446853994887277,0.3173716307226141,0.8385333069183295,0.809623015873016,2429,2923,5
superseg,random,2,103,0.5236777949937169,0.8265480670543962,0.5252035155968591,0.5414237468700404,0.31521940826025546,0.8394503277861826,0.808292960401508,2416,2923,5
superseg,random,2,104,0.5267174344068672,0.820390010263428,0.5235861969598732,0.5399054844970126,0.31466469318209106,0.8407634236246188,0.8076909684700911,2398,2923,5
superseg,random,2,105,0.5315358156732793,0.8156004105371194,0.5224155320221887,0.5389617484549406,0.31377498782945074,0.8419569015200634,0.8070522056528108,2384,2923,5
superseg,random,2,106,0.5380441484982039,0.8094423537461513,0.5219148476334557,0.5378847367122707,0.3133175279922632,0.8433268796676512,0.8060142160747306,2366,2923,5
superseg,random,2,107,0.5429251208421916,0.8029421826890182,0.518709026727181,0.5342790887042023,0.31056916692317604,0.8440286782892684,0.8045797012703215,2347,2923,5
superseg,random,2,108,0.5469887313319373,0.7971262401642148,0.5148872559613861,0.5301025164111397,0.3079432754168004,0.8446464291717696,0.8034801767403885,2330,2923,5
superseg,random,2,109,0.5524140112448537,0.7923366404379063,0.5127800590735537,0.5275918903755515,0.3062647219984588,0.8455478411737867,0.8025922724107294,2316,2923,5
superseg,random,2,110,0.5586287761106545,0.7868628121792679,0.5099308407175275,0.524598590181041,0.30394140235290007,0.8465143901736185,0.8013834858199457,2300,2923,5
superseg,random,2,111,0.566326104289914,0.7813889839206295,0.5082847057128449,0.5223833319143455,0.3016793174886972,0.847333855629998,0.8006009413346781,2284,2923,5
superseg,random,2,112,0.5701290672296354,0.7755730413958262,0.5067430300410632,0.5207065795189849,0.3007806070211516,0.8481722318276781,0.7994221717935789,2267,2923,5
superseg,random,2,113,0.5752115200881912,0.769414984604858,0.5050032418413658,0.5192765672720286,0.2992389313493701,0.8494413526883271,0.7981296376341762,2249,2923,5
superseg,random,2,114,0.5788348017207465,0.7635990420800547,0.5035119948130538,0.5174323197394302,0.2982015421122834,0.8509605155728454,0.7975055831712414,2232,2923,5
superseg,random,2,115,0.5833783813721783,0.7560725282244269,0.5003313882285138,0.5138122635475132,0.2952946910208635,0.8519876990130394,0.7966104747496577,2210,2923,5
superseg,random,2,116,0.5880669273274298,0.7492302429011289,0.4972516389309128,0.5107865449393437,0.29423568950800416,0.8533933974497515,0.7959143793674806,2190,2923,5
superseg,random,2,117,0.5929132959770087,0.7417037290455012,0.4958108205460702,0.5093277163246906,0.29349727008577237,0.8547234529212594,0.7943636985807939,2168,2923,5
superseg,random,2,118,0.598879799694089,0.7348614437222032,0.49376125639363155,0.5067738657375572,0.2912712056811905,0.8556948046490408,0.7927409768748649,2148,2923,5
superseg,random,2,119,0.6047626420457025,0.7280191583989052,0.4903789352352136,0.5029196765581031,0.2878432586072525,0.8562529716879189,0.7913001584900223,2128,2923,5
superseg,random,2,120,0.6085341930274061,0.7215189873417721,0.488462646783373,0.49999301421389164,0.2863195931652815,0.8575609646279088,0.7905161131522704,2109,2923,5
superseg,random,2,121,0.6133516692125978,0.7146767020184742,0.4856710611627405,0.49691064524649997,0.28558641308263094,0.8586742970006965,0.789445254904786,2089,2923,5
superseg,random,2,122,0.6190764271733298,0.708518645227506,0.4842758686934178,0.4951456427250679,0.2854603414739572,0.8602773575390823,0.7882217599596572,2071,2923,5
superseg,random,2,123,0.6228743945929701,0.7009921313718782,0.48206241144970335,0.49279530773479335,0.28511634608457603,0.8615527819801647,0.7867824424272987,2049,2923,5
superseg,random,2,124,0.6276250875164503,0.6941498460485802,0.4778480176740389,0.48858091395912884,0.2828686694042216,0.8626264918473693,0.7845887964363758,2029,2923,5
superseg,random,2,125,0.6324006935667513,0.6859391036606226,0.47316895996926256,0.4837289580481714,0.27955898950603947,0.8639277309511803,0.7829876870062196,2005,2923,5
superseg,random,2,126,0.6364997437962477,0.6770441327403353,0.471998295031578,0.48286446701726576,0.2789214273707466,0.8663819249333622,0.7819893199337222,1979,2923,5
superseg,random,2,127,0.6410546652842596,0.6684912760862128,0.46856194318372835,0.47935967629613624,0.27563275940734333,0.8680880940374133,0.7808711848329851,1954,2923,5
superseg,random,2,128,0.6465037819714214,0.6619911050290798,0.4676974521528228,0.47824304204788315,0.27535179982229907,0.8692794707393798,0.77972243234157,1935,2923,5
superseg,random,2,129,0.6516077303140673,0.6565172767704414,0.4659036332636938,0.4762727229066109,0.2742387676200081,0.8704477343130899,0.7785373592200369,1919,2923,5
superseg,random,2,130,0.6560279873935555,0.651043448511803,0.46360552793986987,0.4739494032610523,0.2720163052613884,0.8712545926086017,0.7773171661503734,1903,2923,5
superseg,random,2,131,0.66002379570661,0.644201163188505,0.4601511658622097,0.4699907547486973,0.27022969046418366,0.872376629925798,0.7762412050044425,1883,2923,5
superseg,random,2,132,0.6660100907089042,0.6366746493328772,0.4592614605095695,0.4689497634656485,0.270175659774752,0.8740806978363712,0.7749192541363495,1861,2923,5
superseg,random,2,133,0.6707835272931999,0.630516592541909,0.45847981653579234,0.4674621184832985,0.26929315851403596,0.8753161996013736,0.773858751771006,1843,2923,5
superseg,random,2,134,0.6749196872845471,0.6253848785494355,0.4559043536728862,0.46437156304781113,0.2673300434646879,0.8759297480969191,0.772589630910357,1828,2923,5
superseg,random,2,135,0.6800800207138773,0.6209373930892919,0.45199613380400067,0.4602364142833129,0.26518682611723454,0.876719196503614,0.7711025862690007,1815,2923,5
superseg,random,2,136,0.6851969969453853,0.6123845364351693,0.447576423408496,0.45564380568162716,0.26268700621953267,0.8777109598251807,0.7687312393439474,1790,2923,5
superseg,random,2,137,0.6905817698286362,0.6072528224426958,0.4461944384410345,0.4541897797949235,0.2613590519415028,0.8785280239175853,0.7678403333093197,1775,2923,5
superseg,random,2,138,0.6956153285487188,0.5986999657885734,0.44041675671781566,0.44856698604807527,0.2573499747856783,0.8796183932473646,0.7661254592608602,1750,2923,5
superseg,random,2,139,0.7009366867003588,0.5915155661991105,0.4367318636985808,0.444734409144394,0.2564170448814927,0.8810219904905988,0.7644847273251207,1729,2923,5
superseg,random,2,140,0.7069032562481308,0.5826205952788232,0.43277801791417525,0.44006015416756705,0.2538079629229402,0.8828500288163676,0.7616253031722017,1703,2923,5
superseg,random,2,141,0.7127675002673673,0.5750940814231954,0.42894183896453186,0.4360222606440458,0.25045085608625695,0.8843439773791515,0.7595973512955358,1681,2923,5
superseg,random,2,142,0.7170222465661874,0.5689360246322271,0.4251056600148884,0.4322617246596067,0.24820317940590256,0.8853840681507097,0.7578908820209879,1663,2923,5
superseg,random,2,143,0.7218833187883803,0.5617516250427643,0.4228363710587613,0.42956379223398883,0.2465642484931441,0.8866805045265709,0.755919962538722,1642,2923,5
superseg,random,2,144,0.7269276023066769,0.5542251111871365,0.41781511898758494,0.4244741012895324,0.24468037845496243,0.8880546850611146,0.754613320365968,1620,2923,5
superseg,random,2,145,0.7318362219104141,0.546014368799179,0.4137772254640636,0.4199823499747857,0.24162584347909613,0.8892786302619888,0.7521936459909229,1596,2923,5
superseg,random,2,146,0.7358322456852322,0.5371193978788915,0.4097393319405422,0.41584720121028745,0.239558269096847,0.8908941478759934,0.7497913815046946,1570,2923,5
superseg,random,2,147,0.740517328152269,0.5292507697570988,0.4088142064692746,0.4145330547751123,0.23875201114232883,0.8922045421799581,0.748581844487669,1547,2923,5
superseg,random,2,148,0.7460956562209115,0.5230927129661307,0.40546070167855336,0.4111795499843911,0.23781908123814327,0.8935093833297313,0.7473670544869485,1529,2923,5
superseg,random,2,149,0.7494649499025764,0.5155661991105029,0.4013651754196384,0.4070840237254761,0.23511034267463915,0.8947753524001633,0.7454804829142953,1507,2923,5
superseg,random,2,150,0.7551824872633579,0.5066712281902155,0.3997196407559494,0.4052115601661744,0.23406995173258413,0.8962596955070481,0.7429284333501428,1481,2923,5
superseg,random,2,151,0.7616288817448128,0.49811837153609306,0.39449667411089495,0.39956355209759137,0.2325066637850299,0.8981335098335854,0.7408701642532959,1456,2923,5
superseg,random,2,152,0.7657554453522128,0.4902497434143004,0.38909000312177316,0.3941568811084696,0.2294089042576183,0.8996043452681124,0.7384724023245203,1433,2923,5
superseg,random,2,153,0.7701575403155326,0.4806705439616832,0.3829845352160027,0.3880514132026991,0.22608121412962562,0.9014813113848668,0.7362973669044017,1405,2923,5
superseg,random,2,154,0.7744710907784226,0.47109134450906603,0.3761706649376846,0.3812627572461158,0.22312513507672355,0.9032577203851788,0.7339899562951757,1377,2923,5
superseg,random,2,155,0.7799488243740277,0.46048580225795416,0.369384410345076,0.3744765026535072,0.22125567322239031,0.9062288079629229,0.7319755120908676,1346,2923,5
superseg,random,2,156,0.7852750705099527,0.45159083133766675,0.36622541603630865,0.3710437528516197,0.22156905122109358,0.9086562867708858,0.7300841377902649,1320,2923,5
superseg,random,2,157,0.7904619939938062,0.44166951761888473,0.3618921547438945,0.3664835626635929,0.22137093869317773,0.9109681999375645,0.7276518562543525,1291,2923,5
superseg,random,2,158,0.7950801039868535,0.43414300376325693,0.3589889056984367,0.36408460005283,0.22138174483106401,0.9130838015993084,0.7260345376173666,1269,2923,5
superseg,random,2,159,0.7988674331153226,0.42490591857680465,0.3576675551713373,0.3624354633431789,0.22307770813822247,0.9152675419638355,0.724230512931345,1242,2923,5
superseg,random,2,160,0.803038901474557,0.41669517618884705,0.3538601925893907,0.35859928439353556,0.22041579617222584,0.9168718031842087,0.7220896969478664,1218,2923,5
superseg,random,2,161,0.8072002560905475,0.4071159767362299,0.34945849242369664,0.35394544101049397,0.21714874048459526,0.9185065317100113,0.7196427070576087,1190,2923,5
superseg,random,2,162,0.81131139026759,0.3989052343482723,0.3455430684628869,0.35007684364719166,0.21480560958624498,0.9200130874336623,0.7169588826453425,1166,2923,5
superseg,random,2,163,0.8155374776491785,0.3882996920971605,0.34055063275940733,0.345084407943712,0.2128893211344043,0.9222507084023724,0.7130851823835939,1135,2923,5
superseg,random,2,164,0.8207324253958153,0.3790626069107082,0.3376167663232716,0.3421505415075763,0.21223735081526307,0.9246001428811564,0.7110944516485364,1108,2923,5
superseg,random,2,165,0.8257061012567459,0.3708518645227506,0.33246223855149726,0.33674387051845445,0.20979336262997383,0.9262447770333548,0.7087101973921187,1084,2923,5
superseg,random,2,166,0.8297814704633195,0.3602463222716387,0.32502101193477895,0.32905050068438874,0.20564440602262085,0.9279236306221933,0.7046359832384795,1053,2923,5
superseg,random,2,167,0.8360901903268703,0.35066712281902157,0.32030953581634364,0.3239391974641596,0.20374972984655282,0.9297810856566531,0.7011338940518215,1025,2923,5
superseg,random,2,168,0.8403488901758467,0.34177215189873417,0.31488485459741133,0.31826237302787985,0.2004682659750738,0.9316487464880052,0.6984377626491847,999,2923,5
superseg,random,2,169,0.8453006392820525,0.332192952446117,0.3113260331868501,0.31495569483466607,0.19829623225992365,0.9332918797877193,0.6949146615277477,971,2923,5
superseg,random,2,170,0.849164101640184,0.32158741019500514,0.29949691424729247,0.30272674879331457,0.1918413658958288,0.9346933758374756,0.690173768700622,940,2923,5
superseg,random,2,171,0.8543113198069413,0.31303455354088267,0.2966188795235694,0.299596570852244,0.19018802679922198,0.9369569615541627,0.6881764342146339,915,2923,5
superseg,random,2,172,0.8618191178077871,0.301744782757441,0.2925629757702375,0.29519487068655,0.18730278798357466,0.939404851955911,0.6847226724779675,882,2923,5
superseg,random,2,173,0.8687577773052803,0.2918234690386589,0.2904917993420263,0.2929507960521576,0.1859916432533679,0.9416682875873496,0.6811278306077853,853,2923,5
superseg,random,2,174,0.8754210940866293,0.28156004105371196,0.28473392887159904,0.2867138534687702,0.18303256249549743,0.9433828614653124,0.6774489409984871,823,2923,5
superseg,random,2,175,0.8801145514037293,0.2716387273349299,0.2786392671037149,0.28061919170088606,0.18059397737915134,0.9453371214850035,0.6744292258002546,794,2923,5
superseg,random,2,176,0.8844780875068446,0.2620595278823127,0.27259863602526235,0.274830703839781,0.1785624234565233,0.9483091095742381,0.6714920574886536,766,2923,5
superseg,random,2,177,0.8901313616050197,0.2521382141635306,0.26791117354657445,0.2699751458828615,0.17574922556011813,0.9502632195086809,0.6685584912230146,737,2923,5
superseg,random,2,178,0.8953631517124677,0.24119055764625386,0.26195699157121244,0.2638480657013183,0.17297565016929614,0.9525478171601469,0.6647886499531734,705,2923,5
superseg,random,2,179,0.9010390770138588,0.23058501539514198,0.2604585404509761,0.26161839925077446,0.17281355810100135,0.9547197007900488,0.6619738011190357,674,2923,5
superseg,random,2,180,0.9055255763818705,0.2199794731440301,0.25478531806065846,0.25569303364310925,0.1694348389885455,0.9567637117882958,0.6582973128737122,643,2923,5
superseg,random,2,181,0.910948415104464,0.20937393089291823,0.2463601325552914,0.2470409192421295,0.1639345148044089,0.9584614761184352,0.6534351511658623,612,2923,5
superseg,random,2,182,0.9150046563191366,0.19808416010947658,0.2420484835386499,0.24272927022548807,0.1640605864130826,0.9610993744446846,0.6494527891842566,579,2923,5
superseg,random,2,183,0.9205444448395995,0.1885049606568594,0.23534147395720764,0.2360222606440458,0.1600515092572581,0.9629523269216916,0.6451684556828279,551,2923,5
superseg,random,2,184,0.9263419071105665,0.17687307560725282,0.22859484187018228,0.22904869966140767,0.15527159426554282,0.9649124402660711,0.6404209591047716,517,2923,5
superseg,random,2,185,0.9311563545459772,0.16592541908997605,0.21733484619263738,0.2177887039838628,0.15066817952597072,0.9668812585548592,0.635595718368033,485,2923,5
superseg,random,2,186,0.9357010300881413,0.1542935340403695,0.2122019306966357,0.21242885959224836,0.14735069519487068,0.9686968398050092,0.6317017565977475,451,2923,5
superseg,random,2,187,0.9411535713490167,0.14334587752309272,0.20565341113752614,0.2058803400331388,0.14549203947842373,0.9709607256921932,0.6281186213769421,419,2923,5
superseg,random,2,188,0.9458282173700642,0.13205610673965104,0.19629529572797347,0.19652222462358618,0.13989085800734818,0.972914535456139,0.623220439209471,386,2923,5
superseg,random,2,189,0.9503387499711764,0.12042422169004448,0.18716771125999568,0.1873946401556084,0.13414199265182625,0.9748411797901207,0.617542113920707,352,2923,5
superseg,random,2,190,0.9563857986189189,0.1091344509066028,0.18004826741589222,0.18027519631150493,0.1300986960593617,0.976715294287155,0.6130377554450929,319,2923,5
superseg,random,2,191,0.9612663991391112,0.09784468012316114,0.17883797997262446,0.17906490886823717,0.1317124126503854,0.9791642352856422,0.6098124234565233,286,2923,5
superseg,random,2,192,0.9650269154421296,0.08552856654122477,0.17293782868669405,0.17316475758230676,0.13312441466753117,0.9829292738275339,0.6049256477679322,250,2923,5
superseg,random,2,193,0.9697881478992011,0.0735545672254533,0.16486924573157552,0.16486924573157552,0.12926662344211512,0.9852458396369137,0.599424423072305,215,2923,5
superseg,random,2,194,0.9743781016161531,0.06089633937735203,0.15416396513219507,0.15416396513219507,0.1251422808155032,0.9872691388708787,0.5935497862786062,178,2923,5
superseg,random,2,195,0.9787282084159827,0.04926445432774547,0.14367480729054102,0.14367480729054102,0.12158706145090412,0.989410255024854,0.5888166978843984,144,2923,5
superseg,random,2,196,0.9849794566984748,0.0366062264796442,0.13726676752395361,0.13726676752395361,0.12090267271810388,0.9926815130994405,0.5841973741084937,107,2923,5
superseg,random,2,197,0.9883266266137531,0.02497434143003763,0.13043368633383762,0.13043368633383762,0.11923852748361069,0.9950678685493362,0.579465486396273,73,2923,5
superseg,random,2,198,0.9941016620868673,0.012658227848101266,0.12075138678769541,0.12075138678769541,0.11550680786686837,0.997097801551281,0.5737059649881132,37,2923,5
superseg,random,2,199,0.9999791484778461,0.00034211426616489907,0.11270801815431165,0.11270801815431165,0.11270801815431165,0.9999495713565305,0.5683902456595347,1,2923,5
superseg,random,2,0,3.434199970775431e-05,1.206979131029764,0.6061027968699055,0.6339541404972571,0.37322173540025283,0.7648572689287516,0.8560409312489494,3528,2923,6
superseg,random,2,1,0.004625298887055606,1.2045843311666096,0.6063297257655182,0.6340459926692907,0.37337662337662336,0.7654624126503854,0.8558097999663808,3521,2923,6
superseg,random,2,2,0.009894909908993988,1.2025316455696202,0.6058758679742928,0.6338082576357916,0.3729155614934737,0.7656641272242634,0.8555387460077325,3515,2923,6
superseg,random,2,3,0.015298520137750623,1.1991105029079712,0.6052076884483221,0.6332949660861915,0.37270304078170946,0.7665421259275269,0.8554021684316692,3505,2923,6
superseg,random,2,4,0.019498666257082554,1.1970578173109818,0.6048726981738463,0.6326429957670503,0.372620193724581,0.7669077335926806,0.8553328290468987,3499,2923,6
superseg,random,2,5,0.023685646673460545,1.1950051317139925,0.6044572622062165,0.6318433415634626,0.37223837685259775,0.7671913947121964,0.8550911917969407,3493,2923,6
superseg,random,2,6,0.02856789336757673,1.192610331850838,0.6043780171950501,0.631994627493871,0.37228880549606724,0.7677776276925293,0.8549651201882668,3486,2923,6
superseg,random,2,7,0.03365920533720115,1.1905576462538487,0.6037768286611395,0.6315803922082288,0.37179172315329656,0.7680738959729125,0.8548012270969911,3480,2923,6
superseg,random,2,8,0.03989358957236611,1.1888470749230242,0.6040559872232028,0.6315173564038921,0.3716926668893386,0.7683575570924285,0.8546142208774585,3475,2923,6
superseg,random,2,9,0.045590277147619825,1.1857680465275402,0.6035697110183184,0.6309338249580307,0.3713612786608248,0.7689269805249381,0.8544251134644479,3466,2923,6
superseg,random,2,10,0.05091147990119803,1.1837153609305509,0.6035112307426982,0.630739314476077,0.3715990136943238,0.7694302163628941,0.8544293158514037,3460,2923,6
superseg,random,2,11,0.055137939910892775,1.1813205610673965,0.6032987100309339,0.6305339978562369,0.37149455436142276,0.7697012703215427,0.8541771726340561,3453,2923,6
superseg,random,2,12,0.061299828389920354,1.1785836469380773,0.6030453661315991,0.6298243948017018,0.3711559620409847,0.7701927995101218,0.8540405950579928,3445,2923,6
superseg,random,2,13,0.06620450883529026,1.1755046185425932,0.6022614299467552,0.6290841743564891,0.37026265464238234,0.770700087649785,0.8536413682971926,3436,2923,6
superseg,random,2,14,0.07346914995388705,1.172767704413274,0.6025261803249701,0.6294785983893397,0.37032749146970023,0.771303430348438,0.8535436628004706,3428,2923,6
superseg,random,2,15,0.07638379572095617,1.1707150188162847,0.6020399041200856,0.6288932659204974,0.36989524595424744,0.7715555735657854,0.8533860732896287,3422,2923,6
superseg,random,2,16,0.08159304231272618,1.1659254190899762,0.6006999430221821,0.6276541621095326,0.3687894178438808,0.7722048423504552,0.8527052866027904,3408,2923,6
superseg,random,2,17,0.08591640075599927,1.162162162162162,0.5982415466530444,0.6254010823602352,0.36730537490749293,0.7727847717503542,0.8522472264246092,3397,2923,6
superseg,random,2,18,0.09221531137796973,1.1604515908313378,0.5983045824573812,0.625464118164572,0.3672675534248908,0.773049522128569,0.8520581190115986,3392,2923,6
superseg,random,2,19,0.09652209755704193,1.1583989052343482,0.5980740515158065,0.6248589744429381,0.36623376623376624,0.7732071116394112,0.8516273743486299,3386,2923,6
superseg,random,2,20,0.10161189260747602,1.1563462196373588,0.5983766233766233,0.625294822004353,0.36645709308341684,0.7736798801719377,0.851448772903009,3380,2923,6
superseg,random,2,21,0.10741749369787035,1.1532671912418748,0.5975409487134148,0.6244951678007654,0.3659492046027598,0.7741526487044642,0.8510222306269961,3371,2923,6
superseg,random,2,22,0.11231022372211931,1.1518987341772151,0.5974400914264758,0.6243943105138264,0.36592399028102507,0.7744825360804938,0.8508751470835435,3367,2923,6
superseg,random,2,23,0.1175587430794064,1.149503934314061,0.5970870909221893,0.6241493713884031,0.365480938627686,0.7749814194462455,0.8505074382249118,3360,2923,6
superseg,random,2,24,0.12188332779659805,1.1450564488539172,0.5964739244618216,0.6233861196796143,0.36518535255297735,0.775693724035252,0.8502437384434359,3347,2923,6
superseg,random,2,25,0.12644043466980337,1.142319534724598,0.5954905659141666,0.6227089350387384,0.36473509680771404,0.7761079593208943,0.8499684820978315,3339,2923,6
superseg,random,2,26,0.13130887189752904,1.138898392062949,0.5950421111918842,0.6224189703387888,0.36430825436120445,0.776776138846865,0.8495608505631197,3329,2923,6
superseg,random,2,27,0.1362503501169898,1.1361614779336298,0.5946602943199011,0.6215941018134664,0.3632204364806483,0.7770303832576904,0.8491343082871071,3321,2923,6
superseg,random,2,28,0.14253686551520459,1.1330824495381457,0.5937021500939806,0.620938529448363,0.3621362206460542,0.7776112131690801,0.8486090099176332,3312,2923,6
superseg,random,2,29,0.14829321103189066,1.1306876496749914,0.5926341434662161,0.6199461657858026,0.36124291324745184,0.7779263921907643,0.8482307950916121,3305,2923,6
superseg,random,2,30,0.15453878889821465,1.1279507355456722,0.5919605608713021,0.6193374200182068,0.3610051782139528,0.7783697440146004,0.8479786518742646,3297,2923,6
superseg,random,2,31,0.16185484112464926,1.1238453643516935,0.5913518151037062,0.6186314190096338,0.3606773920314011,0.7792942691448743,0.8478000504286434,3285,2923,6
superseg,random,2,32,0.16774767138387614,1.1207663359562094,0.5904819210038574,0.6181973724712001,0.3599695899998472,0.7798931092860745,0.8474512523113128,3276,2923,6
superseg,random,2,33,0.17312332890568088,1.1173451932945604,0.5897783213592594,0.6171743914179618,0.35937525241609963,0.7803186009653482,0.8470205076483441,3266,2923,6
superseg,random,2,34,0.17761250775485576,1.1139240506329113,0.5899374117225857,0.6171653863030565,0.35965441097816286,0.7813688975337993,0.8468314002353335,3256,2923,6
superseg,random,2,35,0.182569418171253,1.1115292507697572,0.588900022485499,0.6160523541007656,0.3595751659669965,0.7822703095358164,0.8465687510505967,3249,2923,6
superseg,random,2,36,0.18675220039109103,1.1091344509066028,0.588865803048859,0.6157155628033086,0.359490517886887,0.7826380183944481,0.846222054126744,3242,2923,6
superseg,random,2,37,0.19155750117589504,1.1060554225111188,0.5882318429595282,0.6148654799562515,0.3585035572932699,0.7829658045769997,0.8457913094637753,3233,2923,6
superseg,random,2,38,0.19897835778128986,1.1019500513171399,0.587039565746071,0.6139145398222554,0.35707714709227567,0.7833881444660568,0.8451010674062868,3221,2923,6
superseg,random,2,39,0.20485515861760265,1.0978446801231612,0.5860526051524538,0.6133850390658258,0.3564257771141281,0.7840353120572485,0.8448132038998151,3209,2923,6
superseg,random,2,40,0.20958541828144245,1.094423537461512,0.585346604143881,0.6129311812746003,0.3563753484706586,0.7850081646375141,0.8442206673390487,3199,2923,6
superseg,random,2,41,0.213815211760382,1.092028737598358,0.5838337448397963,0.6117208938313325,0.3559971336446375,0.7854809331700405,0.8441576315347118,3192,2923,6
superseg,random,2,42,0.21718260044174054,1.087923366404379,0.581589670205404,0.6095560642081066,0.35463736129394224,0.7859137790264871,0.8435861069087242,3180,2923,6
superseg,random,2,43,0.22198487482180243,1.084844338008895,0.5809809244378079,0.6085294811089061,0.35332261451777336,0.7863235117546767,0.8432183980500925,3171,2923,6
superseg,random,2,44,0.2271301518119455,1.081423195347246,0.580577495290052,0.608183684696544,0.3527138687501774,0.7871009533414981,0.8428254748697259,3161,2923,6
superseg,random,2,45,0.23289474265074409,1.0790283954840918,0.5797166063051086,0.6070058156669352,0.3517269081565602,0.7874791681675191,0.8425439149436881,3154,2923,6
superseg,random,2,46,0.23918007411636855,1.0749230242901129,0.578825700270481,0.6053920990759115,0.35084260587286303,0.7881971759959658,0.84222243234157,3142,2923,6
superseg,random,2,47,0.2453468305209038,1.0725282244269585,0.5789769862008893,0.6053993031678356,0.35053643196608403,0.7888335374492714,0.8419660867372668,3135,2923,6
superseg,random,2,48,0.25088968382267124,1.0697913102976395,0.5773632696098656,0.603785586576812,0.35018343146179753,0.7892579785318061,0.8413819549504119,3127,2923,6
superseg,random,2,49,0.2560824550838468,1.0632911392405062,0.5767167023596675,0.602768008592517,0.34911362381105193,0.7903725115865812,0.8408923768700621,3108,2923,6
superseg,random,2,50,0.2604583954643345,1.060896339377352,0.5761571845535537,0.6019323339293082,0.34857871998567913,0.7910280839516847,0.8407663052613884,3101,2923,6
superseg,random,2,51,0.2652316585642804,1.0581594252480329,0.5754643910468418,0.600675219888533,0.34737563663433557,0.7912098371875226,0.8402987897125568,3093,2923,6
superseg,random,2,52,0.27012147953778354,1.0561067396510435,0.5743549608905132,0.5994721365371896,0.34664081925806584,0.7915070059793965,0.8398470331148092,3087,2923,6
superseg,random,2,53,0.27420484641886284,1.0533698255217243,0.5741280319949004,0.5990002685161536,0.3464967374195816,0.791874714838028,0.8396999495713566,3079,2923,6
superseg,random,2,54,0.2776780758677938,1.0506329113924051,0.5737210008011824,0.5984491554839513,0.3459096039277582,0.7924252275292368,0.8394856278366113,3071,2923,6
superseg,random,2,55,0.2827319692295235,1.0465275401984262,0.5729945881988241,0.5978019878927595,0.3456910798060572,0.7932949715438369,0.8388058917465119,3059,2923,6
superseg,random,2,56,0.2874799914055961,1.0413958262059528,0.5705704112663265,0.5959865567278578,0.34452041486837254,0.7943791873784309,0.838324718440074,3044,2923,6
superseg,random,2,57,0.29127119314283456,1.036948340745809,0.5691079806057113,0.594203543976615,0.3436739340672775,0.7952154623826334,0.83775949739452,3031,2923,6
superseg,random,2,58,0.29637802788472434,1.0348956551488198,0.5683263366319342,0.5930436851768168,0.34322007627605206,0.7954796124198544,0.8374548243402253,3025,2923,6
superseg,random,2,59,0.30171768471057137,1.0297639411563462,0.5677860297376183,0.5915812545162015,0.34211064611972325,0.796635268832697,0.8368917044881493,3010,2923,6
superseg,random,2,60,0.3061926165442715,1.0253164556962024,0.5665469259266536,0.5901980688667526,0.3407562768379712,0.7969840669500275,0.8359713817448311,2997,2923,6
superseg,random,2,61,0.31151964014969014,1.0229216558330483,0.5660678538136935,0.5898702826842009,0.34065541955103223,0.7975009605455898,0.8357822743318205,2990,2923,6
superseg,random,2,62,0.3154063261711579,1.0212110845022238,0.5658121085503839,0.5892183123650597,0.34005747992132257,0.79766065124991,0.835652000336191,2985,2923,6
superseg,random,2,63,0.32055114140285573,1.0181320561067397,0.5650184577567332,0.5889625671017502,0.33982694897974774,0.7981891014096005,0.835147713901496,2976,2923,6
superseg,random,2,64,0.32619242630086903,1.0123161135819363,0.5640747217146611,0.5879684024162087,0.339463142337575,0.7993993888528684,0.8344122961842326,2959,2923,6
superseg,random,2,65,0.33113355207030315,1.0075265138556277,0.5623277294230395,0.5857171236898923,0.3374640068286059,0.8002629793722835,0.8338092536560765,2945,2923,6
superseg,random,2,66,0.33620480664201796,1.0044474854601437,0.5620629790448247,0.5855838479892943,0.337296511691368,0.8008429087721824,0.8334793662800469,2936,2923,6
superseg,random,2,67,0.34253145522027656,1.0013684570646595,0.5612309064275781,0.5844492035112308,0.3364896533958562,0.8013282844655765,0.8331894015800975,2927,2923,6
superseg,random,2,68,0.34723368643019836,0.9958946288060212,0.5600674455818178,0.5838656720653695,0.3367381945672415,0.8029693165718128,0.8326830139519248,2911,2923,6
superseg,random,2,69,0.35290173099726546,0.9914471433458775,0.5587436936907436,0.5821024705669183,0.3362897398449592,0.803758164637514,0.831735375693394,2898,2923,6
superseg,random,2,70,0.35832129261706186,0.9880260006842285,0.557807161740596,0.5813424388689139,0.3360484027654981,0.8046511718656196,0.8312205832913094,2888,2923,6
superseg,random,2,71,0.36295404492602645,0.9849469722887444,0.556694129538305,0.5804563355622357,0.3361204436847402,0.8055231671589463,0.8307919398218189,2879,2923,6
superseg,random,2,72,0.367982615423476,0.9815258296270954,0.556488812918465,0.5800096818629344,0.3361168416387781,0.8060369089642917,0.8304809631870904,2869,2923,6
superseg,random,2,73,0.3731107744776348,0.9770783441669517,0.5562612836818586,0.5797993442093291,0.3360272271013572,0.8069635352880437,0.830105900151286,2856,2923,6
superseg,random,2,74,0.3788397181660036,0.9733150872391378,0.5555300683515509,0.5790573227411351,0.33483494988789997,0.8075947938429028,0.8298211884350312,2845,2923,6
superseg,random,2,75,0.3837954702071154,0.969209716045159,0.5539703824499589,0.5773139324954757,0.3348745723934831,0.8086189755781285,0.829199235165574,2833,2923,6
superseg,random,2,76,0.3893117717565002,0.9647622305850154,0.5524971456514572,0.5759487570758373,0.3334517642384511,0.8091673870758592,0.8285730795091613,2820,2923,6
superseg,random,2,77,0.392836060522405,0.9609989736572015,0.5510010958951959,0.5740396727159208,0.3319353028884042,0.8096138906899121,0.8279868465288284,2809,2923,6
superseg,random,2,78,0.3980162726504365,0.955867259664728,0.5503617327369218,0.5733750952359122,0.3314472256605388,0.8105026955310616,0.8276422507984535,2794,2923,6
superseg,random,2,79,0.40293414256336785,0.9493670886075949,0.5476349839436073,0.5702106978582017,0.32924277353172965,0.8116152774776072,0.8264760884182215,2775,2923,6
superseg,random,2,80,0.4077359383880847,0.9442353746151214,0.5464967374195816,0.5685123331870684,0.32823600168532086,0.8128585836755278,0.8259140191628845,2760,2923,6
superseg,random,2,81,0.41252515208702295,0.942524803284297,0.5458375630085162,0.5675289746394134,0.3277569295723607,0.812972048123334,0.8256786854933602,2755,2923,6
superseg,random,2,82,0.4205104015046097,0.9373930892918235,0.5447371379670927,0.566536610976853,0.32651062166947187,0.8138167279014481,0.8251008572869389,2740,2923,6
superseg,random,2,83,0.4259199706014284,0.9326034895655149,0.5437249630517407,0.5650561700864273,0.3255278634628105,0.8147073337655788,0.8243423264414187,2726,2923,6
superseg,random,2,84,0.43039264718774367,0.9264454327745467,0.5405515605591249,0.5619998340875799,0.3242491371462627,0.8159467377470405,0.8235291645654732,2708,2923,6
superseg,random,2,85,0.43530376687552963,0.9230242901128977,0.5400977027678994,0.5612506085274618,0.32416989213509634,0.8165371731143289,0.8231992771894437,2698,2923,6
superseg,random,2,86,0.44272302796752705,0.918918918918919,0.54004727412443,0.5611083277119586,0.32405102461834684,0.8174436880147925,0.8229450327786183,2686,2923,6
superseg,random,2,87,0.44774743178382237,0.9131029763941156,0.538291276717903,0.5591794320992506,0.32244811416520947,0.8180950579929399,0.8218187930744664,2669,2923,6
superseg,random,2,88,0.4527042932058334,0.9079712624016422,0.5357122118090348,0.5560816725718389,0.3207443464251331,0.8187023029080518,0.8208963691376702,2654,2923,6
superseg,random,2,89,0.45731724200221074,0.9038658912076634,0.5346532102961755,0.5548785892204954,0.32026167226621083,0.819470139038974,0.8200684989073793,2642,2923,6
superseg,random,2,90,0.4629672637779227,0.8990762914813548,0.5324163397537074,0.5522707079439304,0.31861553726152814,0.8202034555627596,0.8196587661791899,2628,2923,6
superseg,random,2,91,0.4668948076585283,0.8936024632227164,0.5297688359715591,0.5493350404848135,0.3178519035175616,0.821574334221838,0.8192532358379558,2612,2923,6
superseg,random,2,92,0.4716415965985024,0.888128634964078,0.5287656661711125,0.54796085995027,0.3171963311524582,0.8232618927550849,0.8185073121533031,2596,2923,6
superseg,random,2,93,0.4771450166025042,0.8819705781731099,0.5275769910036173,0.5461238165095956,0.3166596263041043,0.8244498174963378,0.8179820137838291,2578,2923,6
superseg,random,2,94,0.4827204095228271,0.8771809784468012,0.5253833450126945,0.5436023843361211,0.31461726624359,0.8249877230266792,0.8171457387796268,2564,2923,6
superseg,random,2,95,0.48805372168802186,0.8717071501881628,0.522152309784685,0.5399751240522799,0.31241641616074295,0.8258765278678291,0.8156181711211968,2548,2923,6
superseg,random,2,96,0.49458378835068173,0.8662333219295245,0.5185754781443133,0.5363982924119082,0.3103758571232096,0.8266547198808923,0.8143070263909903,2532,2923,6
superseg,random,2,97,0.49898562083971376,0.8611016079370509,0.5165812545162015,0.5340767737893305,0.30907551853088916,0.8275813462046442,0.8138411617798909,2517,2923,6
superseg,random,2,98,0.502767463362524,0.8563120082107424,0.5161778253684456,0.5332447011720839,0.30952937632211464,0.8288021396153014,0.8133984102970487,2503,2923,6
superseg,random,2,99,0.5078157855738369,0.850838179952104,0.5150972115798137,0.5317678623276202,0.3091547635420555,0.8298863554498955,0.8123201978723915,2487,2923,6
superseg,random,2,100,0.5130307677916328,0.8433116660964762,0.5108359912066417,0.5279100711022042,0.3063073462090104,0.8312116081934539,0.8108703743726436,2465,2923,6
superseg,random,2,101,0.5175237704744046,0.8381799521040028,0.5106943107321322,0.5270023555197534,0.3055761308787027,0.8320205676824435,0.8101994933122014,2450,2923,6
superseg,random,2,102,0.5217401098081315,0.833732466643859,0.5089040938889653,0.525060852746178,0.3050970587657426,0.8329766107148862,0.8087454674254976,2437,2923,6
superseg,random,2,103,0.5264572670619203,0.8275744098528909,0.5064084763782192,0.5218964553684675,0.3027965520779439,0.8341270141440338,0.8075821566649857,2419,2923,6
superseg,random,2,104,0.5330061220359547,0.8217584673280875,0.5044003357543448,0.5198558963309342,0.30258943443512276,0.8355894448046489,0.806683746367937,2402,2923,6
superseg,random,2,105,0.5392191486445879,0.8159425248032843,0.5016781713831638,0.5173858751771006,0.30072521192037077,0.8363878983262493,0.806077552049564,2385,2923,6
superseg,random,2,106,0.5452871958724077,0.810126582278481,0.49985673680832526,0.5154527771774369,0.2999135508969094,0.8377497718704224,0.8053530905554356,2368,2923,6
superseg,random,2,107,0.5500362393257033,0.8046527540198426,0.4987905312035418,0.5139309127584468,0.29980548951804625,0.8387802571860817,0.8044831964555869,2352,2923,6
superseg,random,2,108,0.55706128955364,0.7981525829627095,0.4943696201260498,0.5094175491679274,0.29725884302283695,0.8399033451000169,0.802776727181039,2333,2923,6
superseg,random,2,109,0.5624445181036708,0.7940472117687307,0.493562761830538,0.5081964555867733,0.2967473524962178,0.8405652210455539,0.8020734277069376,2321,2923,6
superseg,random,2,110,0.5684281147454682,0.7878891549777626,0.4943912324018224,0.5087007420214682,0.29692385274836103,0.8423477835410512,0.800923474533535,2303,2923,6
superseg,random,2,111,0.5743528073921665,0.7803626411221348,0.4934078738541674,0.5073139543260572,0.2963187090267272,0.843974707633936,0.7997344991955431,2281,2923,6
superseg,random,2,112,0.5795917096739669,0.7752309271296614,0.49352554068892945,0.5070942295223687,0.29656725019811253,0.8451461229978628,0.7990978375717407,2266,2923,6
superseg,random,2,113,0.5847821722508806,0.7687307560725283,0.4914579663066804,0.5046880628196816,0.29473380880340033,0.8465968470091012,0.7980766575414836,2247,2923,6
superseg,random,2,114,0.589779782759537,0.7612042422169004,0.48835660473330667,0.5010301851451624,0.29254016281247747,0.8478836779290637,0.796839054583003,2225,2923,6
superseg,random,2,115,0.5942813241228359,0.755730413958262,0.48508234495375185,0.4972210215402349,0.29044737410849364,0.8486117414691544,0.7957560394303966,2209,2923,6
superseg,random,2,116,0.5993477053122545,0.7499144714334588,0.48220791227599097,0.4944222318276781,0.28906058641308263,0.8502209555027256,0.7943497406526907,2192,2923,6
superseg,random,2,117,0.6044987812957372,0.7437564146424905,0.4819347571238646,0.49376185673462525,0.2900541507576303,0.8519987152702735,0.7929083219268543,2174,2923,6
superseg,random,2,118,0.6093775399829694,0.7386247006500171,0.4814304706891696,0.4931062843695219,0.2893481497490574,0.8532369185697476,0.7919354693465889,2159,2923,6
superseg,random,2,119,0.6137613994151508,0.732124529592884,0.47885860987222556,0.49093785270033374,0.2879613620536465,0.8542528456163101,0.7901179369882092,2140,2923,6
superseg,random,2,120,0.6186514155446029,0.7263085870680808,0.476809045719787,0.48835518574550346,0.2854795523857551,0.8552139915471988,0.789140882020988,2123,2923,6
superseg,random,2,121,0.6238458938007515,0.7204926445432774,0.474981007394018,0.48652714741973446,0.28377758566865985,0.856455796892635,0.7881428151189878,2106,2923,6
superseg,random,2,122,0.6297880816241255,0.7139924734861444,0.4715158391784715,0.48276661143529526,0.28168479696467597,0.8577417273011072,0.7868805981797661,2087,2923,6
superseg,random,2,123,0.6329346711989332,0.705097502565857,0.46733626518044064,0.47822443147707894,0.27863386403477175,0.8592763489662129,0.7857810736498332,2061,2923,6
superseg,random,2,124,0.6371832088884356,0.6989394457748889,0.4650417619025789,0.4756777849818697,0.2769949331220133,0.8600524397857984,0.7839443303796556,2043,2923,6
superseg,random,2,125,0.641955850965483,0.6938077317824153,0.4635361066904183,0.4744999159522609,0.27578104363278344,0.8611555663616934,0.7832089126623922,2028,2923,6
superseg,random,2,126,0.6462555499422552,0.6879917892576121,0.4610169667280105,0.4715714525850684,0.2741024902144418,0.8620470727373147,0.7821376041591626,2011,2923,6
superseg,random,2,127,0.651827243872581,0.6818337324666438,0.4589493923457615,0.46903201018178325,0.27273731479480345,0.8633420082606921,0.7810981137285978,1993,2923,6
superseg,random,2,128,0.6588067306734555,0.6739651043448511,0.4563739294828553,0.4657793626780011,0.2691568811084696,0.8644086641212209,0.7787594853877003,1970,2923,6
superseg,random,2,129,0.6634155029364551,0.667464933287718,0.4522063623046982,0.46181351007372184,0.2673090315299089,0.8656051437216339,0.7771328614653124,1951,2923,6
superseg,random,2,130,0.6681824521050633,0.6619911050290798,0.45079135858258396,0.46039850635160773,0.26619659966861176,0.8668175323583795,0.7760963727397162,1935,2923,6
superseg,random,2,131,0.6728671943036763,0.6537803626411222,0.44733339445896175,0.45668839901063807,0.2645936892154743,0.8687512306990369,0.7744496373940398,1911,2923,6
superseg,random,2,132,0.677205746045899,0.6472801915839891,0.44619514793493614,0.4553808563263934,0.26481341401916286,0.8702783481017218,0.7733005847321278,1892,2923,6
superseg,random,2,133,0.681754082239847,0.6400957919945262,0.4443941249538829,0.4526324952573061,0.2636967797709099,0.8718374336623202,0.7718912842494536,1871,2923,6
superseg,random,2,134,0.6872662012007055,0.6318850496065685,0.43987055556647087,0.44776793218548133,0.26120236294215116,0.8732143157313353,0.7695484535216002,1847,2923,6
superseg,random,2,135,0.6924103117377328,0.6250427642832707,0.43538469850875294,0.44284213433230074,0.2572761328434551,0.8740073661839924,0.7682536680834714,1827,2923,6
superseg,random,2,136,0.6976597851312399,0.617174136161478,0.4337961962394641,0.4411095502245275,0.2566926013975938,0.8756200321782773,0.7666714693946161,1804,2923,6
superseg,random,2,137,0.7027260026007398,0.6096476223058501,0.4305939773791514,0.4374246572052926,0.25592176356170304,0.8772337487693009,0.7650937732632135,1782,2923,6
superseg,random,2,138,0.7060821188105177,0.6024632227163873,0.42812297384914627,0.4350202915255865,0.25426122037317195,0.8787361021059963,0.7634248253007708,1761,2923,6
superseg,random,2,139,0.7107032571657051,0.5956209373930893,0.4250720409192421,0.43161635809139587,0.2529500756429652,0.8801808227072978,0.7625333189251494,1741,2923,6
superseg,random,2,140,0.7161943312095341,0.5870680807389668,0.42371046754556585,0.43055735657853667,0.2510590015128593,0.8817481629565593,0.7604567394279951,1716,2923,6
superseg,random,2,141,0.7206795081153208,0.579883681149504,0.4203785750306173,0.42760367888960926,0.2505907355377855,0.883734691304661,0.7591194798645631,1695,2923,6
superseg,random,2,142,0.725805199066648,0.5713308244953814,0.41628304877170236,0.4234829383089595,0.2472954638234517,0.8848020975914318,0.7566511778690296,1670,2923,6
superseg,random,2,143,0.7302920680232287,0.5638043106397537,0.41161479720481237,0.41867060490358526,0.24373304036692842,0.885707711980405,0.7543596762961362,1648,2923,6
superseg,random,2,144,0.7352055870788456,0.5542251111871365,0.40959765146603266,0.4163328770741781,0.24313870278318084,0.8880494921115193,0.75295818024638,1620,2923,6
superseg,random,2,145,0.7407725834383729,0.5473828258638386,0.40674843311000647,0.41328194414427394,0.24195362966164782,0.8894419830463705,0.751611015056552,1600,2923,6
superseg,random,2,146,0.7451162094521844,0.5408826548067054,0.40114244891098144,0.4070924284993876,0.23744266743510312,0.8901041591624043,0.7497688687174315,1581,2923,6
superseg,random,2,147,0.7495981749560288,0.5316455696202531,0.3972342290420959,0.40273035083927666,0.2369383810004082,0.8927600677184642,0.7479585404509761,1554,2923,6
superseg,random,2,148,0.754099806255008,0.5244611700307903,0.3947596234661287,0.4002557452633096,0.23574970583291308,0.8947276853252647,0.7467341449943569,1533,2923,6
superseg,random,2,149,0.7587351106989718,0.5145398563120082,0.3895474629589607,0.39431236942583386,0.23242861945585092,0.8967574382249117,0.743577852220061,1504,2923,6
superseg,random,2,150,0.7639591706898461,0.5039343140608964,0.3835236414283313,0.38796376341762123,0.23046370338352182,0.8990294287155104,0.7413914103210624,1473,2923,6
superseg,random,2,151,0.7684486017548996,0.49606568593910366,0.37850238935715486,0.38273539370362364,0.22727589270705764,0.9004729486348245,0.7389144033811205,1450,2923,6
superseg,random,2,152,0.7749628436280364,0.4864864864864865,0.37294443243762454,0.37704236006051434,0.22586749273587398,0.9025159090363326,0.736598287827486,1422,2923,6
superseg,random,2,153,0.7802879030580542,0.4762230585015395,0.36838064020363565,0.3727307110438729,0.22470763393607568,0.9044970343154912,0.7339015560838557,1392,2923,6
superseg,random,2,154,0.7851945192250209,0.46767020184741703,0.3657097231227337,0.37028672285858366,0.22327221862017624,0.9062410249021443,0.7314005355041663,1367,2923,6
superseg,random,2,155,0.7905944468799013,0.4594594594594595,0.36224455490718727,0.36622001296736545,0.22034015320702158,0.9071991691280649,0.7292357058809403,1343,2923,6
superseg,random,2,156,0.7956112753524839,0.450906602805337,0.35773119131666786,0.3613032202290901,0.21814650721609877,0.9088831256153496,0.7266740508608889,1318,2923,6
superseg,random,2,157,0.7994508124701922,0.44098528908655493,0.35602742357659145,0.35922964243690414,0.21935079124942966,0.9118350022812958,0.7243490802775977,1289,2923,6
superseg,random,2,158,0.8048460144327415,0.43072186110160793,0.35254424513123456,0.3562507504262421,0.21717875753427945,0.9144718500108063,0.7224778174002833,1259,2923,6
superseg,random,2,159,0.8079779281327987,0.42148477591515565,0.3479768508512835,0.3515068558941479,0.2132417212976971,0.9155686730062677,0.7187626071608674,1232,2923,6
superseg,random,2,160,0.812535157758102,0.4122476907287034,0.3441586821314507,0.3471375741421127,0.21186573974017242,0.9173471832000576,0.7168940458180246,1205,2923,6
superseg,random,2,161,0.8179777190143848,0.403352719808416,0.3411833921667507,0.34438921307302545,0.2107605119707994,0.9194471759959657,0.714754280431285,1179,2923,6
superseg,random,2,162,0.8217110272747636,0.3951419774204584,0.3405098095718368,0.34371563047811154,0.2113620536464712,0.9212043740844799,0.7131750834473981,1155,2923,6
superseg,random,2,163,0.8257924396320249,0.38522066370167635,0.3360973032682564,0.33866916408520037,0.21018598563984345,0.9232841954230002,0.7103345700357804,1126,2923,6
superseg,random,2,164,0.8302408229679363,0.3770099213137188,0.3309751939101409,0.3335218404053502,0.20800314578680687,0.925325955142521,0.707430420478832,1102,2923,6
superseg,random,2,165,0.834781072450389,0.3677728361272665,0.3253740124390654,0.32794587325600943,0.20497382513267537,0.9267862846096582,0.7039028167999423,1075,2923,6
superseg,random,2,166,0.8400092736343864,0.3595620937393089,0.322993060058113,0.32581706409240446,0.2042318036644814,0.9288799738251325,0.7017902168431669,1051,2923,6
superseg,random,2,167,0.8443579520424416,0.35066712281902157,0.3174855317820522,0.3203095358163437,0.2004892779098528,0.930076603510794,0.6982626131642772,1025,2923,6
superseg,random,2,168,0.8489237279850487,0.3421142661648991,0.3151405998607209,0.3182167471123598,0.19862341810148162,0.9320937492495737,0.6963991547198809,1000,2923,6
superseg,random,2,169,0.8530703234073114,0.3308244953814574,0.30979516365295484,0.3128713109045938,0.1951690560238215,0.9343753451960713,0.6928229234205028,967,2923,6
superseg,random,2,170,0.858146345961935,0.32158741019500514,0.30250462262565136,0.30558076987729027,0.19139771390149604,0.935887153903417,0.6895863350383017,940,2923,6
superseg,random,2,171,0.8635906659610584,0.31166609647622306,0.2965792570179862,0.29968061859135986,0.18622877794587325,0.9370836335038303,0.6862763549696228,911,2923,6
superseg,random,2,172,0.8683207251659876,0.301744782757441,0.2909060346276685,0.2933770381576736,0.18408556059841988,0.9394726904881974,0.6830261088298153,882,2923,6
superseg,random,2,173,0.8734606372517357,0.2925076975709887,0.28664481425449656,0.28888888888888886,0.18206841485964026,0.9409813474053261,0.6794783937276373,855,2923,6
superseg,random,2,174,0.878345039997365,0.28156004105371196,0.2799738251326754,0.28221789976706774,0.17859964459813174,0.9432806534111375,0.6752392358859832,823,2923,6
superseg,random,2,175,0.8832771537045696,0.27198084160109476,0.2743762457075619,0.27636817712460676,0.1762547126768004,0.9449490010325867,0.6720024974185337,795,2923,6
superseg,random,2,176,0.8882215511938152,0.2637700992131372,0.26903080949979585,0.27102274091684075,0.1749183536248589,0.9466569711596188,0.6695349458492423,771,2923,6
superseg,random,2,177,0.892783253190268,0.2528224426958604,0.26170965108181443,0.26370158249885933,0.17208354345268112,0.9485090231251351,0.666185643445477,739,2923,6
superseg,random,2,178,0.8973820389600763,0.24290112897707836,0.25522596835002276,0.25721789976706766,0.17032934706913527,0.9505117606800664,0.6622906310784525,710,2923,6
superseg,random,2,179,0.9011195742833785,0.23058501539514198,0.24735970030977594,0.24935163172682082,0.1654023485339673,0.9525943435871576,0.6576391890593857,674,2923,6
superseg,random,2,180,0.9061038904361189,0.2210058159425248,0.241340681507096,0.24290396945465023,0.16191917008861031,0.9543518418461685,0.6540617570780203,646,2923,6
superseg,random,2,181,0.9103054268483028,0.21176873075607253,0.23746848209783153,0.23903177004538578,0.16082054607016785,0.9561975902312514,0.6503804661047474,619,2923,6
superseg,random,2,182,0.9171091299871506,0.20013684570646595,0.23252647503782148,0.233661119515885,0.16029104531373822,0.9586220673342458,0.6462372127368345,585,2923,6
superseg,random,2,183,0.9209569015122626,0.1888470749230243,0.2252773575390822,0.22618507312153302,0.15573986024061667,0.9605278498186972,0.6423169860480753,552,2923,6
superseg,random,2,184,0.9260029308916513,0.17755730413958262,0.21819213313161878,0.21909984871406957,0.15463043008428787,0.9635119948130538,0.6389772891002089,519,2923,6
superseg,random,2,185,0.9325449725367945,0.16592541908997605,0.20969130466104746,0.21059902024349827,0.1507582306750234,0.9660264029969021,0.634676146050957,485,2923,6
superseg,random,2,186,0.9364771402617171,0.1546356483065344,0.201489446005331,0.2021450183704344,0.145974713637346,0.9681675191508777,0.6304155260187786,452,2923,6
superseg,random,2,187,0.9408394922717868,0.14334587752309272,0.20054210791729704,0.2009707513867877,0.14623766299257976,0.9709610558797397,0.6272736414283313,419,2923,6
superseg,random,2,188,0.9453051674584365,0.13274033527198084,0.19534795763993948,0.19577660110943015,0.14548123334053742,0.9735494260740101,0.623336305021252,388,2923,6
superseg,random,2,189,0.9502679979544447,0.12145056448853918,0.19154059505799292,0.1919692385274836,0.1473470931489086,0.9772010001680955,0.6194863182287539,355,2923,6
superseg,random,2,190,0.9547748978166034,0.1094765651727677,0.1847831568330812,0.18521180030257187,0.1448004466536993,0.9796593965372333,0.614908267896165,320,2923,6
superseg,random,2,191,0.9584136189130592,0.09750256585699624,0.18054354873568185,0.1809721922051725,0.1433488221309704,0.9813606128280862,0.6102943471892035,285,2923,6
superseg,random,2,192,0.9647444438102167,0.08552856654122477,0.17147359700309775,0.17167531157697571,0.1374702831208126,0.9835095334149796,0.6049324016041111,250,2923,6
superseg,random,2,193,0.9688606278075036,0.0735545672254533,0.1645396585260428,0.16474137309992073,0.13643649592968804,0.9861366256033427,0.5996857214898061,215,2923,6
superseg,random,2,194,0.9749874658753213,0.06089633937735203,0.15847561414883654,0.15847561414883654,0.1328182407607521,0.9882682863866675,0.5946158417981413,178,2923,6
superseg,random,2,195,0.9789658280885268,0.04994868286007526,0.151894676176068,0.151894676176068,0.13052373748289028,0.9906510397906009,0.5902033354945609,146,2923,6
superseg,random,2,196,0.9848042498546895,0.037290455011974,0.1408255889345148,0.1408255889345148,0.1268172321878827,0.9930485015488798,0.5841284849794683,109,2923,6
superseg,random,2,197,0.9911613614751865,0.02531645569620253,0.12960521576255313,0.12960521576255313,0.11955550752827604,0.9946304000672382,0.5787842494536897,74,2923,6
superseg,random,2,198,0.9955585351278325,0.012658227848101266,0.1199697428139183,0.1199697428139183,0.11550680786686837,0.9969787839492833,0.572926422207814,37,2923,6
superseg,random,2,199,0.9999557408467605,0.00034211426616489907,0.11321230458900655,0.11321230458900655,0.11270801815431165,0.9998739283913264,0.5684532814638714,1,2923,6
superseg,random,2,0,0.00011425193750191909,1.2145056448853917,0.6013631336181839,0.6300693339271252,0.3794766882134507,0.7620644225920322,0.8575474869726005,3550,2923,7
superseg,random,2,1,0.004549890219963472,1.2121108450222375,0.6013775418020324,0.6295866597682028,0.37859058490677244,0.7622619347789544,0.8571923852748362,3543,2923,7
superseg,random,2,2,0.009425258267317426,1.2086897023605885,0.6008300308157921,0.6286069032665099,0.37793141049570705,0.7626779710875778,0.8569192301227097,3533,2923,7
superseg,random,2,3,0.015766826469217777,1.2059527882312693,0.6007111632990426,0.6280485861423835,0.37780894093299544,0.76315494200706,0.8565620272314675,3525,2923,7
superseg,random,2,4,0.02159182566786835,1.20390010263428,0.6006139080580657,0.6277784326952254,0.3774631445206332,0.7636214069591528,0.8563834257858463,3519,2923,7
superseg,random,2,5,0.02693893850562703,1.2028737598357853,0.6001852645885751,0.6273497892257348,0.37703450105114256,0.7636844427634897,0.8561943183728358,3516,2923,7
superseg,random,2,6,0.03054335035535361,1.2004789599726309,0.6006103060121036,0.6274326362828633,0.37742352201505003,0.7642454614220878,0.8560913598924189,3509,2923,7
superseg,random,2,7,0.037227150674509005,1.1980841601094765,0.5995585085911685,0.6263051958967238,0.37637532664007706,0.7645291225416037,0.855906454866364,3502,2923,7
superseg,random,2,8,0.04317125159298047,1.1950051317139925,0.5993447871974169,0.625654207953754,0.3761140145784624,0.7652697932425618,0.8557751302739955,3493,2923,7
superseg,random,2,9,0.04774236910215889,1.1915839890523434,0.5984380539911375,0.6247834952070958,0.37531654343303356,0.7656795259707514,0.8552204151958311,3483,2923,7
superseg,random,2,10,0.053101234321214566,1.1888470749230242,0.5975975765999794,0.6238901878084934,0.3748806958716187,0.76615304492952,0.8549157421415364,3475,2923,7
superseg,random,2,11,0.05730575223387615,1.1867943893260349,0.5969239940050656,0.6232850440868595,0.37445205240212803,0.7666573313642149,0.8548779206589343,3469,2923,7
superseg,random,2,12,0.06273555345825356,1.1816626753335615,0.5967619019367706,0.6231427632713563,0.374687986412646,0.7677562555531542,0.8545333249285594,3454,2923,7
superseg,random,2,13,0.06674896508065489,1.179952104002737,0.5960937224107999,0.6224745837453857,0.37475102221698287,0.7682479348269817,0.8542811817112119,3449,2923,7
superseg,random,2,14,0.07225205524658837,1.175846732808758,0.5953841193562649,0.6216389090821769,0.3740738375761069,0.7689980608985904,0.8539828122373508,3437,2923,7
superseg,random,2,15,0.07629983977345083,1.1731098186794389,0.5948420114389679,0.6207726170282902,0.37374965343951727,0.7693909840789569,0.8538252227265086,3429,2923,7
superseg,random,2,16,0.0800512997740142,1.1690044474854602,0.5939937296148919,0.6196793960787909,0.37303884970299495,0.7701594205508728,0.853272608841822,3417,2923,7
superseg,random,2,17,0.0851853272850016,1.1648990762914813,0.5921945076568196,0.6182079603032705,0.3719834502360978,0.771101805825709,0.8528460665658093,3405,2923,7
superseg,random,2,18,0.08959860011370722,1.162504276428327,0.5920900483239185,0.6179774293616956,0.3720302768336051,0.7718897533799198,0.852692679441923,3398,2923,7
superseg,random,2,19,0.09530846776651675,1.159767362299008,0.591560547567489,0.6180026436834304,0.37182856225972716,0.77246007732392,0.8523775004202387,3390,2923,7
superseg,random,2,20,0.10015756706611459,1.1563462196373588,0.5909041276621592,0.617109336284828,0.371315270710127,0.7729769709194823,0.8519940326105229,3380,2923,7
superseg,random,2,21,0.1055012171091558,1.1536093055080396,0.5901657082399273,0.6160035081744613,0.37085420882697734,0.773445236894556,0.8517523953605649,3372,2923,7
superseg,random,2,22,0.11032074516011728,1.1508723913787204,0.5901152795964579,0.615859426335977,0.3703967489897898,0.7738024397857982,0.8514477223062701,3364,2923,7
superseg,random,2,23,0.11601435864437247,1.149161820047896,0.5898631363791104,0.6156829260838338,0.3702454630593814,0.7744012799269985,0.8513426626323753,3359,2923,7
superseg,random,2,24,0.12237791777916074,1.1471091344509066,0.5894344929096197,0.6149517107535263,0.3697916052681559,0.7746849410465143,0.8511745671541435,3353,2923,7
superseg,random,2,25,0.1272373885091576,1.1450564488539172,0.5890310637618638,0.614436618180945,0.3693305433850063,0.7749559950051629,0.8508698940998487,3347,2923,7
superseg,random,2,26,0.1315340588819382,1.1426616489907628,0.5889482167047353,0.6139071174245152,0.3688766855937809,0.775355221765963,0.850684989073794,3340,2923,7
superseg,random,2,27,0.13566920660310902,1.1382141635306193,0.5888401553258722,0.6133019737028815,0.3682967561938818,0.7762626371779171,0.8501071608673727,3327,2923,7
superseg,random,2,28,0.1414541427039477,1.1361614779336298,0.5883430729831014,0.6126608095216264,0.36761957155300573,0.7765778161996014,0.8498760295848041,3321,2923,7
superseg,random,2,29,0.14555656167952744,1.1330824495381457,0.5877721486981075,0.6117512929161946,0.3668541367860581,0.7770316739908268,0.8493234157001177,3312,2923,7
superseg,random,2,30,0.14961700396699157,1.1310297639411564,0.5873687195503516,0.6113478637684386,0.36687935110779285,0.7775923924789282,0.8491826357370985,3306,2923,7
superseg,random,2,31,0.15457944730431145,1.1276086212795073,0.5874299543317074,0.6113136443317986,0.3670450452220498,0.7782290541027304,0.8487834089762986,3296,2923,7
superseg,random,2,32,0.15999027100128696,1.1241874786178583,0.5880771219228993,0.6120196453403715,0.36759976030021413,0.7792943591960233,0.8484787359220037,3286,2923,7
superseg,random,2,33,0.16396838335991812,1.1207663359562094,0.5877493357403476,0.6117747062149483,0.36710628000340556,0.780248000864491,0.8481929736090099,3276,2923,7
superseg,random,2,34,0.1671464324367248,1.1176873075607252,0.5878718053030592,0.6115045527677901,0.3674556784617299,0.7808993708426386,0.8481845688350983,3267,2923,7
superseg,random,2,35,0.17332191458964705,1.1128977078344167,0.5878934175788318,0.6116054100547292,0.3671194875052666,0.7818199937564536,0.8477958480416876,3253,2923,7
superseg,random,2,36,0.17817451369736237,1.108792336640438,0.5874575700174169,0.6108237660809521,0.3666656297140412,0.7825668179525971,0.8473924188939317,3241,2923,7
superseg,random,2,37,0.18311935296930085,1.1074238795757783,0.5872810697652737,0.6107985517592175,0.3666656297140412,0.7830837115481594,0.8471357731191316,3237,2923,7
superseg,random,2,38,0.18883373840266948,1.1043448511802942,0.5866327014920946,0.6100241118773646,0.36644590491035267,0.7839662128088754,0.8470622313474053,3228,2923,7
superseg,random,2,39,0.1938461337011997,1.0992131371878207,0.5842769634328769,0.6073009651300121,0.3646052594237163,0.7848712268568546,0.8460242417693249,3213,2923,7
superseg,random,2,40,0.19838318187405715,1.0964762230585015,0.5832737936324303,0.6059808152849,0.3641820190231688,0.785228429748097,0.8456376221693923,3205,2923,7
superseg,random,2,41,0.20401370787661033,1.0930550803968526,0.5823156494065099,0.6048713851285712,0.36324908911898324,0.7857327161827918,0.8454064908868237,3195,2923,7
superseg,random,2,42,0.20889007346325073,1.0906602805336982,0.5821787716599499,0.6046696705546932,0.3632382829810969,0.7862054847153183,0.845303532406407,3188,2923,7
superseg,random,2,43,0.2140551070263278,1.0872391378720492,0.5808135962403115,0.6034161585598802,0.3623521796744187,0.7867412890521818,0.8449799486108109,3178,2923,7
superseg,random,2,44,0.2184263807973871,1.0831337666780705,0.5797762070032249,0.6026056982184063,0.36214686305457866,0.787783180846721,0.8446815791369499,3166,2923,7
superseg,random,2,45,0.22415476488533256,1.078344166951762,0.5789441343859782,0.6016691662682586,0.36077448354301606,0.7884229942607401,0.843956667387076,3152,2923,7
superseg,random,2,46,0.2292360267454894,1.0759493670886076,0.5781066586997886,0.600907333547273,0.3603152226828475,0.7887381732824243,0.843830595778402,3145,2923,7
superseg,random,2,47,0.2332314007662432,1.0725282244269585,0.5773502290477462,0.6004606798479718,0.35973589362394204,0.7892685745503446,0.8435133155632399,3135,2923,7
superseg,random,2,48,0.23784011379125083,1.0697913102976395,0.5778220970687821,0.6006119657783803,0.3602149657369022,0.7899115397545806,0.8433977499219556,3127,2923,7
superseg,random,2,49,0.24234446195299522,1.0673965104344851,0.5766874525907186,0.5993908721972263,0.35930364810848925,0.7901888972936628,0.8428304276829238,3120,2923,7
superseg,random,2,50,0.24578926375918383,1.0643174820390011,0.5764064930056743,0.5996754338282326,0.3595774036016094,0.7910230711043872,0.842546766563408,3111,2923,7
superseg,random,2,51,0.2507960367902591,1.0598699965788574,0.5760462884094637,0.5985849962778859,0.35946017337847896,0.7917668935955622,0.8422820161851933,3098,2923,7
superseg,random,2,52,0.255463231725126,1.057475196715703,0.5754951753772614,0.5978357707177677,0.35834714117618804,0.792113590519415,0.8418827894243931,3091,2923,7
superseg,random,2,53,0.2606634815892225,1.054054054054054,0.573251100742869,0.5956925533703142,0.3567838532286338,0.7927406466873184,0.8411746872223422,3081,2923,7
superseg,random,2,54,0.26588719607649697,1.05097502565857,0.5719004426599871,0.5941166582618927,0.35611387267968203,0.7930715846600868,0.8409582642941191,3072,2923,7
superseg,random,2,55,0.2712545636344999,1.047895997263086,0.5711692273296795,0.5931657181278965,0.3554042696251471,0.7937397641860576,0.8405380255985401,3063,2923,7
superseg,random,2,56,0.2763621725055225,1.0444748546014369,0.5693664033256453,0.5916654659846793,0.3550872895804817,0.794682899887136,0.8399980188747207,3053,2923,7
superseg,random,2,57,0.28145823474641596,1.040711597673623,0.5687726660828912,0.5904605816103548,0.35492879955814904,0.795504466536993,0.8398383281704008,3042,2923,7
superseg,random,2,58,0.2858941272753531,1.0366062264796443,0.567411092709215,0.588980140719929,0.3547991259035132,0.7969164685541387,0.8395126431813268,3030,2923,7
superseg,random,2,59,0.28987682969305933,1.0325008552856654,0.566364698357223,0.5877860624834906,0.35380676224095287,0.7974993996590064,0.838907499459693,3018,2923,7
superseg,random,2,60,0.29721270338663225,1.0290797126240163,0.564430399675572,0.5857653146987489,0.3526865259467377,0.7980057872871792,0.8384872607641138,3008,2923,7
superseg,random,2,61,0.3009692700135019,1.023263770099213,0.563893694827218,0.5850809259659486,0.35157349374444685,0.798890389741373,0.8379283432989939,2991,2923,7
superseg,random,2,62,0.30650376054270756,1.0191583989052344,0.5633737995266873,0.5844469658766179,0.3512168911941983,0.7995659234445164,0.8375543308599285,2979,2923,7
superseg,random,2,63,0.3110148320483403,1.0150530277112555,0.5619744046704089,0.5837643781667987,0.3502965684508801,0.8005366748313042,0.8370101217491536,2967,2923,7
superseg,random,2,64,0.3152378805322497,1.009579199452617,0.5593653227118565,0.5803586437096271,0.349075474869726,0.8014233784789762,0.835854465336311,2951,2923,7
superseg,random,2,65,0.32008022712598955,1.0051317139924736,0.5585260460026857,0.5788421823595803,0.3472204211992411,0.8019528792354056,0.835089630910357,2938,2923,7
superseg,random,2,66,0.3244377037729896,1.0,0.5574040086854896,0.5778065941454746,0.3468277981893716,0.8031649677016546,0.8345853444756621,2923,2923,7
superseg,random,2,67,0.3279220528618528,0.9952104002736915,0.5564206501378344,0.577075378815167,0.34594529692865544,0.8039255997406526,0.8339591888192492,2909,2923,7
superseg,random,2,68,0.33361632998931745,0.9914471433458775,0.5545043616859938,0.5752167230987201,0.34504838748409095,0.8045496542035876,0.8334128785149965,2898,2923,7
superseg,random,2,69,0.3388141390813527,0.9880260006842285,0.5529158594167048,0.5739055783685133,0.3441154575799054,0.8051737086665226,0.8328932833849626,2888,2923,7
superseg,random,2,70,0.344239085107938,0.9849469722887444,0.5523575422925784,0.5732319957735994,0.34315371130802297,0.8055729354273226,0.8322188002785582,2879,2923,7
superseg,random,2,71,0.349641966781074,0.9815258296270954,0.5517199801572855,0.5728213625339192,0.3424152918857911,0.8059595550272554,0.8316977042960401,2869,2923,7
superseg,random,2,72,0.35577548227784817,0.9787889154977762,0.5505259019208472,0.5716272842974809,0.34172550008404773,0.8064344247532599,0.8310313257930505,2861,2923,7
superseg,random,2,73,0.36085840094269206,0.9746835443037974,0.5501813061904723,0.5712826885671061,0.34150697596234664,0.8073379379487549,0.8303900115265471,2849,2923,7
superseg,random,2,74,0.36571172270494784,0.9698939445774889,0.5478579865449137,0.5686063684172611,0.3400409432557693,0.8081595045986121,0.8293898434310688,2835,2923,7
superseg,random,2,75,0.36993121259346917,0.9657885733835101,0.5471988121338482,0.5675941935019091,0.33933134020123434,0.808827083783589,0.8289191760920204,2823,2923,7
superseg,random,2,76,0.3737347647931409,0.9616832021895313,0.5450135709168369,0.5655422279854958,0.3375183104003074,0.8093965072160987,0.828182707778018,2811,2923,7
superseg,random,2,77,0.3807422048021466,0.9575778309955525,0.5424597203297035,0.5629883773983623,0.3359730326825637,0.8102396861417286,0.8276216891194199,2799,2923,7
superseg,random,2,78,0.3858807293386746,0.9534724598015737,0.5415772190689873,0.5621130802295704,0.3352130009845592,0.8113428127176237,0.8270407091227817,2787,2923,7
superseg,random,2,79,0.39154945554148723,0.9490249743414301,0.5407343403138545,0.5614286914967702,0.334125183104003,0.8119290456979565,0.8261041771726342,2774,2923,7
superseg,random,2,80,0.3967276919567398,0.9438932603489566,0.5390377766657023,0.5593106884710515,0.33233496626083614,0.8126707669956537,0.825057782820642,2759,2923,7
superseg,random,2,81,0.4017151716338439,0.938761546356483,0.5378743158199419,0.5582228705904954,0.33124714838027997,0.8136298117330645,0.824257228105564,2744,2923,7
superseg,random,2,82,0.40711406516660686,0.935682517960999,0.5377230298895334,0.5583741565209039,0.3308437192325241,0.8144576819633553,0.823895822827366,2735,2923,7
superseg,random,2,83,0.4128485546850761,0.9326034895655149,0.5369918145592257,0.5576429411905962,0.3304655044065029,0.8154011178349302,0.8233663220709364,2726,2923,7
superseg,random,2,84,0.4172629320744713,0.9278138898392063,0.5361633439879413,0.5566793938957327,0.3302061570972312,0.8166908003746127,0.8230805597579425,2712,2923,7
superseg,random,2,85,0.4210671659642699,0.9226821758467328,0.5333357379076877,0.5535996445981317,0.3275298369473861,0.8171782772614844,0.8220656833081191,2697,2923,7
superseg,random,2,86,0.4259232606362011,0.9196031474512487,0.5336419118144667,0.554082318757054,0.3276090819585525,0.8176720577287899,0.8218303496385948,2688,2923,7
superseg,random,2,87,0.4318399327993126,0.9161820047895998,0.5330187578630223,0.5535852364142834,0.3270759791561607,0.8184705112503903,0.8211516641452344,2678,2923,7
superseg,random,2,88,0.4371412030054036,0.9113924050632911,0.5328674719326139,0.5528540210839757,0.3266725500084047,0.8196713433230075,0.8208385863170281,2664,2923,7
superseg,random,2,89,0.44119216612296597,0.9066028053369826,0.5311853164683101,0.55130514132027,0.32569639555267393,0.8206820173858753,0.8202649604975628,2650,2923,7
superseg,random,2,90,0.4466978080479676,0.8997605200136846,0.5289886687724189,0.5485297649064669,0.32289940686309826,0.8214289916672671,0.8190756849890737,2630,2923,7
superseg,random,2,91,0.45207341412214835,0.8939445774888812,0.5274307838938078,0.5471531830079486,0.32221201642532954,0.8233124114497035,0.818276030785486,2613,2923,7
superseg,random,2,92,0.45755350184192933,0.8874444064317482,0.5260403941524348,0.5458456403237039,0.3211205964988113,0.8246919950531901,0.8175952440986481,2594,2923,7
superseg,random,2,93,0.46239484824951643,0.8840232637700992,0.5245491471241226,0.5441814950892107,0.3202380952380952,0.8251332456835483,0.8169480765074562,2584,2923,7
superseg,random,2,94,0.4665888937173968,0.8782073212452959,0.5228291701772169,0.5421085176380185,0.31881168503710106,0.8259485087529718,0.8161556263957928,2567,2923,7
superseg,random,2,95,0.4736470891855305,0.8734177215189873,0.5211614228967615,0.5404857959320893,0.31736366256033427,0.8267553670484835,0.8150188807242513,2553,2923,7
superseg,random,2,96,0.478102347973256,0.8682860075265139,0.5192415323989588,0.538308359147996,0.3164451408399971,0.827523953605648,0.8145605203755732,2538,2923,7
superseg,random,2,97,0.4833319711687396,0.8641806363325351,0.5183981624557401,0.5375087049444085,0.31597387315995484,0.8281837283577073,0.8140625375213122,2526,2923,7
superseg,random,2,98,0.4884301755662076,0.8597331508723913,0.5173841865174071,0.5365973873159954,0.3155326225295968,0.8287246355930169,0.8133326729582404,2513,2923,7
superseg,random,2,99,0.4943984853245852,0.8528908655490934,0.5140522940024587,0.5330889945489038,0.31404137550128475,0.8298508752971688,0.8117985015488797,2493,2923,7
superseg,random,2,100,0.49900878334530935,0.8491276086212796,0.5124349753654729,0.5312987777057369,0.3126041591624043,0.8303677688927311,0.8113722594433638,2482,2923,7
superseg,random,2,101,0.5040036103123898,0.8436537803626412,0.5108428710502217,0.5299750258146627,0.3118873520159451,0.8317743678409337,0.8104051101025381,2466,2923,7
superseg,random,2,102,0.5084497067694967,0.8381799521040028,0.509295792309497,0.5285792330043465,0.3109310088130058,0.8329687462478689,0.8097726508656918,2450,2923,7
superseg,random,2,103,0.5129000890870993,0.8330482381115293,0.5075893760062132,0.5267583987705017,0.30978195615109383,0.8342031974161324,0.8086483622697692,2435,2923,7
superseg,random,2,104,0.5170678678352478,0.827232295586726,0.5060873228400148,0.52497718704224,0.3093389044977547,0.8358187150301372,0.8075347297264847,2418,2923,7
superseg,random,2,105,0.5210502690913857,0.8214163530619227,0.5044429888583133,0.5231455466705088,0.30865991883389765,0.8370132435223208,0.8066711392070695,2401,2923,7
superseg,random,2,106,0.5263974656877358,0.8162846390694491,0.5033893904143971,0.5217461518142305,0.30746043752851615,0.8381785053910622,0.806179459933242,2386,2923,7
superseg,random,2,107,0.5318176605881888,0.8108108108108109,0.5013434283079207,0.5193039646519223,0.30561258794995555,0.8390042744278752,0.8055716146771367,2370,2923,7
superseg,random,2,108,0.5361351140256858,0.8049948682860075,0.49822239031770055,0.5153831376221694,0.30337751843046845,0.8396703527603678,0.8044512282976732,2353,2923,7
superseg,random,2,109,0.5415657193742187,0.7991789257612042,0.4961548159354514,0.5131642773095119,0.3015116586220973,0.8405337931945344,0.8036296616478159,2336,2923,7
superseg,random,2,110,0.5470708945494317,0.7937050975025659,0.49523989626107634,0.5117954998439114,0.3005210959825181,0.8415273575390823,0.8028984463175084,2320,2923,7
superseg,random,2,111,0.5524899215688674,0.7872049264454328,0.49315251062603566,0.5095424200946138,0.29907367384674494,0.8425311276805226,0.8018382441226617,2301,2923,7
superseg,random,2,112,0.5567917944989834,0.7807047553882996,0.49158802199649404,0.5075240736738468,0.29869846072569217,0.8438713889489231,0.8008163136661623,2282,2923,7
superseg,random,2,113,0.5629714943392257,0.7748888128634964,0.4894736210167374,0.50493060058113,0.29705232572100954,0.8446557344571718,0.7996012234949452,2265,2923,7
superseg,random,2,114,0.5673342034824639,0.769757098871023,0.48788151670148644,0.5029422712100473,0.29479024085680666,0.8455025154287635,0.7981051737386835,2250,2923,7
superseg,random,2,115,0.5721493264452251,0.762914813547725,0.4870242297625051,0.5017067694450448,0.29307566697884396,0.8467926482241913,0.7969161984006917,2230,2923,7
superseg,random,2,116,0.5769535165855407,0.7564146424905919,0.4819021204043896,0.4968368033042769,0.28939077395960905,0.8477087685805538,0.7948714369762024,2211,2923,7
superseg,random,2,117,0.5811402840667579,0.7505986999657885,0.4783252887640179,0.4930330427682923,0.28629301443219746,0.8485993744446846,0.7937058749369642,2194,2923,7
superseg,random,2,118,0.5890385485005889,0.7437564146424905,0.4755985399707034,0.48988125255144926,0.2848053694498475,0.8498180666618639,0.7920496842206374,2174,2923,7
superseg,random,2,119,0.5955962798765463,0.7365720150530277,0.47335446533631104,0.48741024902144414,0.28367072497178397,0.8517079401099824,0.791253031722018,2153,2923,7
superseg,random,2,120,0.5997155435662209,0.7310981867943893,0.4719928919626347,0.48597303268256364,0.2829899382849458,0.8529065209038733,0.7905875537305189,2137,2923,7
superseg,random,2,121,0.6051981998950415,0.7252822442695861,0.46921931657181276,0.4831994572917417,0.2812501500852484,0.8539466116754315,0.7891398314242489,2120,2923,7
superseg,random,2,122,0.6109146253921889,0.7194663017447828,0.46781812069255335,0.48150289364358956,0.2803496385947218,0.8552640599860721,0.7888780827510027,2103,2923,7
superseg,random,2,123,0.616615521790194,0.7115976736229901,0.4666294455250583,0.4800872895804817,0.27989217875753425,0.8567131330595779,0.7875340693513917,2080,2923,7
superseg,random,2,124,0.6207874683774091,0.7057817310981868,0.4654191580817904,0.47887700213721396,0.278934034531614,0.8579670953101363,0.7867177556852293,2063,2923,7
superseg,random,2,125,0.6251169083266234,0.6999657885733835,0.4648032082222702,0.4779728886007252,0.278631462670797,0.8590597159186417,0.7858358547655068,2046,2923,7
superseg,random,2,126,0.6304545691482093,0.6934656175162505,0.4621989289916673,0.4751164661527748,0.27715102178037127,0.8606227036956993,0.7846324712436664,2027,2923,7
superseg,random,2,127,0.6353856805201306,0.684570646595963,0.4585752707537881,0.47031493888528686,0.27417212976970917,0.861815881420647,0.7831217131330596,2001,2923,7
superseg,random,2,128,0.6437054830167793,0.6784125898049949,0.4572100953341498,0.46837343611171145,0.27326441418725833,0.8630818504910789,0.7818946161419685,1983,2923,7
superseg,random,2,129,0.6485547444513644,0.6715703044816969,0.4532430420478832,0.4644820257906491,0.27146579257017983,0.8639139231083256,0.7810221705928967,1963,2923,7
superseg,random,2,130,0.6538224788742197,0.6650701334245638,0.45117186561967204,0.4623856350407031,0.2702014744374805,0.8654057704776312,0.7797884698508752,1944,2923,7
superseg,random,2,131,0.659525963648181,0.6572015053027711,0.44998679249813894,0.46097363302355737,0.26896597267247796,0.8673690356122279,0.7787288679970223,1921,2923,7
superseg,random,2,132,0.6640346439914173,0.6503592199794731,0.44612539922676087,0.45668359628268856,0.26661743870518456,0.8684379427514829,0.7768963271138007,1901,2923,7
superseg,random,2,133,0.6687963526034979,0.6445432774546699,0.4432473645030377,0.4536110510770117,0.2654755901351968,0.869761694642557,0.7760708582474846,1884,2923,7
superseg,random,2,134,0.6732740664469397,0.6349640780020527,0.44294479264222075,0.45316439737771047,0.2654972024109694,0.8717512246956272,0.7743544833465409,1856,2923,7
superseg,random,2,135,0.6779038212883265,0.6281217926787547,0.43742285618231147,0.4476424609178013,0.2615889825420839,0.8724309607857264,0.7727476706769445,1836,2923,7
superseg,random,2,136,0.6832550308825941,0.6219637358877865,0.4356308383161636,0.44544701390389735,0.2613242321638691,0.8736478519799246,0.7708130718247965,1818,2923,7
superseg,random,2,137,0.6898620545264081,0.6147793362983236,0.4366646255072881,0.44612780059073553,0.2627866628244843,0.8754242609802368,0.7697405626395792,1797,2923,7
superseg,random,2,138,0.6959233321831025,0.6079370509750257,0.43441214609898426,0.4434838988545493,0.2618501308743366,0.8768560742501741,0.7684213133059576,1777,2923,7
superseg,random,2,139,0.699207187873961,0.600068422853233,0.4288613932713781,0.4373280023053093,0.25931429051701366,0.8782890882020989,0.7672824664409384,1754,2923,7
superseg,random,2,140,0.7056821585258193,0.5939103660622648,0.4258356746632087,0.4341329875369209,0.2571422568018635,0.8793165718127897,0.7657915195831232,1736,2923,7
superseg,random,2,141,0.7111420741106863,0.586383852206637,0.4245749585764714,0.43360348678049127,0.2588208102202051,0.8815543428667483,0.7644287455274597,1714,2923,7
superseg,random,2,142,0.7150349509018611,0.579541566883339,0.4211350046826598,0.4301635328866797,0.2570432005379055,0.8828024517926182,0.7631215030137118,1694,2923,7
superseg,random,2,143,0.7194889242791211,0.5720150530277113,0.4194348389885454,0.4284633671925654,0.25599860720889467,0.8838875681387028,0.7610905494320774,1672,2923,7
superseg,random,2,144,0.7260432720142791,0.5634621963735887,0.41668647791945823,0.42546286290613067,0.25388060418317604,0.8856866400115265,0.7597682983934875,1647,2923,7
superseg,random,2,145,0.7315204376065296,0.5555935682517961,0.4124000432245515,0.4212772854981629,0.2508945080805898,0.8871937960761712,0.757638888888889,1624,2923,7
superseg,random,2,146,0.7360310865887552,0.5470407115976736,0.41042972408327927,0.41930696635689074,0.2499579761304421,0.8889230783084793,0.7564433097999663,1599,2923,7
superseg,random,2,147,0.7410910818389245,0.5367772836127267,0.4071014336142929,0.41537353216627043,0.2494032610522777,0.8914880352039961,0.7539657025190308,1569,2923,7
superseg,random,2,148,0.7468298727819707,0.5275401984262744,0.40102838412218134,0.40953101361573374,0.24734289076195276,0.8939335242417694,0.7513218007828446,1542,2923,7
superseg,random,2,149,0.7526540718151747,0.5213821416353062,0.39749837907931707,0.4060010085728694,0.24555267391878582,0.8951297036716855,0.7496927754964821,1524,2923,7
superseg,random,2,150,0.7561670835145932,0.5128292849811837,0.3937126287731431,0.40204236006051436,0.24492231587541727,0.8971168323607809,0.7474715138198497,1499,2923,7
superseg,random,2,151,0.7610218229903346,0.5039343140608964,0.3891284249453689,0.39710515572845373,0.2429351871863218,0.8982388696779771,0.744965690512211,1473,2923,7
superseg,random,2,152,0.7677974862923369,0.4943551146082792,0.3871833201258314,0.3948430708642509,0.2418653795355762,0.9000437948754894,0.7426204584203828,1445,2923,7
superseg,random,2,153,0.7718018280983872,0.4864864864864865,0.3847375309175612,0.3920947097951637,0.24045337751843052,0.9016407019186897,0.7407554991235021,1422,2923,7
superseg,random,2,154,0.7758059108913028,0.4782757440985289,0.38134620464423796,0.3882711380063876,0.23735021492207575,0.9029697067934587,0.738645900871695,1398,2923,7
superseg,random,2,155,0.7804761112813634,0.46801231611358196,0.3792245995725572,0.38589738971735943,0.23641368297192805,0.9053764738371395,0.736785744302764,1368,2923,7
superseg,random,2,156,0.7863657645341009,0.4594594594594595,0.3749813894291958,0.38152810796532427,0.23440614268904736,0.9070925485675864,0.7343039346348726,1343,2923,7
superseg,random,2,157,0.7911276557133151,0.4498802600068423,0.3686994212712821,0.37479228201618514,0.23092296424369044,0.9086306221934058,0.7316069027207455,1315,2923,7
superseg,random,2,158,0.7967177484689391,0.44030106055422513,0.36485423720673343,0.3708462406646975,0.22879235405710446,0.9107924501116634,0.7288471351727781,1287,2923,7
superseg,random,2,159,0.8011142975287167,0.43072186110160793,0.3617816920010566,0.3676458228273659,0.2280863530485316,0.9130596378743124,0.7261541555603582,1259,2923,7
superseg,random,2,160,0.8059966155379861,0.4211426616489908,0.3599320413995149,0.3657961722258243,0.2285546190236054,0.9154201786614796,0.7231556023821532,1231,2923,7
superseg,random,2,161,0.810577351284768,0.4122476907287034,0.35718428067142133,0.36279626828038325,0.22795007564296518,0.9175549912350215,0.7207824544341186,1205,2923,7
superseg,random,2,162,0.8152729038280055,0.4026684912760862,0.35221705928967656,0.3578290468986384,0.22532778618255167,0.919465876617919,0.7184660387099873,1177,2923,7
superseg,random,2,163,0.8206974321024065,0.39274717755730415,0.3460521576255313,0.3516641452344932,0.2228189611699445,0.921348095718368,0.7152506123478136,1148,2923,7
superseg,random,2,164,0.8265534172711212,0.3835100923708519,0.34046178229234203,0.3460737699013039,0.2208630502125207,0.9230920863050213,0.7116935919602334,1121,2923,7
superseg,random,2,165,0.8308478695499851,0.3742730071843996,0.33690656292774296,0.34206469274547946,0.21753475974353428,0.9246742849938766,0.7093081370218284,1094,2923,7
superseg,random,2,166,0.8354609007171061,0.3636674649332877,0.33167639219076434,0.3358079389093005,0.2142604999639795,0.9263150169296159,0.7056538613932714,1063,2923,7
superseg,random,2,167,0.8403259252012336,0.35340403694834077,0.32712700814062384,0.33103162596354724,0.21243426266119153,0.929350941334678,0.7033653615253465,1033,2923,7
superseg,random,2,168,0.8466307427188036,0.34382483749572357,0.32500540306894316,0.32891002089186655,0.21115913839060588,0.9307829046898638,0.7007205592776697,1005,2923,7
superseg,random,2,169,0.8525691134447101,0.3342456380431064,0.3241481161299618,0.3275736618399251,0.21153735321662703,0.9331803664481426,0.698302385755109,977,2923,7
superseg,random,2,170,0.8566824082542438,0.32364009579199454,0.3180228369713997,0.321448382681363,0.20828470571284488,0.9352710539586485,0.6942656929135749,946,2923,7
superseg,random,2,171,0.8613801694042394,0.31371878207321247,0.3144712196527627,0.31766983646711333,0.20711764282112238,0.9372975049828303,0.6907566998054895,917,2923,7
superseg,random,2,172,0.8675629203043431,0.30277112555593566,0.30639903465168217,0.309201426410201,0.20219724803688496,0.9390047246836203,0.6858420082606921,885,2923,7
superseg,random,2,173,0.8718995649333382,0.2925076975709887,0.297599236366256,0.3001999135508969,0.19760824148116127,0.9407811336839326,0.6818725536104507,855,2923,7
superseg,random,2,174,0.8762892693060701,0.2836127266507013,0.2927076579497154,0.29490490598660035,0.19438080829911386,0.942516719496674,0.6776437516509377,829,2923,7
superseg,random,2,175,0.8818269642589328,0.2730071843995895,0.28619876089618906,0.288396008933074,0.19145234493192134,0.9446913046610476,0.6746963775424442,798,2923,7
superseg,random,2,176,0.8864907156673997,0.2624016421484776,0.27678661479720484,0.2787317196167423,0.18689575678985665,0.9462671997694692,0.6716109250054031,767,2923,7
superseg,random,2,177,0.8914452866342126,0.25111187136503593,0.26914667531157693,0.270839636913767,0.18384482385995246,0.9483146627284298,0.6674577660110943,734,2923,7
superseg,random,2,178,0.8954353259751727,0.23947998631542936,0.2630015849002233,0.2644424032850659,0.1812189323535768,0.950633179646039,0.6644992855942176,700,2923,7
superseg,random,2,179,0.9016026555900184,0.22819021553198768,0.25438909300482676,0.25562819681579135,0.17674158922267846,0.9528394327978292,0.6601558185049107,667,2923,7
superseg,random,2,180,0.9066210022628167,0.21621621621621623,0.24856458468410056,0.24944348389885457,0.17499819897701896,0.955519505078885,0.6558366652258483,632,2923,7
superseg,random,2,181,0.9107006547764654,0.20697913102976395,0.2420809019523089,0.24303904617822922,0.1705856926734385,0.9571543836899358,0.6517522452753164,605,2923,7
superseg,random,2,182,0.9147373349180935,0.19466301744782757,0.2338466248829335,0.23480476910885384,0.16615877818600963,0.959252755565161,0.6471149112696011,569,2923,7
superseg,random,2,183,0.9199503499568308,0.1847417037290455,0.2285011886751675,0.22895504646639292,0.16194798645630717,0.9609901424008838,0.6437310892586989,540,2923,7
superseg,random,2,184,0.9254760231945176,0.17379404721176872,0.22186982205892947,0.22184460773719472,0.15771198040486994,0.9630183944480466,0.6397466260836154,508,2923,7
superseg,random,2,185,0.9302203986967504,0.16250427642832707,0.21441718896333115,0.21464411785894386,0.15265470787407245,0.9653744326777609,0.6349721141608433,475,2923,7
superseg,random,2,186,0.9333096226055251,0.1532671912418748,0.20919782436423887,0.2094247532598516,0.1499567754484547,0.9673956307182481,0.6312193826093221,448,2923,7
superseg,random,2,187,0.9385975554645498,0.14231953472459802,0.2012048843743246,0.20143181326993728,0.14602334125783445,0.9698414199265182,0.6271721838003986,416,2923,7
superseg,random,2,188,0.9438289056062409,0.13171399247348614,0.19381708810604423,0.1940440170016569,0.1452164829623226,0.9726255012847298,0.623865205436688,385,2923,7
superseg,random,2,189,0.9486104093397482,0.12042422169004448,0.18482638138462645,0.18505331028023916,0.14220157049203946,0.9748611711452104,0.6191906502893644,352,2923,7
superseg,random,2,190,0.954308017740397,0.1094765651727677,0.18633924068871122,0.18631402636697647,0.1456559325696996,0.9780279698868958,0.6157900187306391,320,2923,7
superseg,random,2,191,0.9589503484747709,0.09750256585699624,0.17915315899430875,0.179127944672574,0.14230242777897847,0.9805533042768291,0.610838106044233,285,2923,7
superseg,random,2,192,0.9636659731267455,0.08484433800889497,0.17001296736546354,0.17023989626107627,0.13718392046682515,0.982849908748169,0.6050815863410418,248,2923,7
superseg,random,2,193,0.9689281983175038,0.07287033869312351,0.16060802535840357,0.16083495425401628,0.13193934154599815,0.9850441550800856,0.5988464447806353,213,2923,7
superseg,random,2,194,0.9736549648339395,0.06055422511118714,0.15069879691664864,0.15092572581226135,0.12707297745119228,0.9870203275460462,0.5938906298777706,177,2923,7
superseg,random,2,195,0.9792985691632036,0.04858022579541567,0.14207549888336576,0.14207549888336576,0.1257366183992508,0.9898386283408975,0.5889288115649689,142,2923,7
superseg,random,2,196,0.9838682486031655,0.0369483407458091,0.13557020387580143,0.13557020387580143,0.12293782868669403,0.9921049155920563,0.5840914139231084,108,2923,7
superseg,random,2,197,0.9883156477620214,0.02531645569620253,0.13273179165766155,0.13273179165766155,0.12229306245947699,0.9951894676176068,0.5793307098431909,74,2923,7
superseg,random,2,198,0.9929001052851768,0.012658227848101266,0.12190043944960738,0.12190043944960738,0.115798573589799,0.9973251807026392,0.5731300878899214,37,2923,7
superseg,random,2,199,0.9998360454174776,0.00034211426616489907,0.11195158850226929,0.11195158850226929,0.11195158850226929,0.9997478567826527,0.5682101433614293,1,2923,7
superseg,random,2,0,0.00040816105168428596,1.216900444748546,0.600720521555709,0.6324668775500847,0.3874754133074859,0.7672052025550513,0.8598272818961171,3557,2923,8
superseg,random,2,1,0.004829882018184782,1.2151898734177216,0.6006881031420499,0.6327946637326366,0.3873997703422817,0.76763594721802,0.8597642460917799,3552,2923,8
superseg,random,2,2,0.009798479424625786,1.213479302086897,0.6006340724526184,0.6328198780543712,0.3872232700901385,0.7678460665658093,0.8595121028744327,3547,2923,8
superseg,random,2,3,0.015594103790775408,1.2114266164899077,0.6006845010960877,0.6328703066978407,0.38727369873360795,0.7682831148092116,0.8593229954614221,3541,2923,8
superseg,random,2,4,0.01942613828843134,1.2080054738282586,0.6002458701355203,0.6318625524752606,0.38646946010788674,0.7686130021852412,0.8589059085560597,3531,2923,8
superseg,random,2,5,0.023900928216847556,1.2052685596989394,0.5997704000685222,0.6310628982716728,0.38615248006322134,0.7691488065221045,0.8584961758278703,3523,2923,8
superseg,random,2,6,0.028676200268679154,1.2015053027711255,0.598678980142004,0.6296328860247166,0.3850790703665136,0.7698548075306774,0.8580129013279542,3512,2923,8
superseg,random,2,7,0.03465072782058436,1.1991105029079712,0.5983223775917554,0.629474396002384,0.384853942493882,0.7704347369305765,0.8578511094301563,3505,2923,8
superseg,random,2,8,0.038029422719462816,1.1960314745124871,0.5976547984067784,0.6284658231329942,0.38402186987663545,0.7708602286098505,0.8575254244410825,3496,2923,8
superseg,random,2,9,0.04294038850067831,1.1939787889154978,0.5973936500745257,0.6282515013982487,0.38356801208540997,0.7712636577576063,0.8573258110606824,3490,2923,8
superseg,random,2,10,0.04824151670524881,1.1915839890523434,0.5960951125051863,0.6268611116568755,0.3828818223296287,0.7716040511010254,0.8570999327618086,3483,2923,8
superseg,random,2,11,0.05245518159829645,1.1891891891891893,0.5958849931573968,0.6269943873574736,0.38272693435325805,0.7720001260716087,0.8567847537401242,3476,2923,8
superseg,random,2,12,0.057460654293805875,1.1871365035921997,0.5952546351140281,0.6264216620494986,0.3821181885856621,0.772336317028072,0.8564905866532191,3470,2923,8
superseg,random,2,13,0.06333819517160104,1.183031132398221,0.5946194743427101,0.6260002226719321,0.3819488924254431,0.7731295175659775,0.8561407379391494,3458,2923,8
superseg,random,2,14,0.06774027540615693,1.1820047895997263,0.5945186170557711,0.6259750083501974,0.3818228208167693,0.7733312321398554,0.8560356782652547,3455,2923,8
superseg,random,2,15,0.07201326587242304,1.1806363325350666,0.5946717040091606,0.6260632584762691,0.3817723921732999,0.7735581610354682,0.8559033030761473,3451,2923,8
superseg,random,2,16,0.07648297727460211,1.1782415326719125,0.5949868830308449,0.6257372733166984,0.3819290811726515,0.7739489830223567,0.855686880147924,3444,2923,8
superseg,random,2,17,0.0814238653739153,1.1768730756072527,0.5945456324004869,0.6252960226863403,0.38148783054229346,0.7740540426962514,0.8554074214153639,3440,2923,8
superseg,random,2,18,0.08792648195815207,1.1741361614779335,0.5936883454615056,0.6249502262739782,0.3810303707051059,0.7746213649352832,0.8549556648176164,3432,2923,8
superseg,random,2,19,0.09426258189466664,1.1710571330824495,0.5938900600353836,0.6253788697434688,0.38100515638337124,0.7752958480416878,0.8545984619263742,3423,2923,8
superseg,random,2,20,0.09918498204877392,1.1683202189531303,0.5937135597832404,0.6252023694913257,0.3804504413052068,0.7758637706217132,0.8542475626155656,3415,2923,8
superseg,random,2,21,0.10432820766523165,1.1655833048238111,0.5935586718068697,0.6244279296094727,0.38005781829533725,0.7762356818673006,0.853879853756934,3407,2923,8
superseg,random,2,22,0.10935579559951115,1.1618200478959972,0.5929823444529326,0.6241019444499021,0.37954632776871805,0.7768408255889345,0.8533587577744158,3396,2923,8
superseg,random,2,23,0.11337972597575319,1.1583989052343482,0.5926797725921158,0.6236480866586765,0.37919332726443167,0.7776602910453139,0.8529826441418725,3386,2923,8
superseg,random,2,24,0.11750024715995683,1.155661991105029,0.5913938421836438,0.6223441460203941,0.3783720607850714,0.7780511130322022,0.8527599176332156,3378,2923,8
superseg,random,2,25,0.12362787214945152,1.1536093055080396,0.5911380969203341,0.6222504928253793,0.3777885293392101,0.7784419350190909,0.8526023281223735,3372,2923,8
superseg,random,2,26,0.1287750206007307,1.1512145056448855,0.5912965869426667,0.6221802529291182,0.3775688045355216,0.778759215234253,0.8523396789376366,3365,2923,8
superseg,random,2,27,0.134041178250322,1.149161820047896,0.5913638251339595,0.6216903746782718,0.37764564818271323,0.7792513447638258,0.8522430240376533,3359,2923,8
superseg,random,2,28,0.13853606621843084,1.146082791652412,0.5905785791142203,0.6209447511641156,0.3775123724821153,0.7797997562615565,0.8518501008572871,3350,2923,8
superseg,random,2,29,0.14480065736218412,1.1440301060554225,0.5901463335987674,0.620548526108284,0.3771557699318668,0.7799924657205293,0.8515727433182048,3344,2923,8
superseg,random,2,30,0.14977901218475823,1.1412931919261033,0.5898059402553484,0.6200640509263806,0.37655963132513814,0.7804232103834979,0.8513416120356364,3336,2923,8
superseg,random,2,31,0.1552465725268186,1.1382141635306193,0.5894781540727968,0.620038836604646,0.37613098785564747,0.7809989373964412,0.8509465876617919,3327,2923,8
superseg,random,2,32,0.16230541914306182,1.1341087923366404,0.5890927351548514,0.6192860089985657,0.3755942830072936,0.7814422892202773,0.8503477475205916,3315,2923,8
superseg,random,2,33,0.1669827157841407,1.1323982210058159,0.5889342451325186,0.6187565082421361,0.37508999657259867,0.7817259503397931,0.8502531938140864,3310,2923,8
superseg,random,2,34,0.1710948853806712,1.1296613068764967,0.588026529550068,0.6177623435565948,0.3742759341851626,0.7822374408664121,0.8496606572533199,3302,2923,8
superseg,random,2,35,0.17613464686256272,1.1272665070133425,0.5876663249538572,0.6172292407542029,0.3739697602783835,0.7826246608073386,0.849358085392503,3295,2923,8
superseg,random,2,36,0.18078266895116382,1.1238453643516935,0.5875366512992214,0.6170743527778323,0.37341144315425706,0.7834693405854527,0.8491332576903682,3285,2923,8
superseg,random,2,37,0.1852870072143456,1.1217926787547041,0.5867297930037095,0.6163431374475248,0.372528941893541,0.7836374360636843,0.8487655488317364,3279,2923,8
superseg,random,2,38,0.18987051283352363,1.119055764625385,0.5862759352124841,0.6155434832439372,0.37179412451727123,0.7839724263381601,0.8484923936796102,3271,2923,8
superseg,random,2,39,0.19383818406863404,1.1166609647622305,0.5855789393188165,0.6148464873502695,0.37106110816398263,0.7842485831952549,0.8480448394688184,3264,2923,8
superseg,random,2,40,0.2000369800396418,1.1122134793020868,0.5854192486144965,0.6136596132057553,0.36982560639898004,0.784868435271234,0.8478567826525467,3251,2923,8
superseg,random,2,41,0.20460384967982279,1.1067396510434484,0.5840364161068085,0.6118459830638348,0.3683535702824659,0.7855723350863291,0.8471129601613716,3235,2923,8
superseg,random,2,42,0.21068917827276668,1.1019500513171399,0.5812388270762392,0.6084928603082914,0.3669768246545856,0.7863412218139904,0.8466338880484114,3221,2923,8
superseg,random,2,43,0.21705977128532267,1.1002394799863153,0.5807345406415443,0.6082407170909441,0.36639689525468644,0.7867446509617463,0.8462976970919484,3216,2923,8
superseg,random,2,44,0.2221155709437317,1.0954498802600068,0.5799312843919945,0.6070772562451836,0.3658211682417431,0.7879984631270561,0.8459762144898302,3202,2923,8
superseg,random,2,45,0.22706028079163018,1.091686623332193,0.5795194504703269,0.6061719420267075,0.3651824054244629,0.7888299354033091,0.8457860564800807,3191,2923,8
superseg,random,2,46,0.232000906482816,1.0892918234690387,0.5793393481722217,0.6058765742578147,0.36500230312635756,0.7892554270825828,0.845460371491007,3184,2923,8
superseg,random,2,47,0.23659146943714748,1.0855285665412249,0.5784946683941077,0.6049346392387239,0.3646637108059196,0.790140029536777,0.8452754664649521,3173,2923,8
superseg,random,2,48,0.242092910443263,1.0827916524119057,0.5776193712253158,0.6040593420699321,0.36477537423074485,0.7907115541627645,0.8449876029584805,3165,2923,8
superseg,random,2,49,0.24620194537186985,1.0797126240164214,0.5773744320998927,0.6035190351756161,0.36437914917491315,0.7914553766539393,0.8446093881324591,3156,2923,8
superseg,random,2,50,0.25136165036384905,1.0766335956209374,0.57735281982412,0.6030723814763149,0.3635830970172876,0.7919911809908028,0.8442626912086066,3147,2923,8
superseg,random,2,51,0.2548563312568572,1.0728703386931235,0.576744074056524,0.6017756449299566,0.3632120862831906,0.7927431080853926,0.8439832324760465,3136,2923,8
superseg,random,2,52,0.26005456238426405,1.0701334245638043,0.5760794965765152,0.6011110674499479,0.36297615227267266,0.7935184484787359,0.8435777021348126,3128,2923,8
superseg,random,2,53,0.2654323969900782,1.0670543961683203,0.5761875579553786,0.6012191288288112,0.36303018296210426,0.7944072533198856,0.8433024457892082,3119,2923,8
superseg,random,2,54,0.2691291030956522,1.0643174820390011,0.5752023983847424,0.600165530384895,0.36219871068585135,0.7946629985831952,0.8427330223566986,3111,2923,8
superseg,random,2,55,0.27436040394815686,1.0605542251111872,0.5740893661824515,0.5988039570112187,0.36146749535554373,0.7955169836467113,0.8423716170785005,3100,2923,8
superseg,random,2,56,0.2798330164415552,1.0571330824495382,0.5731204158186449,0.5976368941194963,0.3600482892464738,0.7959456271162021,0.8419240628677089,3090,2923,8
superseg,random,2,57,0.2841175554891291,1.0537119397878891,0.5730159564857438,0.5971091943860477,0.3593855127894462,0.7964529152558654,0.8416130862329803,3080,2923,8
superseg,random,2,58,0.28901411597307697,1.0499486828600753,0.5722169026231498,0.5964518209979632,0.35886861919388396,0.7975213721393752,0.8414134728525802,3069,2923,8
superseg,random,2,59,0.2947731806675716,1.0475538829969209,0.5719647594058024,0.5961996777806158,0.3587425475852102,0.7980718848305837,0.8411424188939318,3062,2923,8
superseg,random,2,60,0.29777651686740064,1.0431063975367774,0.570810904015941,0.5950218087510069,0.35753286048293614,0.7990983178445358,0.8404574298201379,3049,2923,8
superseg,random,2,61,0.3028464957815166,1.0400273691412931,0.5694493306422647,0.5935593780903917,0.35586871524844294,0.7993630682227506,0.8397766431332997,3040,2923,8
superseg,random,2,62,0.30779180639138326,1.03421142661649,0.5674249808115609,0.5912108441230983,0.35414333523259395,0.8000795751987129,0.8388962430660616,3023,2923,8
superseg,random,2,63,0.3128734924184728,1.0301060554225112,0.5664966353295089,0.5899547124584945,0.35243334577676483,0.8004639435199193,0.838123003866196,3011,2923,8
superseg,random,2,64,0.31804446259643243,1.0249743414300376,0.5648000716813567,0.5882221283507214,0.3509817212540359,0.8012918137502103,0.8377027651706168,2996,2923,8
superseg,random,2,65,0.3220671698845818,1.020526855969894,0.5636528200424258,0.5871505196769947,0.35041439901500415,0.8024138510674064,0.837341359892419,2983,2923,8
superseg,random,2,66,0.3260916374404052,1.0150530277112555,0.5627865279885392,0.5856178491201184,0.3505134552789621,0.8037698712868908,0.8369148176164062,2967,2923,8
superseg,random,2,67,0.33266405888687883,1.010263427984947,0.5612484543627198,0.5833593663018776,0.34959853560458704,0.8044668671805586,0.836473566986048,2953,2923,8
superseg,random,2,68,0.33663901064702895,1.006500171057133,0.5603839633318142,0.5825975335808922,0.34902581029661206,0.805126041591624,0.8355385358883846,2942,2923,8
superseg,random,2,69,0.3412628118217046,1.0023947998631544,0.5611439950298187,0.5833575652788966,0.35000196475234296,0.8061640311697044,0.8351645234493192,2930,2923,8
superseg,random,2,70,0.345945533962651,0.996578857338351,0.5588278794761842,0.5806704389911651,0.348175727449555,0.8070861549360038,0.8344837367624811,2913,2923,8
superseg,random,2,71,0.34919203001490046,0.9904208005473828,0.5570790861615815,0.5790801356988952,0.34702847581062407,0.808206091059722,0.8336138426626323,2895,2923,8
superseg,random,2,72,0.3535114749722287,0.9852890865549093,0.5562109930847139,0.5779040676922673,0.34707890445409356,0.8091831460269434,0.8333638006387628,2880,2923,8
superseg,random,2,73,0.35658332711459534,0.9804994868286008,0.554361342483172,0.5760039884472562,0.3464629545945733,0.8103195915279882,0.8329540679105732,2866,2923,8
superseg,random,2,74,0.3615971551881729,0.9736572015053028,0.5526143501915505,0.5742209756960135,0.3456560962990615,0.8115508909060346,0.831813119852076,2846,2923,8
superseg,random,2,75,0.36606355953274095,0.9678412589804994,0.551913151910927,0.5729926780229352,0.34479520731411806,0.8128641368297193,0.8308801899478904,2829,2923,8
superseg,random,2,76,0.37017502879116343,0.9609989736572015,0.5500887156311202,0.5712510888002568,0.34333457767648384,0.8144946629685661,0.8296720036981003,2809,2923,8
superseg,random,2,77,0.37488597129300644,0.9565514881970578,0.5499590419764844,0.5709773333071366,0.3431046470759027,0.8155179441923012,0.8292664733568667,2796,2923,8
superseg,random,2,78,0.3793458751239003,0.9517618884707493,0.5483669376612333,0.5691943205558939,0.3421176864822855,0.8163626239704151,0.8285541687678601,2782,2923,8
superseg,random,2,79,0.38466330225546863,0.9459459459459459,0.5463569960143778,0.5669574500134258,0.3401833878006344,0.8170381576735587,0.8277410068919147,2765,2923,8
superseg,random,2,80,0.38969187283352585,0.9394457748888129,0.5458707198094935,0.5663018776483224,0.33936572336723625,0.8180875537305189,0.826768154311649,2746,2923,8
superseg,random,2,81,0.3937137013609449,0.9332877180978447,0.5446532282743015,0.5647169774249956,0.33865251826673914,0.819156761040271,0.8254173870758591,2728,2923,8
superseg,random,2,82,0.39858544194227885,0.9291823469038659,0.5443974830109919,0.5643855891964819,0.3382598952568695,0.8200676284129387,0.8247513087433661,2716,2923,8
superseg,random,2,83,0.40418233907470347,0.9243927471775573,0.5422038370200691,0.5621991472974832,0.33691993415896593,0.8207796328314483,0.8242260103738923,2702,2923,8
superseg,random,2,84,0.40975186900662863,0.9209716045159083,0.5417259655890964,0.5613970917299208,0.3361725096218288,0.8213406514900463,0.8236902060370289,2692,2923,8
superseg,random,2,85,0.4162176304390969,0.915155661991105,0.5391721150019628,0.5590485577626273,0.33568983546290654,0.8226433914463416,0.8228261652618688,2675,2923,8
superseg,random,2,86,0.42105808638777553,0.912076633595621,0.5387434715324722,0.5581156278584418,0.33485776284566,0.8233935175179502,0.8225887303988665,2666,2923,8
superseg,random,2,87,0.42753780956613635,0.9059185768046527,0.537045106861339,0.5562155486134306,0.33373752655144484,0.8244724803688495,0.8214793002425378,2648,2923,8
superseg,random,2,88,0.4331077282245522,0.9004447485460144,0.5361037721832419,0.5548791895614891,0.3321238099604211,0.8252499219556708,0.8206196119395816,2632,2923,8
superseg,random,2,89,0.43919615370777154,0.8939445774888812,0.5356415096181047,0.5544001174485289,0.3325272391081771,0.8270081706409239,0.8198757894484067,2613,2923,8
superseg,random,2,90,0.4430642450102374,0.8877865206979131,0.5327616738714007,0.551898496527846,0.33069379771346485,0.8278969754820739,0.8187687606560525,2595,2923,8
superseg,random,2,91,0.44817008474673886,0.8826548067054396,0.5319800298976236,0.5502919840287465,0.3294258775348034,0.8286113812645582,0.818199337223543,2580,2923,8
superseg,random,2,92,0.4536772934788923,0.8768388641806363,0.5293001077018163,0.5476120618329392,0.3285613865038978,0.8299477403164996,0.8175569723603007,2563,2923,8
superseg,random,2,93,0.45901312257210536,0.8730756072528224,0.5283923921193655,0.5467619789858821,0.3276500688754849,0.8308392466921212,0.8170505847321279,2552,2923,8
superseg,random,2,94,0.46342336512686827,0.8679438932603489,0.5284536269007213,0.5465962848716253,0.3277347169555944,0.8319045517854141,0.8167158946281486,2537,2923,8
superseg,random,2,95,0.47007049664887995,0.8628121792678755,0.5274522581232558,0.545377592654446,0.32740452940906795,0.8325538205700839,0.8161353648872559,2522,2923,8
superseg,random,2,96,0.47461671568753355,0.8583646938077318,0.5245706213535706,0.5424959558847607,0.32512803636101667,0.8332427118603366,0.8150427442787503,2509,2923,8
superseg,random,2,97,0.479466064067116,0.8528908655490934,0.5228830628203236,0.5406012797086928,0.32400599904382055,0.8343298693657998,0.8146739848233797,2493,2923,8
superseg,random,2,98,0.4861465769974672,0.8460485802257954,0.5214566526193295,0.5385391083953868,0.32201766967273776,0.8354852256081455,0.8138007888480657,2473,2923,8
superseg,random,2,99,0.49098881569045244,0.8416010947656517,0.5203724367847355,0.5376061784912012,0.32118559705549116,0.8364328638666764,0.8130206457267728,2460,2923,8
superseg,random,2,100,0.4949328221772473,0.8364693807731782,0.5204108586083313,0.5375053212042622,0.3216394548467166,0.8375735117546766,0.8124617282616526,2445,2923,8
superseg,random,2,101,0.49937883985919446,0.830653438248375,0.5191177241079349,0.5359168189349732,0.32018062623206345,0.8383057776817232,0.811488875681387,2428,2923,8
superseg,random,2,102,0.5039248351654841,0.8244953814574068,0.5162721077978709,0.5336835504384672,0.3186821751118271,0.8393773863554499,0.8107165369930118,2410,2923,8
superseg,random,2,103,0.5090562930521422,0.8200478959972631,0.5151758851434032,0.5323976200299952,0.31812746003366277,0.8403858091395913,0.809963109045938,2397,2923,8
superseg,random,2,104,0.5148972496005885,0.8138898392062949,0.5128849839115034,0.5301067187980956,0.3162399879495189,0.841578986864539,0.8090637982373988,2379,2923,8
superseg,random,2,105,0.5198021374613032,0.8080738966814917,0.5120961358458022,0.5289684722740698,0.3158221506179146,0.8426794119059625,0.8080594277549648,2362,2923,8
superseg,random,2,106,0.5253928660861419,0.8029421826890182,0.5105832765417174,0.5272755106718798,0.3140679542343688,0.8438476754796727,0.8073912482289941,2347,2923,8
superseg,random,2,107,0.5293216040981435,0.7974683544303798,0.5082599568961588,0.5243830677643082,0.3126667583551093,0.8449946269481065,0.8064391074130105,2331,2923,8
superseg,random,2,108,0.5333326832215615,0.7926787547040711,0.50715052673983,0.5230467087123668,0.3115573281987805,0.8458297012703214,0.8055713145066397,2317,2923,8
superseg,random,2,109,0.5376376292959724,0.7854943551146083,0.5060987293188949,0.5218508294529475,0.31143485863606896,0.8471111291213409,0.8045600401027784,2296,2923,8
superseg,random,2,110,0.5442053123096131,0.7817310981867944,0.5045234345514669,0.5198805103116751,0.3109521844771467,0.847993630382057,0.8035007384194222,2285,2923,8
superseg,random,2,111,0.5495030241441042,0.7742045843311666,0.5007412862912551,0.5160803518216529,0.30745819989390333,0.8487437564536658,0.8018594061426891,2263,2923,8
superseg,random,2,112,0.5528226267849615,0.769757098871023,0.4993869170095031,0.5146359313908483,0.306330759507764,0.8493603066541796,0.8012593653195013,2250,2923,8
superseg,random,2,113,0.5579475260183459,0.762914813547725,0.4971344376011992,0.512190142182578,0.30355718411694205,0.8501640131594747,0.7996498511154334,2230,2923,8
superseg,random,2,114,0.5626099827552986,0.7574409852890865,0.49670579413170857,0.5115597841392092,0.30373368436908527,0.8515928247244436,0.7988303856590543,2214,2923,8
superseg,random,2,115,0.5681204688884463,0.752651385562778,0.49526497574686584,0.5100037002835793,0.30251979487985536,0.8524194942727469,0.7981390930048268,2200,2923,8
superseg,random,2,116,0.5736175520429557,0.7471775573041396,0.4941771578663098,0.5090527601495831,0.3018354061470551,0.8536979204187978,0.7972523893571549,2184,2923,8
superseg,random,2,117,0.5779025673192555,0.7393089291823469,0.4917601850257364,0.5066357873090096,0.29878087117118884,0.8548082510866172,0.7955397665874219,2161,2923,8
superseg,random,2,118,0.5827127457983329,0.7338351009237085,0.4890874669218533,0.5040134978485962,0.29709151161496095,0.8557369786038471,0.7945858247484571,2145,2923,8
superseg,random,2,119,0.5873991656805337,0.7290455011974,0.4878681743636803,0.5027293684631052,0.2966682712144134,0.8569092944792642,0.7941603330691832,2131,2923,8
superseg,random,2,120,0.5925483053877311,0.7232295586725966,0.4851324204554604,0.4996153997288642,0.29465112547563377,0.8577701834642076,0.7927003037725426,2114,2923,8
superseg,random,2,121,0.5992440515377561,0.7187820732124529,0.48441921535496335,0.49880854143335224,0.2942476963278779,0.8586472816559807,0.7918595262108878,2101,2923,8
superseg,random,2,122,0.6035243463461195,0.7115976736229901,0.48087120008228845,0.4950335972650647,0.29241785697912775,0.8597083843623177,0.7904451228297673,2080,2923,8
superseg,random,2,123,0.6081772571796753,0.7037290455011974,0.4781090311703465,0.49204449945751,0.2910929044060663,0.8610562999783877,0.7890907535480152,2057,2923,8
superseg,random,2,124,0.6141894885484398,0.6968867601778994,0.47319283877306484,0.48681132701556296,0.2888998587561371,0.8623662440266071,0.7876787515308695,2037,2923,8
superseg,random,2,125,0.6189299118770826,0.6900444748546014,0.4701166915214259,0.4833389547080924,0.2871204480508565,0.863652174435079,0.7866593725235934,2017,2923,8
superseg,random,2,126,0.6247411927945612,0.6832021895313034,0.46746918773927754,0.47955680644788057,0.2844729442687083,0.8646193237759048,0.7852197548207382,1997,2923,8
superseg,random,2,127,0.6299369826634311,0.6767020184741703,0.4653475826675969,0.4774352013761998,0.2844189135792766,0.866524055663617,0.7839107112840092,1978,2923,8
superseg,random,2,128,0.6339242325282933,0.6708860759493671,0.4626496502419792,0.4747876975940516,0.28323384045774364,0.867927652906851,0.7822759827582065,1961,2923,8
superseg,random,2,129,0.6387687098866064,0.6633595620937394,0.4593429720487654,0.47104156979346085,0.28076643897370074,0.8692251398794515,0.7810143661599789,1939,2923,8
superseg,random,2,130,0.6440833910396769,0.6558330482381115,0.4549556800669197,0.46653360927188464,0.2777947510549628,0.8703051533270899,0.7789993216146772,1917,2923,8
superseg,random,2,131,0.6484365413269801,0.6493328771809784,0.45280886067350423,0.4639743556158079,0.27643317768128656,0.8715196431573133,0.7779091023701462,1898,2923,8
superseg,random,2,132,0.6518817465577811,0.6428327061238454,0.45037747964908237,0.4611503515815165,0.2740918478059174,0.8722403525202315,0.7761465012126888,1879,2923,8
superseg,random,2,133,0.6564731963906955,0.6363325350667123,0.44976788634126,0.4605019833083373,0.27418910304689426,0.8737409048339456,0.7751517361861537,1860,2923,8
superseg,random,2,134,0.6610493829129384,0.6284639069449196,0.4466845349976968,0.4570188048629804,0.27167847701130604,0.87536407679562,0.7729301743390247,1837,2923,8
superseg,random,2,135,0.6653319041958469,0.620253164556962,0.44552565857407006,0.4556329995437408,0.27292642220781405,0.8778640467785702,0.7716286350647167,1813,2923,8
superseg,random,2,136,0.6699271868470332,0.6117003079028396,0.4441802944072233,0.45406070648128133,0.27276613116250026,0.879734709314891,0.7698615313498068,1788,2923,8
superseg,random,2,137,0.6739350887113058,0.6045159083133766,0.4412638378599044,0.4508668923948803,0.26947145978916026,0.8807117642821122,0.7681448562783662,1767,2923,8
superseg,random,2,138,0.6794225897084994,0.5973315087239138,0.4372979852556252,0.4469010397906011,0.26719496674110893,0.8818359027927862,0.7665476490646688,1746,2923,8
superseg,random,2,139,0.6833868722357543,0.5904892234006158,0.43404173570588095,0.4435097135172778,0.26560646447182,0.8835798933794394,0.7649870626515861,1726,2923,8
superseg,random,2,140,0.6873498875687218,0.5812521382141635,0.42792906370818623,0.4373970415195831,0.26306161899959174,0.8851656941142569,0.7625304673054295,1699,2923,8
superseg,random,2,141,0.6933544762163449,0.5750940814231954,0.424575558917465,0.4336563167879356,0.2609328098359868,0.8862646183031962,0.7612133191652859,1681,2923,8
superseg,random,2,142,0.697976697489903,0.5682517960998974,0.4211932377590471,0.43010109742333646,0.25815923444516486,0.8871071968878325,0.7589944588526283,1661,2923,8
superseg,random,2,143,0.7028596133026318,0.5600410537119398,0.4165718127896645,0.4252779578800759,0.25572064932881877,0.8884831784453568,0.7566585320462021,1637,2923,8
superseg,random,2,144,0.7074073536473152,0.5521724255901471,0.4134416348485939,0.42170472828566635,0.25348738083231276,0.8896646495209279,0.7548671145210479,1614,2923,8
superseg,random,2,145,0.712778704333379,0.5463564830653438,0.41162260163773023,0.41920490838796437,0.2518700621953269,0.8906654479744496,0.7540547030713445,1597,2923,8
superseg,random,2,146,0.7180895027484635,0.5378036264112214,0.40583231275364406,0.41341461950387814,0.24879211392070696,0.8923298933794395,0.7524472900607545,1572,2923,8
superseg,random,2,147,0.7234127804725472,0.5295928840232638,0.40222306269961333,0.40963247124366636,0.24601853852988495,0.8937986276204883,0.7504427514828422,1548,2923,8
superseg,random,2,148,0.7294677069281522,0.5217242559014711,0.4005337031433854,0.40771618279182575,0.24503517998222993,0.8957926602310112,0.748780707441827,1525,2923,8
superseg,random,2,149,0.7345817311760308,0.5141977420458433,0.39750078044329173,0.4043842902768772,0.24314050380616192,0.8974805189347549,0.7470532262325001,1503,2923,8
superseg,random,2,150,0.7406570497266173,0.5066712281902155,0.3957681963355186,0.4022518790673103,0.24240928847585427,0.8991156977163028,0.7457371286890954,1481,2923,8
superseg,random,2,151,0.7465679143893138,0.49846048580225794,0.39188519078836775,0.39841930216362886,0.240064356554523,0.9006240544629349,0.7429293338616334,1457,2923,8
superseg,random,2,152,0.7515155655397322,0.48990762914813546,0.3884344307566698,0.394766827558053,0.2374204548183368,0.9023149148716471,0.7399678517397882,1432,2923,8
superseg,random,2,153,0.7571367055459336,0.4830653438248375,0.38399671013135456,0.39025346396753363,0.23452080781884113,0.9034180414475421,0.7383367252599476,1412,2923,8
superseg,random,2,154,0.7620282730036984,0.47519671570304484,0.378903417140936,0.38516017097711497,0.23328530605383857,0.9051209086761279,0.7354770009365319,1389,2923,8
superseg,random,2,155,0.767447044573253,0.46664385904892236,0.3736840525418437,0.379512162908532,0.23172201810628437,0.906709410945417,0.7332032094229523,1364,2923,8
superseg,random,2,156,0.7749537518126571,0.45774888812863496,0.3705286602790385,0.3764396177028552,0.23161395672742116,0.9090237254760705,0.731993522320678,1338,2923,8
superseg,random,2,157,0.7788274330504157,0.4505644885391721,0.3684214633912062,0.37393259371322907,0.22986336238983743,0.9102808395168456,0.730253133779987,1317,2923,8
superseg,random,2,158,0.7846226743337708,0.4420116318850496,0.3680900751626924,0.3732301947506183,0.23100521095982515,0.9123763297553009,0.7293994488869678,1292,2923,8
superseg,random,2,159,0.7885633713257102,0.43311666096476226,0.36450243738443433,0.36989470018970777,0.22880436087697809,0.9140677905050067,0.7269923816727901,1266,2923,8
superseg,random,2,160,0.7924184962275967,0.42422169004447485,0.3572875393223351,0.3622511586581178,0.22363542492135535,0.9154239608097399,0.7240606164301323,1240,2923,8
superseg,random,2,161,0.7966555378900638,0.4153267191241875,0.3541573613812645,0.3587211536152534,0.22194606536512737,0.9178631462670797,0.7217856242345653,1214,2923,8
superseg,random,2,162,0.8027571731919516,0.40677386247006503,0.3491144970343155,0.35340093172922216,0.21831520303532403,0.9192379271426169,0.7193482398002065,1189,2923,8
superseg,random,2,163,0.8081795370595035,0.3978788915497776,0.34359256057440624,0.34739992315635276,0.21483562663592923,0.9206803964651923,0.7164107713181087,1163,2923,8
superseg,random,2,164,0.8134689106917795,0.38727334929866575,0.3382603318685013,0.3420676944504478,0.21197440146002924,0.9227509725524098,0.7138527183440194,1132,2923,8
superseg,random,2,165,0.8187696666144902,0.37598357851522407,0.33323187570540064,0.33703923828734716,0.21055159330499723,0.9251326753596043,0.7099931260956223,1099,2923,8
superseg,random,2,166,0.8236476055399677,0.3664043790626069,0.32932365583651513,0.33313101841846166,0.20954302043560744,0.927613884686502,0.7070571584660087,1071,2923,8
superseg,random,2,167,0.8294560829427906,0.3581936366746493,0.323873760295848,0.3275370410393103,0.20665057752803592,0.9290742141536394,0.7043093977379151,1047,2923,8
superseg,random,2,168,0.8346548305317785,0.34895655148819704,0.31898218187930744,0.32226724779674853,0.20533943279782915,0.9311922171793579,0.7017069195302932,1020,2923,8
superseg,random,2,169,0.840033204809975,0.3380088949709203,0.31464952092788706,0.3176824436279807,0.2030491319069231,0.9333522440746344,0.6982983334534016,988,2923,8
superseg,random,2,170,0.8469454878038133,0.3280875812521382,0.311569771630286,0.31412362221741946,0.20203695699157123,0.9354009077155826,0.6948283625099055,959,2923,8
superseg,random,2,171,0.8513301425034834,0.31850838179952107,0.3062099272386715,0.30876377782580505,0.20008284705712842,0.9376485843959368,0.6916600629157361,931,2923,8
superseg,random,2,172,0.858077202889525,0.30824495381457406,0.29970103018514516,0.30190188026799225,0.19739572076939702,0.9396456187114282,0.6876311745071201,901,2923,8
superseg,random,2,173,0.8639269476575191,0.298323640095792,0.29094805849722644,0.2926950507888481,0.19176932497658672,0.9406646975482075,0.6838715390341714,872,2923,8
superseg,random,2,174,0.8689050836069585,0.28806021211084504,0.2850839276709171,0.2866868381240545,0.1883221669908508,0.9422994260740101,0.6797287359220037,842,2923,8
superseg,random,2,175,0.8747974267006905,0.27848101265822783,0.27771774367840935,0.27906851091419926,0.18589799005835314,0.9437429459933242,0.6760222306269962,814,2923,8
superseg,random,2,176,0.8787183816991688,0.2682175846732809,0.27515668899935164,0.27650745623514156,0.18502629493552336,0.9460132855461902,0.6730994704992436,784,2923,8
superseg,random,2,177,0.88331894468771,0.2562435853575094,0.269519487068655,0.2708702543044449,0.18165838196095382,0.948330601781812,0.6678266755517134,749,2923,8
superseg,random,2,178,0.8886227571175925,0.24598015737256243,0.2635184784957856,0.2648692457315755,0.17835530581370218,0.9507535780323225,0.6634961157937709,719,2923,8
superseg,random,2,179,0.8928914717972012,0.23469038658912075,0.25552553850587134,0.25642244795043584,0.17452272891002088,0.9526782712580746,0.6589937084263862,686,2923,8
superseg,random,2,180,0.8974836494123825,0.223742730071844,0.2499531734024926,0.25062315395144436,0.17114400979756503,0.9541741709290876,0.6556528107965325,654,2923,8
superseg,random,2,181,0.9031072248457822,0.21313718782073213,0.24532094229522367,0.24599092284417548,0.1689215474389453,0.9561477919458252,0.6525001200681987,623,2923,8
superseg,random,2,182,0.9086293313017608,0.20184741703729045,0.24026547078740726,0.2406833081190116,0.16563107845256106,0.9582717983814808,0.6484601253511995,590,2923,8
superseg,random,2,183,0.9141906069134184,0.189873417721519,0.2335332468842302,0.23395108421583458,0.1625549312009221,0.9608949883533848,0.6435151165862208,555,2923,8
superseg,random,2,184,0.9224489551419639,0.17755730413958262,0.22664613500468264,0.22683704344067426,0.16118975578128378,0.9636067286218573,0.6401000768436472,519,2923,8
superseg,random,2,185,0.9291244337442152,0.16626753335614095,0.21511058281103665,0.21530149124702833,0.15512571140407752,0.9652264486228178,0.6343881324592368,486,2923,8
superseg,random,2,186,0.9326619566120296,0.1546356483065344,0.20625675383617895,0.20652690728333697,0.15018370434406744,0.9674459092764691,0.6301488245323345,452,2923,8
superseg,random,2,187,0.9361296964564747,0.14266164899076292,0.1957675959945249,0.1958936676031986,0.14516245227289098,0.9692166150373412,0.6247942331244147,417,2923,8
superseg,random,2,188,0.9405266131213129,0.13068764967499144,0.18636265398746485,0.1864887255961386,0.1413803040126792,0.9717800710803736,0.6193812585548591,382,2923,8
superseg,random,2,189,0.9471685196748988,0.12008210742387958,0.17960521576255312,0.17973128737122684,0.13918665802175637,0.9736585380496121,0.6144995857647143,351,2923,8
superseg,random,2,190,0.953549549060561,0.108450222374273,0.17143577552049563,0.17156184712916936,0.13434550824868527,0.9762195927286699,0.6100180402468602,317,2923,8
superseg,random,2,191,0.9595031944624618,0.09750256585699624,0.16805705640803978,0.16818312801671348,0.1335890785966429,0.9789724563552096,0.6065483694738611,285,2923,8
superseg,random,2,192,0.96464568636211,0.08518645227505987,0.1605792089907067,0.16045313738203298,0.12948995029176572,0.9809400739620106,0.601286981005211,249,2923,8
superseg,random,2,193,0.9712772581134383,0.0735545672254533,0.15046826597507382,0.15046826597507382,0.1234132987536921,0.9826816631846887,0.5965764053982662,215,2923,8
superseg,random,2,194,0.9754960416186672,0.06192268217584673,0.14587925941935018,0.14587925941935018,0.12490094373604205,0.9862859604255217,0.5924883834017721,181,2923,8
superseg,random,2,195,0.981399625718802,0.04994868286007526,0.13653555219364596,0.13653555219364596,0.11926374180534544,0.988387153903417,0.5878012210935812,146,2923,8
superseg,random,2,196,0.9859430002700956,0.037290455011974,0.12952597075138678,0.12952597075138678,0.11714573877962683,0.9910022392719063,0.5822651766203203,109,2923,8
superseg,random,2,197,0.9898525084424302,0.02531645569620253,0.12150781643973776,0.12150781643973776,0.11359051941502774,0.9934911029464736,0.576265969070432,74,2923,8
superseg,random,2,198,0.9944503148340005,0.012658227848101266,0.1129097327281896,0.1129097327281896,0.11008572869389813,0.9962214537857502,0.5723011670628917,37,2923,8
superseg,random,2,199,0.9999972798366425,0.00034211426616489907,0.1130105900151286,0.1130105900151286,0.1130105900151286,1.0,0.5684559829983431,1,2923,8
superseg,random,2,0,6.152008661952646e-05,1.2073212452959288,0.6050639886450156,0.6353259196678259,0.3743557795373227,0.7630882141056121,0.8546205244578922,3529,2923,9
superseg,random,2,1,0.005053764286664441,1.2052685596989394,0.6049361160133608,0.6352736900013752,0.37401538619390357,0.76332985135557,0.8545574886535552,3523,2923,9
superseg,random,2,2,0.010763394015483483,1.20390010263428,0.6047596157612176,0.6349459038188237,0.37388931458522984,0.7635714886055279,0.8545259707513868,3519,2923,9
superseg,random,2,3,0.016624234142318867,1.2011631885049607,0.6044732531072302,0.6349693171175773,0.3735975488622992,0.7642165550032418,0.8543725836275005,3511,2923,9
superseg,random,2,4,0.022693266210458474,1.1991105029079712,0.6039437523508004,0.6349693171175773,0.3736479775057687,0.765036020459621,0.8543935955622795,3505,2923,9
superseg,random,2,5,0.028351076900633224,1.1973999315771469,0.6046209369916764,0.6357257467696197,0.37410183529699415,0.7654352472204211,0.8542780299209952,3500,2923,9
superseg,random,2,6,0.03272699883068499,1.1943209031816626,0.6037888643744299,0.6346937606014761,0.3729563846810443,0.7657630334029728,0.8538987644982349,3491,2923,9
superseg,random,2,7,0.03643387279632386,1.1919261033185085,0.6030540469981601,0.6336347590886169,0.3717208829160418,0.7659551425209519,0.8534890317700454,3484,2923,9
superseg,random,2,8,0.04188918711968852,1.189531303455354,0.6027352659305137,0.6331430798147893,0.3718199391799996,0.7664993516317268,0.8533083291309462,3477,2923,9
superseg,random,2,9,0.04614545407009948,1.186110160793705,0.6024471022535453,0.6318715575901658,0.37147414276763746,0.7671864418989985,0.8532032694570516,3467,2923,9
superseg,random,2,10,0.051146065780719674,1.1833732466643858,0.6018551660337724,0.6310214747431087,0.3710815197577679,0.7676875765434766,0.8528985964027568,3459,2923,9
superseg,random,2,11,0.057677330504760836,1.1792678754704071,0.6020736901554735,0.6318031187168858,0.3713336629751153,0.7688229714477823,0.8526674651201882,3447,2923,9
superseg,random,2,12,0.061374089251959814,1.1755046185425932,0.6011947909407196,0.6304631576189821,0.3713732854806985,0.7697156785053911,0.8524573457723986,3436,2923,9
superseg,random,2,13,0.06724309482128567,1.173451932945604,0.6007661474712288,0.6300165039196809,0.37053761081748976,0.7699678217227385,0.8521631786854934,3430,2923,9
superseg,random,2,14,0.07192393239787917,1.1710571330824495,0.5995558600279611,0.6287125632813984,0.36944979293693364,0.7703460365487597,0.8516799041855774,3423,2923,9
superseg,random,2,15,0.07662191970862783,1.16968867601779,0.5997791868776118,0.6290907781074195,0.36957586454560737,0.7707767812117282,0.8516588922507984,3419,2923,9
superseg,random,2,16,0.08152309910027203,1.1666096476223058,0.5995234416143022,0.6290655637856848,0.3697019361542811,0.771747532598516,0.8515391242225583,3410,2923,9
superseg,random,2,17,0.08609439995657077,1.1652411905576463,0.5987922262839945,0.6285612773509899,0.36907157811091246,0.7718420863050213,0.8513395108421583,3406,2923,9
superseg,random,2,18,0.09079859619793804,1.162162162162162,0.5982122968840954,0.6285360630292551,0.368819434893565,0.7726465432365585,0.8511419986552359,3397,2923,9
superseg,random,2,19,0.09674353924315215,1.1607937050975026,0.5984464298716323,0.6287701960167921,0.3690175474214809,0.7730373652234469,0.8511230879139351,3393,2923,9
superseg,random,2,20,0.1008283550629506,1.1577146767020186,0.5976143572543858,0.6280713991001434,0.36810622979306795,0.7736046874624787,0.8507301647335686,3384,2923,9
superseg,random,2,21,0.10553412465670263,1.1539514197742047,0.5966472079135602,0.6269529638289093,0.36766858120867196,0.7743148908580073,0.8503750630358042,3373,2923,9
superseg,random,2,22,0.11098105988195614,1.1515566199110503,0.5958061301814083,0.6260362431315533,0.36694096792432646,0.7746741949427274,0.8499905446293494,3366,2923,9
superseg,random,2,23,0.11512560233386891,1.1498460485802258,0.595188379298907,0.6256454211446648,0.3664240743287642,0.7749893739644119,0.8498644730206757,3361,2923,9
superseg,random,2,24,0.12052705977174269,1.1464249059185767,0.5943815210033951,0.6250150631012961,0.36551635874631333,0.7755924164925678,0.849574508320726,3351,2923,9
superseg,random,2,25,0.12598542620453873,1.1436879917892575,0.5933981624557402,0.6238047756580283,0.3645330001986583,0.7758130418077468,0.8490912338208102,3343,2923,9
superseg,random,2,26,0.12967649053336253,1.1402668491276087,0.591840277577129,0.6225242483184994,0.3633533301460684,0.776223675047427,0.8485785426122038,3333,2923,9
superseg,random,2,27,0.13418848119123175,1.1395826205952788,0.591840277577129,0.6225242483184994,0.3633533301460684,0.7766018898734481,0.8485785426122038,3331,2923,9
superseg,random,2,28,0.1387834167085276,1.1378720492644543,0.5920383901050449,0.6228016058575816,0.3635550447199464,0.7769927118603367,0.8485470247100353,3326,2923,9
superseg,random,2,29,0.14328263273850184,1.1347930208689703,0.5916061445895922,0.6221352273545919,0.36279141097597983,0.7774906947145979,0.8484377626491848,3317,2923,9
superseg,random,2,30,0.1484129517326302,1.132740335271981,0.5915809302678574,0.6220415741595772,0.36282983279957565,0.7779229402300507,0.848175113464448,3311,2923,9
superseg,random,2,31,0.15289188575102483,1.128977078344167,0.5910514295114278,0.6221784519061372,0.3628046184778409,0.7788029200585934,0.8478578332492857,3300,2923,9
superseg,random,2,32,0.15688629221698,1.1245295928840233,0.5901293057451285,0.6217750227583813,0.36246602615740287,0.7795593497106358,0.8474691124558749,3287,2923,9
superseg,random,2,33,0.16339945285648577,1.121450564488539,0.5902037480283452,0.6216381450118212,0.36263532231762186,0.7802832108637707,0.8471749453689696,3278,2923,9
superseg,random,2,34,0.1684446247244758,1.1173451932945604,0.5889310251217343,0.6201595051443766,0.3619131121022195,0.7807927502821603,0.8462546226256514,3266,2923,9
superseg,random,2,35,0.17389021555479756,1.1132398221005817,0.5877927785977087,0.6189574041692045,0.36095300312395623,0.7817081202122805,0.8459289376365777,3254,2923,9
superseg,random,2,36,0.1784707422356051,1.108450222374273,0.587200842377936,0.6180983162072421,0.3610898808705163,0.7826904281631967,0.8456074550344596,3240,2923,9
superseg,random,2,37,0.1838995709484796,1.1036606226479644,0.5855186869136322,0.6167835694310732,0.3600813080011265,0.7833649112696011,0.8453216927214658,3226,2923,9
superseg,random,2,38,0.18730229008929297,1.1005815942524804,0.5858212587744491,0.6171779934639239,0.36051355351657927,0.7840898230194749,0.8450842578584636,3217,2923,9
superseg,random,2,39,0.19161065356562954,1.0968183373246665,0.5851818956161753,0.6160991806982731,0.35978053716329056,0.7847012703215426,0.8448174062867708,3206,2923,9
superseg,random,2,40,0.1980604458140287,1.095107765993842,0.5848757217093962,0.6156201085853128,0.3594275366590041,0.7848798717671638,0.8446072869389812,3201,2923,9
superseg,random,2,41,0.20113416751481003,1.091686623332193,0.5844218639181707,0.6147195970947862,0.35871793360446913,0.7855921763561703,0.8443236258194654,3191,2923,9
superseg,random,2,42,0.20683928643154692,1.0886075949367089,0.5833268419456904,0.6136245751223058,0.3576733402754583,0.7858338136061283,0.8437773155152126,3182,2923,9
superseg,random,2,43,0.21210884287790566,1.0841601094765652,0.5832656071643346,0.6134696871459352,0.35729152340347503,0.7866385707081622,0.8434852496217853,3169,2923,9
superseg,random,2,44,0.21660492794654185,1.0827916524119057,0.5831899641991303,0.6132679725720572,0.35716545179480125,0.7868907139255098,0.8434789460413517,3165,2923,9
superseg,random,2,45,0.2205606931358206,1.0793705097502566,0.581623074205614,0.6119856442095474,0.35598758276519243,0.7877522032514469,0.8430545049588167,3155,2923,9
superseg,random,2,46,0.2259453228729682,1.0773178241532673,0.5816158701136898,0.6116326437052609,0.35543286768702803,0.7880148524361837,0.8427120104219196,3149,2923,9
superseg,random,2,47,0.23125161831787994,1.0749230242901129,0.581079165265336,0.6110959388569072,0.3550726630908174,0.7884727625291165,0.8425102958480417,3142,2923,9
superseg,random,2,48,0.23518551698234583,1.0725282244269585,0.579760816443205,0.6094317936224138,0.3547448769082657,0.7890842098311841,0.8423064800806859,3135,2923,9
superseg,random,2,49,0.24041774362222107,1.0701334245638043,0.5797860307649397,0.6093381404273991,0.35465482575921303,0.7897240232452034,0.842081652378551,3128,2923,9
superseg,random,2,50,0.2458054572153236,1.0653438248374958,0.5805892870144894,0.6093201301975886,0.355295989940468,0.7913122253439955,0.8419891998655236,3114,2923,9
superseg,random,2,51,0.2498351704601901,1.061580567909682,0.5790223970209731,0.6079045261344806,0.3540857024972002,0.7917345652330524,0.8411298117330643,3103,2923,9
superseg,random,2,52,0.255060215360798,1.0581594252480329,0.5790728256644426,0.6080432049040219,0.354110916818935,0.7925750426242104,0.8406685997646665,3093,2923,9
superseg,random,2,53,0.2609852392051827,1.054054054054054,0.5791952952271543,0.6080035823984387,0.3541289270487455,0.7935584011718656,0.8403040426962516,3081,2923,9
superseg,random,2,54,0.26513571607937586,1.051317139924735,0.5779507883472464,0.6065141363931077,0.35300688973154937,0.7939996518022236,0.8397934526811228,3073,2923,9
superseg,random,2,55,0.27050721152745194,1.0482381115292507,0.5782029315645939,0.6069067594029772,0.3531257572482988,0.7947298165357923,0.839589636913767,3064,2923,9
superseg,random,2,56,0.27465284192371703,1.0451590831337667,0.5771871546032799,0.6059360080161896,0.3522792764472038,0.7952971387748241,0.8390139099008238,3055,2923,9
superseg,random,2,57,0.2813808586312565,1.0434485118029422,0.5771070620518872,0.6054857522709263,0.3519911127702353,0.7955429784117379,0.8388132459236846,3050,2923,9
superseg,random,2,58,0.2862488710545157,1.0400273691412931,0.5768441126966534,0.6046374704468502,0.3511662442449129,0.7960661755877338,0.8385821146411162,3040,2923,9
superseg,random,2,59,0.2920299891480505,1.0362641122134792,0.5761309075961563,0.6036270965544792,0.35078802941889176,0.7966671169224118,0.8382102033955288,3029,2923,9
superseg,random,2,60,0.2957254382340129,1.0348956551488198,0.5760696728148005,0.603717147703532,0.3506763659940665,0.7969642857142857,0.8381786854933603,3025,2923,9
superseg,random,2,61,0.2997452140702299,1.0311323982210059,0.5749854569802064,0.6022943395485,0.3499883752153041,0.7979539478423745,0.8376365775760632,3014,2923,9
superseg,random,2,62,0.30533484863144594,1.0263427984946973,0.5739768841108166,0.6014874812529881,0.34937242535578394,0.7991201102226064,0.8372793746848208,3000,2923,9
superseg,random,2,63,0.311688880384045,1.023947998631543,0.5723587179336045,0.5997044685017453,0.348259393153493,0.7993186730062676,0.8368885526979324,2993,2923,9
superseg,random,2,64,0.31705605343425197,1.0218953130345536,0.5717751864877432,0.5993172485608189,0.34802165811999397,0.8000246740148402,0.8366511178349302,2987,2923,9
superseg,random,2,65,0.3221588353490593,1.0174478275744099,0.5709152798789713,0.5979368463105226,0.3470464860404346,0.8006958552457797,0.8361688939317531,2974,2923,9
superseg,random,2,66,0.32780626671475777,1.013342456380431,0.569348389885455,0.5964528033741346,0.3466610671224892,0.8019418629781717,0.8356520003361908,2962,2923,9
superseg,random,2,67,0.3322815596920199,1.0109476565172768,0.568440674303004,0.5955919143891912,0.347024873764662,0.8027613284345507,0.8352380652210456,2955,2923,9
superseg,random,2,68,0.3376315801452987,1.006842285323298,0.5671763561703047,0.5941763103260834,0.3457353413102279,0.8034126984126985,0.8346014035972432,2943,2923,9
superseg,random,2,69,0.34360449056669357,1.0027369141293192,0.5661425689791801,0.593117308813224,0.345029340301655,0.8041376101625723,0.8343870818624979,2931,2923,9
superseg,random,2,70,0.3473391822899701,0.9972630858706808,0.5621923252407367,0.5894516267057871,0.3424622822126604,0.8049438681170905,0.8333879643637587,2915,2923,9
superseg,random,2,71,0.35365151668805617,0.993157714676702,0.5615781764041976,0.5881224717457697,0.3417905006407276,0.8053620056191916,0.832819591527988,2903,2923,9
superseg,random,2,72,0.359839216012926,0.9890523434827232,0.560611027063372,0.5863532668373819,0.3406600585496198,0.8059608457603918,0.8321493108085392,2891,2923,9
superseg,random,2,73,0.3643465597815552,0.9852890865549093,0.5599626587901929,0.5860146745169438,0.33975594501313106,0.8068787671397353,0.831672339889057,2880,2923,9
superseg,random,2,74,0.36977047365246124,0.9804994868286008,0.5585452537041039,0.5846272864805391,0.3385030333593117,0.8075436447902409,0.8312016725500083,2866,2923,9
superseg,random,2,75,0.3756476746337076,0.9774204584331166,0.5584443964171649,0.5845840619289939,0.33856426814066753,0.8084762745239296,0.8309180114304925,2857,2923,9
superseg,random,2,76,0.38033812976702036,0.972972972972973,0.5578860792930385,0.5838690558055156,0.33764574642033035,0.8091885791129361,0.8303695999327618,2844,2923,9
superseg,random,2,77,0.38498545146469776,0.9681833732466644,0.5568667002857622,0.58266237040821,0.3358375193473529,0.8098987825084647,0.8298148848545974,2830,2923,9
superseg,random,2,78,0.3901933369091758,0.962709544988026,0.5555753668083471,0.5810468527942053,0.33529361040707484,0.8108671325312777,0.8292850839276709,2814,2923,9
superseg,random,2,79,0.39520651907925763,0.9579199452617174,0.5549882333165238,0.5802327904067692,0.33445433369790406,0.8119156280767476,0.8283929772110558,2800,2923,9
superseg,random,2,80,0.400298783802953,0.9562093739308929,0.5545379775712606,0.5798617796726722,0.33418778229670815,0.8121173426506255,0.8281723518958769,2795,2923,9
superseg,random,2,81,0.4060507891004077,0.9517618884707493,0.5525065328015404,0.5776555265208821,0.3329522805317056,0.8125743522320679,0.8275317880556157,2782,2923,9
superseg,random,2,82,0.41131886615881064,0.9466301744782758,0.5516618530234264,0.5768108467427681,0.3327631731186951,0.8136804805129313,0.8268320906274764,2767,2923,9
superseg,random,2,83,0.4164234885211341,0.9418405747519671,0.5516744601842938,0.57609584061929,0.33323324011674993,0.8147100653171002,0.8264213073025479,2753,2923,9
superseg,random,2,84,0.4208581518428993,0.9363667464933287,0.5497988857671158,0.5739454191799124,0.3310864207233345,0.8156186814110414,0.8256070948298634,2737,2923,9
superseg,random,2,85,0.4258905137789657,0.9312350325008553,0.5483400571524626,0.5720651511876927,0.3293970611671066,0.8162563936315829,0.8249389153038925,2722,2923,9
superseg,random,2,86,0.4294678628541992,0.9257612042422169,0.5461734265062556,0.5697472346110773,0.3283776821598304,0.8172694690584252,0.8238991247028311,2706,2923,9
superseg,random,2,87,0.4343658353302384,0.9209716045159083,0.5445561078692698,0.5681335180200535,0.32689003717748044,0.8184482385995245,0.8232708678529405,2692,2923,9
superseg,random,2,88,0.44101795820839507,0.9161820047895998,0.5438393007228105,0.5673194556326175,0.32688283308555627,0.8197224623586198,0.8226068907139257,2678,2923,9
superseg,random,2,89,0.4464526318888385,0.912076633595621,0.5431837283577071,0.5663685154986213,0.3264758018918382,0.82042396080974,0.8219993456283169,2666,2923,9
superseg,random,2,90,0.45114982241836776,0.9062606910708176,0.5413899094685781,0.5645855027473787,0.324303768176688,0.821681375021012,0.8210306954350072,2649,2923,9
superseg,random,2,91,0.4552542099685517,0.9004447485460144,0.5388108445597098,0.561685855747883,0.32185797896841767,0.8226770405590377,0.8198252107196888,2632,2923,9
superseg,random,2,92,0.4599646698426585,0.8939445774888812,0.5361405278198016,0.5593031023439495,0.3198552414134865,0.8237070756189515,0.8188856770645726,2613,2923,9
superseg,random,2,93,0.46488280766429363,0.8888128634964078,0.5345304132747399,0.5575200895927068,0.3195490675067074,0.8247860384698509,0.8181781752035155,2598,2923,9
superseg,random,2,94,0.4693076058467465,0.8840232637700992,0.5345772398722475,0.5570320123648415,0.31922488337011784,0.8256011514540259,0.8176339660927407,2584,2923,9
superseg,random,2,95,0.4750850540462081,0.8785494355114608,0.5320738179285834,0.5538910282858845,0.3175751463194731,0.8264488329371081,0.8166653158994308,2568,2923,9
superseg,random,2,96,0.4797569559183144,0.8741019500513172,0.530769877290301,0.5522665055569744,0.3166746348289465,0.8274875729414306,0.8163879583603487,2555,2923,9
superseg,random,2,97,0.4845504452604689,0.8679438932603489,0.5307770813822251,0.5520467807532861,0.3174418706188752,0.8292164049179933,0.8154760403909421,2537,2923,9
superseg,random,2,98,0.49029820641581007,0.8617858364693808,0.5292534159402541,0.5502439567492518,0.31675387984011283,0.8304098828134381,0.814747526595106,2519,2923,9
superseg,random,2,99,0.49422081345288954,0.8566541224769073,0.5268580553754533,0.547445167036695,0.31531666350123233,0.8312398542372067,0.8143482998343058,2504,2923,9
superseg,random,2,100,0.4982322746038699,0.8511802942182689,0.5246067766491367,0.5451182453451743,0.3154247248800955,0.8324165225848281,0.8134778053934635,2488,2923,9
superseg,random,2,101,0.5027292942598002,0.8446801231611358,0.5224599572557213,0.5422762310810721,0.31322087309228,0.8333683632303148,0.8124665309896021,2469,2923,9
superseg,random,2,102,0.5066200183449003,0.8395484091686624,0.5195675143481497,0.5393837881735007,0.31179086084532376,0.834352772374709,0.8111621400955743,2454,2923,9
superseg,random,2,103,0.5126411239299111,0.8344166951761889,0.5187762649184736,0.5383908241699467,0.3111400912081698,0.8352878034723724,0.8103423744686983,2439,2923,9
superseg,random,2,104,0.5173475768226735,0.8282586383852206,0.5145150445453017,0.5336649398676631,0.3083124851279163,0.8360820546070169,0.8092581586341042,2421,2923,9
superseg,random,2,105,0.5220886437109316,0.8224426958604174,0.5123141944624547,0.5315973654854138,0.30685005446730107,0.8368311300818865,0.8079302043560743,2404,2923,9
superseg,random,2,106,0.5260487602767978,0.8152582962709545,0.5082204692265206,0.5269813435849744,0.3037865143765295,0.8378418041447542,0.8062408447998463,2383,2923,9
superseg,random,2,107,0.5307227066951689,0.8097844680123161,0.5058359147996061,0.5247228607667337,0.3029292274375482,0.8389068090675502,0.805371851211488,2367,2923,9
superseg,random,2,108,0.5358879444523083,0.8026000684228533,0.5031704007876473,0.5221149794901685,0.3016505011210004,0.8403854489349951,0.8037980572965445,2346,2923,9
superseg,random,2,109,0.5399759112761964,0.7974683544303798,0.49953953845784405,0.5177529018300576,0.29847349658242245,0.8409212532718584,0.8025961746271882,2331,2923,9
superseg,random,2,110,0.5465515181660426,0.7913102976394115,0.49698568787071057,0.5146011116132144,0.296632851095786,0.8418667903369114,0.8014657325360804,2313,2923,9
superseg,random,2,111,0.5514595941720594,0.7858364693807732,0.4949433278101962,0.5125083229092307,0.29443920510486316,0.8425790949259179,0.800430894748217,2297,2923,9
superseg,random,2,112,0.5551946437608479,0.7803626411221348,0.4921697524193741,0.5091620222104337,0.2928218864678774,0.843946971880028,0.7994691484763344,2281,2923,9
superseg,random,2,113,0.5612224938556191,0.7731782415326719,0.4898752491415123,0.5068675189325719,0.2910316696247105,0.8447547306870303,0.7983807302547848,2260,2923,9
superseg,random,2,114,0.5671068390422406,0.7687307560725283,0.48671445380976397,0.503555437670415,0.2897097187566174,0.84564353552818,0.7975279458732559,2247,2923,9
superseg,random,2,115,0.5715404516716099,0.7605200136845707,0.48622457555891746,0.5028170182481831,0.2895908512398679,0.8478329791321471,0.7959226340561439,2223,2923,9
superseg,random,2,116,0.5775406923378169,0.7523092712966131,0.48225872295463823,0.49794705210741524,0.2874692461681872,0.8491493768460487,0.794876239704152,2199,2923,9
superseg,random,2,117,0.582904504187775,0.7478617858364693,0.47956079052902056,0.49540040561220594,0.2867632451596143,0.850147443748049,0.7937445969310568,2186,2923,9
superseg,random,2,118,0.5869156512837276,0.7399931577146767,0.47837211536152535,0.49351653557402425,0.28549892702691493,0.8517461518142303,0.7926393691616839,2163,2923,9
superseg,random,2,119,0.591903931014496,0.735545672254533,0.4759335302451792,0.49107795045767816,0.284285037537685,0.8525677184640875,0.7921897137574143,2150,2923,9
superseg,random,2,120,0.5970079971692898,0.7283612726650701,0.4733832817040079,0.488668181709029,0.28190408515673265,0.8540076363374396,0.7906522404725885,2129,2923,9
superseg,random,2,121,0.6021884777539724,0.7201505302771125,0.4713481257354177,0.4865609848211966,0.2805785322426775,0.8554202386955791,0.788937066253632,2105,2923,9
superseg,random,2,122,0.6067228837472445,0.711939787889155,0.46750474269385006,0.48223852966666886,0.27756722181835647,0.857313113848666,0.7872516089138631,2081,2923,9
superseg,random,2,123,0.61132836203213,0.7054396168320219,0.46518322407127244,0.4796648678267438,0.2758238315726969,0.8587104075114664,0.7862010121749152,2062,2923,9
superseg,random,2,124,0.6161800728997762,0.698255217242559,0.46179730086689236,0.47572783159016135,0.2717499175895545,0.8594206109069952,0.784449817496338,2041,2923,9
superseg,random,2,125,0.6212308107023194,0.6917550461854259,0.4583141224215354,0.4720429385709265,0.2691744547266484,0.8603175203515596,0.7828321986888553,2022,2923,9
superseg,random,2,126,0.6262306070012572,0.6855969893944578,0.45445032778618255,0.4679988233316524,0.2663268736642413,0.8608869437840693,0.7816586821314505,2004,2923,9
superseg,random,2,127,0.6319991917401369,0.6790968183373247,0.45175479672453955,0.46544497274451885,0.2638270537665394,0.8623178565425162,0.7801767403885408,1985,2923,9
superseg,random,2,128,0.6384401011298378,0.6719124187478618,0.44792582186682034,0.4606068246764162,0.2623670244698989,0.8637760848161756,0.7790961265999088,1964,2923,9
superseg,random,2,129,0.6434353765147446,0.6657543619568936,0.4461932377590471,0.4586130922363903,0.26268040246860214,0.8653089054583002,0.7781905122109359,1946,2923,9
superseg,random,2,130,0.6481625747598424,0.6592541908997606,0.4436429892178758,0.4558143025238334,0.26083975698196576,0.8666671769565114,0.776643733640708,1927,2923,9
superseg,random,2,131,0.6530102807877579,0.6524119055764626,0.4390089570876257,0.4509281271762361,0.25732776216891196,0.8674572257041999,0.7741080433686334,1907,2923,9
superseg,random,2,132,0.6563021109964093,0.6452275059869996,0.43323127536440703,0.4449235165574046,0.25453977859424154,0.8685750606344403,0.7717793206541315,1886,2923,9
superseg,random,2,133,0.6622934321651551,0.6390694491960315,0.430320822227025,0.44186537953557625,0.25231371418965975,0.8693987284777753,0.7700971651898277,1868,2923,9
superseg,random,2,134,0.6677190454656199,0.630516592541909,0.4288872079341066,0.4400787647383714,0.25060634440362123,0.871312915736138,0.7691201102226064,1843,2923,9
superseg,random,2,135,0.6728197553931974,0.6236743072186111,0.4239452008740965,0.4347333285306054,0.2483370554474942,0.8726950507888481,0.7680010746103787,1823,2923,9
superseg,random,2,136,0.6777799885912649,0.6144372220321588,0.4200549912350215,0.43026679153759334,0.2467293422664073,0.8745924284993877,0.7663387303988665,1796,2923,9
superseg,random,2,137,0.6819935825889968,0.6065685939103661,0.4157685565401148,0.4254760704079918,0.24425833873640224,0.8759409444564512,0.764066439737771,1773,2923,9
superseg,random,2,138,0.6874826291227593,0.5969893944577489,0.41033667122925827,0.41966597027111396,0.239784597651466,0.8773592500540307,0.7622459056744231,1745,2923,9
superseg,random,2,139,0.6917360359175677,0.589804994868286,0.4076639531253752,0.4165898230194751,0.23986024061667024,0.8798284525610546,0.7600630658213866,1724,2923,9
superseg,random,2,140,0.6966822435059917,0.5826205952788232,0.4047534999879932,0.4133551857455034,0.23788631942943592,0.8807076519463056,0.7581539814614702,1703,2923,9
superseg,random,2,141,0.7024208157804934,0.5750940814231954,0.40280839516845574,0.4115361525346397,0.2372775736618399,0.8828169500276157,0.756683746367937,1681,2923,9
superseg,random,2,142,0.7056292363012295,0.5675675675675675,0.40208978699901543,0.4110696875825469,0.2367084503998271,0.8847086244987153,0.7551294635352881,1659,2923,9
superseg,random,2,143,0.710467352591361,0.5607252822442695,0.400521095982518,0.40904713877482407,0.2360114545061595,0.8858149028648273,0.7538021095982518,1639,2923,9
superseg,random,2,144,0.7155611494027811,0.5531987683886418,0.3979888576711572,0.4060610426722378,0.23629061306822274,0.8878332492855942,0.7514886955790889,1617,2923,9
superseg,random,2,145,0.7187648710064549,0.545672254533014,0.3948034483586677,0.4020933890449776,0.23514516245227288,0.8893405554354874,0.7499350130874337,1595,2923,9
superseg,random,2,146,0.7239061152412314,0.5378036264112214,0.3929357875273155,0.3999735849962779,0.2349938765218644,0.8908513135460943,0.7488189791801744,1572,2923,9
superseg,random,2,147,0.7287850053675327,0.5292507697570988,0.39063408015752954,0.398287827486012,0.23328650673582593,0.8922026811228778,0.7469083939677736,1547,2923,9
superseg,random,2,148,0.7339188413501709,0.5213821416353062,0.3892184760944216,0.39716939221477804,0.23278822371106783,0.893971585860769,0.7454097927622889,1524,2923,9
superseg,random,2,149,0.7386624649457744,0.5148819705781731,0.38548675647767927,0.3934376725980357,0.22998943399851116,0.8946103486780492,0.7435412314194462,1505,2923,9
superseg,random,2,150,0.7451941974772399,0.5056448853917208,0.38157853660879376,0.3895294527291501,0.22756885911197558,0.8967226484643277,0.7411494729006075,1478,2923,9
superseg,random,2,151,0.750002903771962,0.49777625726992814,0.3774181735225608,0.3848395888864875,0.22542564176452223,0.8983101001368778,0.7395309535816343,1455,2923,9
superseg,random,2,152,0.7553043902882641,0.48853917208347586,0.3764492231587542,0.3830469706793459,0.22504502557452633,0.9003520099416468,0.7374106992771894,1428,2923,9
superseg,random,2,153,0.7612313372348887,0.4799863154293534,0.37032574502317317,0.37692349254376484,0.22181038830055472,0.9015812081262157,0.7344149977187042,1403,2923,9
superseg,random,2,154,0.7675409675942886,0.4700650017105713,0.36782952717143336,0.37380772278654273,0.21994452849218354,0.9034443664001153,0.7320358463607329,1374,2923,9
superseg,random,2,155,0.7731711079600679,0.46253848785494356,0.3654773911581778,0.3710233412578344,0.2185757510265831,0.9047302968085873,0.7300229030089092,1352,2923,9
superseg,random,2,156,0.778620069149017,0.45432774546698595,0.36070468025838676,0.36630826309343706,0.2158922267848138,0.906160158970295,0.7279172069735609,1328,2923,9
superseg,random,2,157,0.7843082438015767,0.4464591173451933,0.3573727877434383,0.3627746560046106,0.21445140839997118,0.9077822803352305,0.7256335098335854,1305,2923,9
superseg,random,2,158,0.7904885304908237,0.43824837495723573,0.3551034987873112,0.3605053670484835,0.21356890713925508,0.9094084540018731,0.7230065677304709,1281,2923,9
superseg,random,2,159,0.7964883084922317,0.42901128977078345,0.35161491727301103,0.3567646423168359,0.21302679922195808,0.9116640852003938,0.7205319621545037,1254,2923,9
superseg,random,2,160,0.8012367322373265,0.41943209031816625,0.34942127128208816,0.3542936387868309,0.21242165550032416,0.9138829455130514,0.7178649472900608,1226,2923,9
superseg,random,2,161,0.8056078875495339,0.410195005131714,0.3437732632135052,0.3481917729270225,0.20984979468338016,0.9156952248877364,0.7151850250942535,1199,2923,9
superseg,random,2,162,0.8118778103360536,0.4013000342114266,0.3419074034051341,0.34632591311865135,0.21012715222246237,0.9179290937252358,0.71259125183104,1173,2923,9
superseg,random,2,163,0.8162408529710523,0.39206294902497435,0.33595442211175947,0.3397425737819081,0.20714946089378766,0.9197799450087649,0.7102395660735298,1146,2923,9
superseg,random,2,164,0.8208791450504618,0.38522066370167635,0.33176524265782964,0.33509953653675284,0.2037815479192181,0.9207591011694642,0.7086657721585861,1126,2923,9
superseg,random,2,165,0.8263862106896113,0.3735887786520698,0.3282568498907379,0.33116250030017047,0.2024559950051629,0.9231298477535239,0.7058285606224336,1092,2923,9
superseg,random,2,166,0.8316981953208985,0.3640095791994526,0.3261352448190572,0.328813966332877,0.2033240880820306,0.926264828422544,0.7032389897461758,1064,2923,9
superseg,random,2,167,0.8375316200230095,0.35306192268217584,0.3190608265494801,0.3217395480632999,0.19977967485531783,0.9284017421895636,0.6993364731167303,1032,2923,9
superseg,random,2,168,0.8428176197461958,0.3448511802942183,0.3145642725067838,0.31707489854237203,0.1976364575078645,0.9295009665489999,0.6970152546646495,1008,2923,9
superseg,random,2,169,0.8477314486417357,0.335614095107766,0.3097447350094854,0.3121653098960209,0.19377506423648633,0.9310936712052446,0.6939853336695243,981,2923,9
superseg,random,2,170,0.8542586810900865,0.32637700992131374,0.3043596762961362,0.30640563840261265,0.18931393031241744,0.9325561018658598,0.6910322563215907,954,2923,9
superseg,random,2,171,0.8580855127297405,0.31748203900102634,0.2990646687318397,0.30111063083831613,0.18792714261700647,0.9349514624306605,0.6883124114497035,928,2923,9
superseg,random,2,172,0.8631085476526961,0.3072186110160794,0.29463775424441085,0.2963559301683356,0.18566865979876568,0.9366879487548928,0.6849490010325865,898,2923,9
superseg,random,2,173,0.8680937825815895,0.2976394115634622,0.2889897461758278,0.2904557788824052,0.184054943207742,0.9386063384002113,0.682180228369714,870,2923,9
superseg,random,2,174,0.8734027469180694,0.28737598357851524,0.27933266095142034,0.28059697908411974,0.17830607785222005,0.9397307770813824,0.6789143733640707,840,2923,9
superseg,random,2,175,0.8779856771412625,0.27813889839206296,0.2733064380568163,0.27436904161563763,0.1761628605047667,0.9413180786686838,0.6763016893595563,813,2923,9
superseg,random,2,176,0.8825275877219061,0.2682175846732809,0.26919650361405273,0.27025910717287416,0.17550728813966332,0.9435644045818026,0.6731444960737699,784,2923,9
superseg,random,2,177,0.8873644798174882,0.2569278138898392,0.26078212424657204,0.2616430132315155,0.16929015680906753,0.9448965612467881,0.6681259455370651,751,2923,9
superseg,random,2,178,0.891469206371169,0.24563804310639753,0.2541549600172898,0.2550878899214754,0.16511958792594192,0.9469257138054415,0.6631145990922844,718,2923,9
superseg,random,2,179,0.8985841956708159,0.23537461512145055,0.2510896189035372,0.2517956199121101,0.16485303652474603,0.9492322239031772,0.6599925257546286,688,2923,9
superseg,random,2,180,0.9035179911402383,0.2247690728703387,0.2470805417477127,0.24803868597363302,0.16303760535984438,0.9517158345940495,0.6564967401484043,657,2923,9
superseg,random,2,181,0.9084997724933986,0.21382141635306193,0.2421385346877026,0.24309667891362294,0.1607178877602478,0.9540058353144586,0.6520503145786807,625,2923,9
superseg,random,2,182,0.9134565768363184,0.20218953130345535,0.23838160074922557,0.23959188819249336,0.16185253223831136,0.9571700826069209,0.6491899899142712,591,2923,9
superseg,random,2,183,0.9191376608112735,0.1902155319876839,0.2324058064980909,0.2334143793674807,0.15862509905626396,0.9599895840837596,0.6447168491703287,556,2923,9
superseg,random,2,184,0.9237061829496479,0.17858364693807732,0.2243876521864419,0.22539622505583165,0.15559938044809452,0.9627973789112216,0.6401956811468915,522,2923,9
superseg,random,2,185,0.9293714905667528,0.16763599042080055,0.21830379655644402,0.2193916144370002,0.15468806281968156,0.9655005643205341,0.6370177760968231,490,2923,9
superseg,random,2,186,0.9342056276616874,0.15668833390352377,0.2109646279086521,0.2120524457892083,0.1510553994668972,0.9676448322647262,0.6322762829287035,458,2923,9
superseg,random,2,187,0.9380417661748702,0.14471433458775232,0.2042684244650962,0.20497442547366904,0.1458828614653123,0.9691093641188195,0.6270353060538385,423,2923,9
superseg,random,2,188,0.94154435599127,0.13445090660280534,0.19695627116202002,0.19766227217059287,0.14111735465744543,0.9711944984751341,0.6230562459476983,393,2923,9
superseg,random,2,189,0.9463604522653973,0.12247690728703386,0.19215474389453208,0.19240688711187953,0.13956847489373964,0.9735706481281368,0.6193242261604591,358,2923,9
superseg,random,2,190,0.9509843726015429,0.1105029079712624,0.18658237879115336,0.1868345220085008,0.13639147035516172,0.976389249093485,0.6140751446821795,323,2923,9
superseg,random,2,191,0.9566910098428772,0.09887102292165584,0.17701174266983644,0.17726388588718392,0.1322671277285498,0.9785513771822396,0.6089623406094662,289,2923,9
superseg,random,2,192,0.961501934464337,0.08723913787204926,0.1670376774007636,0.16728982061811107,0.1271342122325481,0.980490778762337,0.6035844859880412,255,2923,9
superseg,random,2,193,0.9674259413292166,0.0749230242901129,0.15959945248901375,0.1598515957063612,0.12395720769397017,0.9833571068366832,0.5992290120788607,219,2923,9
superseg,random,2,194,0.9735029687642065,0.06226479644201163,0.15079965420358762,0.1510517974209351,0.11962034435559399,0.9857271029945007,0.5932589210671662,182,2923,9
superseg,random,2,195,0.9801184738059636,0.04994868286007526,0.14354693465888624,0.1437990778762337,0.11767704055903752,0.9885394003794153,0.589302373748289,146,2923,9
superseg,random,2,196,0.984490970123912,0.0376325692781389,0.1324022044521288,0.13265434766947623,0.11364274908147827,0.990608175443652,0.5839374264582283,110,2923,9
superseg,random,2,197,0.9892256574134893,0.02531645569620253,0.12785101937900728,0.1281031625963547,0.11632807434622865,0.9943606068246765,0.5790659594649761,74,2923,9
superseg,random,2,198,0.9942216201186465,0.012658227848101266,0.1184064548663641,0.1184064548663641,0.11255673222390318,0.996912746439978,0.5734460173378478,37,2923,9
superseg,random,2,199,0.9998489105313149,0.00034211426616489907,0.11308623298033282,0.11308623298033282,0.11308623298033282,1.0,0.5684532814638714,1,2923,9
