{
  "sliding_window_w5": {
    "summary": {
      "num_dialogues": 100,
      "metrics": {
        "precision": 0.5816666666666667,
        "recall": 0.27566666666666667,
        "f1": 0.3537380952380953,
        "window_diff": 0.4518463758463758,
        "pk": 0.4628661338661339
      },
      "detailed_aggregates": {
        "precision": {
          "mean": 0.5816666666666667,
          "std": 0.445654948736501,
          "min": 0.0,
          "max": 1.0,
          "median": 0.5833333333333333
        },
        "recall": {
          "mean": 0.27566666666666667,
          "std": 0.2597800351579518,
          "min": 0.0,
          "max": 1.0,
          "median": 0.25
        },
        "f1": {
          "mean": 0.3537380952380953,
          "std": 0.28801893027197245,
          "min": 0.0,
          "max": 1.0,
          "median": 0.4
        },
        "true_positives": {
          "mean": 0.76,
          "std": 0.6183849933496123,
          "min": 0.0,
          "max": 3.0,
          "median": 1.0
        },
        "false_positives": {
          "mean": 0.6,
          "std": 0.6633249580710799,
          "min": 0.0,
          "max": 2.0,
          "median": 0.5
        },
        "false_negatives": {
          "mean": 1.98,
          "std": 1.1400000000000001,
          "min": 0.0,
          "max": 5.0,
          "median": 2.0
        },
        "precision_w1": {
          "mean": 0.5866666666666667,
          "std": 0.4418898807018176,
          "min": 0.0,
          "max": 1.0,
          "median": 0.5833333333333333
        },
        "recall_w1": {
          "mean": 0.27899999999999997,
          "std": 0.2583561280265844,
          "min": 0.0,
          "max": 1.0,
          "median": 0.25
        },
        "f1_w1": {
          "mean": 0.3577380952380952,
          "std": 0.28584786064112244,
          "min": 0.0,
          "max": 1.0,
          "median": 0.4
        },
        "matched_boundaries": {
          "mean": 1.18,
          "std": 0.6539113089708726,
          "min": 0.0,
          "max": 3.0,
          "median": 1.0
        },
        "precision_w3": {
          "mean": 0.765,
          "std": 0.3837642505497353,
          "min": 0.0,
          "max": 1.0,
          "median": 1.0
        },
        "recall_w3": {
          "mean": 0.3741666666666667,
          "std": 0.25033727249452886,
          "min": 0.0,
          "max": 1.0,
          "median": 0.3333333333333333
        },
        "f1_w3": {
          "mean": 0.479952380952381,
          "std": 0.2674961970187635,
          "min": 0.0,
          "max": 1.0,
          "median": 0.5
        },
        "precision_w5": {
          "mean": 0.86,
          "std": 0.33226495451672305,
          "min": 0.0,
          "max": 1.0,
          "median": 1.0
        },
        "recall_w5": {
          "mean": 0.44083333333333335,
          "std": 0.26273534423657413,
          "min": 0.0,
          "max": 1.0,
          "median": 0.5
        },
        "f1_w5": {
          "mean": 0.5562857142857144,
          "std": 0.26394283205668667,
          "min": 0.0,
          "max": 1.0,
          "median": 0.5714285714285715
        },
        "window_diff": {
          "mean": 0.4518463758463758,
          "std": 0.21828590206508847,
          "min": 0.0,
          "max": 1.0,
          "median": 0.4444444444444444
        },
        "pk": {
          "mean": 0.4628661338661339,
          "std": 0.21439472936558632,
          "min": 0.0,
          "max": 1.0,
          "median": 0.458041958041958
        }
      },
      "elapsed_time": 9.089357614517212,
      "detector_config": {
        "threshold": 0.3,
        "window_size": 5
      }
    },
    "dialogue_results": []
  }
}