{
  "sliding_window_w3": {
    "summary": {
      "num_dialogues": 100,
      "metrics": {
        "precision": 0.5355000000000001,
        "recall": 0.5248333333333334,
        "f1": 0.49133333333333334,
        "window_diff": 0.4495875790875792,
        "pk": 0.46758438783438794
      },
      "detailed_aggregates": {
        "precision": {
          "mean": 0.5355000000000001,
          "std": 0.3449851446077063,
          "min": 0.0,
          "max": 1.0,
          "median": 0.5
        },
        "recall": {
          "mean": 0.5248333333333334,
          "std": 0.3360431106602577,
          "min": 0.0,
          "max": 1.0,
          "median": 0.5
        },
        "f1": {
          "mean": 0.49133333333333334,
          "std": 0.290255091498133,
          "min": 0.0,
          "max": 1.0,
          "median": 0.5
        },
        "true_positives": {
          "mean": 1.46,
          "std": 0.9840731680114035,
          "min": 0.0,
          "max": 4.0,
          "median": 1.0
        },
        "false_positives": {
          "mean": 1.36,
          "std": 1.0150862032359615,
          "min": 0.0,
          "max": 4.0,
          "median": 1.0
        },
        "false_negatives": {
          "mean": 1.28,
          "std": 1.1232096865679175,
          "min": 0.0,
          "max": 5.0,
          "median": 1.0
        },
        "precision_w1": {
          "mean": 0.5713333333333334,
          "std": 0.33434081081701317,
          "min": 0.0,
          "max": 1.0,
          "median": 0.5
        },
        "recall_w1": {
          "mean": 0.5486666666666667,
          "std": 0.31937160522222735,
          "min": 0.0,
          "max": 1.0,
          "median": 0.5
        },
        "f1_w1": {
          "mean": 0.5184761904761905,
          "std": 0.27367887566293275,
          "min": 0.0,
          "max": 1.0,
          "median": 0.5
        },
        "matched_boundaries": {
          "mean": 2.15,
          "std": 1.0428326807307104,
          "min": 0.0,
          "max": 5.0,
          "median": 2.0
        },
        "precision_w3": {
          "mean": 0.7258333333333333,
          "std": 0.3325605625713575,
          "min": 0.0,
          "max": 1.0,
          "median": 1.0
        },
        "recall_w3": {
          "mean": 0.7075000000000001,
          "std": 0.32300993276781237,
          "min": 0.0,
          "max": 1.0,
          "median": 0.75
        },
        "f1_w3": {
          "mean": 0.6671746031746032,
          "std": 0.28230069525185825,
          "min": 0.0,
          "max": 1.0,
          "median": 0.6666666666666666
        },
        "precision_w5": {
          "mean": 0.7850000000000001,
          "std": 0.3100582382571234,
          "min": 0.0,
          "max": 1.0,
          "median": 1.0
        },
        "recall_w5": {
          "mean": 0.7925,
          "std": 0.3035015559176665,
          "min": 0.0,
          "max": 1.0,
          "median": 1.0
        },
        "f1_w5": {
          "mean": 0.7326507936507938,
          "std": 0.2632498174060592,
          "min": 0.0,
          "max": 1.0,
          "median": 0.8
        },
        "window_diff": {
          "mean": 0.4495875790875792,
          "std": 0.2193543793748017,
          "min": 0.0,
          "max": 1.0,
          "median": 0.4083333333333333
        },
        "pk": {
          "mean": 0.46758438783438794,
          "std": 0.2405398931727682,
          "min": 0.0,
          "max": 1.0,
          "median": 0.4444444444444444
        }
      },
      "elapsed_time": 15.565045833587646,
      "detector_config": {
        "threshold": 0.4,
        "window_size": 3
      }
    },
    "dialogue_results": []
  }
}