{
  "sliding_window_w3": {
    "summary": {
      "num_dialogues": 50,
      "metrics": {
        "precision": 0.4333333333333333,
        "recall": 0.359,
        "f1": 0.3453809523809524,
        "window_diff": 0.4641219891219891,
        "pk": 0.511519647019647
      },
      "detailed_aggregates": {
        "precision": {
          "mean": 0.4333333333333333,
          "std": 0.39405301391789627,
          "min": 0.0,
          "max": 1.0,
          "median": 0.3333333333333333
        },
        "recall": {
          "mean": 0.359,
          "std": 0.3407868346439848,
          "min": 0.0,
          "max": 1.0,
          "median": 0.3333333333333333
        },
        "f1": {
          "mean": 0.3453809523809524,
          "std": 0.29392889833922686,
          "min": 0.0,
          "max": 1.0,
          "median": 0.3666666666666667
        },
        "true_positives": {
          "mean": 0.94,
          "std": 0.8811356308764275,
          "min": 0.0,
          "max": 3.0,
          "median": 1.0
        },
        "false_positives": {
          "mean": 1.26,
          "std": 1.0355674772799695,
          "min": 0.0,
          "max": 3.0,
          "median": 1.0
        },
        "false_negatives": {
          "mean": 1.5,
          "std": 1.3304134695650072,
          "min": 0.0,
          "max": 5.0,
          "median": 1.0
        },
        "precision_w1": {
          "mean": 0.5083333333333333,
          "std": 0.39166666666666666,
          "min": 0.0,
          "max": 1.0,
          "median": 0.5
        },
        "recall_w1": {
          "mean": 0.39766666666666667,
          "std": 0.32793986576132456,
          "min": 0.0,
          "max": 1.0,
          "median": 0.3666666666666667
        },
        "f1_w1": {
          "mean": 0.39252380952380955,
          "std": 0.2813306613987958,
          "min": 0.0,
          "max": 1.0,
          "median": 0.45
        },
        "matched_boundaries": {
          "mean": 1.5,
          "std": 1.044030650891055,
          "min": 0.0,
          "max": 3.0,
          "median": 1.0
        },
        "precision_w3": {
          "mean": 0.6766666666666665,
          "std": 0.40470839982497137,
          "min": 0.0,
          "max": 1.0,
          "median": 1.0
        },
        "recall_w3": {
          "mean": 0.5543333333333333,
          "std": 0.37794488134294574,
          "min": 0.0,
          "max": 1.0,
          "median": 0.55
        },
        "f1_w3": {
          "mean": 0.5455714285714286,
          "std": 0.331299239270245,
          "min": 0.0,
          "max": 1.0,
          "median": 0.6190476190476191
        },
        "precision_w5": {
          "mean": 0.7066666666666666,
          "std": 0.39904051590450473,
          "min": 0.0,
          "max": 1.0,
          "median": 1.0
        },
        "recall_w5": {
          "mean": 0.601,
          "std": 0.39162638090688195,
          "min": 0.0,
          "max": 1.0,
          "median": 0.6333333333333333
        },
        "f1_w5": {
          "mean": 0.5803333333333334,
          "std": 0.33788954507531277,
          "min": 0.0,
          "max": 1.0,
          "median": 0.6666666666666666
        },
        "window_diff": {
          "mean": 0.4641219891219891,
          "std": 0.1796509508999448,
          "min": 0.0,
          "max": 0.8,
          "median": 0.452991452991453
        },
        "pk": {
          "mean": 0.511519647019647,
          "std": 0.22733636864580575,
          "min": 0.0,
          "max": 1.0,
          "median": 0.5
        }
      },
      "elapsed_time": 8.835654258728027,
      "detector_config": {
        "threshold": 0.5,
        "window_size": 3
      }
    },
    "dialogue_results": []
  }
}