{
  "keywords": {
    "summary": {
      "num_dialogues": 50,
      "metrics": {
        "precision": 0.22333333333333333,
        "recall": 0.09366666666666665,
        "f1": 0.12352380952380954,
        "window_diff": 0.4412509712509713,
        "pk": 0.48663625263625265
      },
      "detailed_aggregates": {
        "precision": {
          "mean": 0.22333333333333333,
          "std": 0.40498285286060093,
          "min": 0.0,
          "max": 1.0,
          "median": 0.0
        },
        "recall": {
          "mean": 0.09366666666666665,
          "std": 0.19459045311742415,
          "min": 0.0,
          "max": 1.0,
          "median": 0.0
        },
        "f1": {
          "mean": 0.12352380952380954,
          "std": 0.23372059214528737,
          "min": 0.0,
          "max": 1.0,
          "median": 0.0
        },
        "true_positives": {
          "mean": 0.28,
          "std": 0.530659966456864,
          "min": 0.0,
          "max": 2.0,
          "median": 0.0
        },
        "false_positives": {
          "mean": 0.3,
          "std": 0.49999999999999994,
          "min": 0.0,
          "max": 2.0,
          "median": 0.0
        },
        "false_negatives": {
          "mean": 2.16,
          "std": 1.3908270920570969,
          "min": 0.0,
          "max": 5.0,
          "median": 2.0
        },
        "precision_w1": {
          "mean": 0.23,
          "std": 0.41484937025383073,
          "min": 0.0,
          "max": 1.0,
          "median": 0.0
        },
        "recall_w1": {
          "mean": 0.09866666666666665,
          "std": 0.20773487376407884,
          "min": 0.0,
          "max": 1.0,
          "median": 0.0
        },
        "f1_w1": {
          "mean": 0.12923809523809524,
          "std": 0.24767766705411617,
          "min": 0.0,
          "max": 1.0,
          "median": 0.0
        },
        "matched_boundaries": {
          "mean": 0.42,
          "std": 0.6660330322138686,
          "min": 0.0,
          "max": 3.0,
          "median": 0.0
        },
        "precision_w3": {
          "mean": 0.3,
          "std": 0.458257569495584,
          "min": 0.0,
          "max": 1.0,
          "median": 0.0
        },
        "recall_w3": {
          "mean": 0.127,
          "std": 0.2396963356693909,
          "min": 0.0,
          "max": 1.0,
          "median": 0.0
        },
        "f1_w3": {
          "mean": 0.16723809523809524,
          "std": 0.279782293076732,
          "min": 0.0,
          "max": 1.0,
          "median": 0.0
        },
        "precision_w5": {
          "mean": 0.34,
          "std": 0.4737087712930804,
          "min": 0.0,
          "max": 1.0,
          "median": 0.0
        },
        "recall_w5": {
          "mean": 0.157,
          "std": 0.27190868565261633,
          "min": 0.0,
          "max": 1.0,
          "median": 0.0
        },
        "f1_w5": {
          "mean": 0.20057142857142857,
          "std": 0.30806931516761904,
          "min": 0.0,
          "max": 1.0,
          "median": 0.0
        },
        "window_diff": {
          "mean": 0.4412509712509713,
          "std": 0.23297502438841786,
          "min": 0.0,
          "max": 1.0,
          "median": 0.4
        },
        "pk": {
          "mean": 0.48663625263625265,
          "std": 0.24367071456532985,
          "min": 0.0,
          "max": 1.0,
          "median": 0.4807692307692308
        }
      },
      "elapsed_time": 0.050192832946777344,
      "detector_config": {
        "threshold": 0.3
      }
    },
    "dialogue_results": []
  }
}