{
  "sliding_window_w3": {
    "summary": {
      "num_dialogues": 50,
      "metrics": {
        "precision": 0.4883333333333333,
        "recall": 0.551,
        "f1": 0.48520634920634925,
        "window_diff": 0.42625951825951824,
        "pk": 0.4631542901542901
      },
      "detailed_aggregates": {
        "precision": {
          "mean": 0.4883333333333333,
          "std": 0.35434211340642724,
          "min": 0.0,
          "max": 1.0,
          "median": 0.5
        },
        "recall": {
          "mean": 0.551,
          "std": 0.35483031938597853,
          "min": 0.0,
          "max": 1.0,
          "median": 0.6
        },
        "f1": {
          "mean": 0.48520634920634925,
          "std": 0.31036652719701197,
          "min": 0.0,
          "max": 1.0,
          "median": 0.5
        },
        "true_positives": {
          "mean": 1.48,
          "std": 1.081480466767662,
          "min": 0.0,
          "max": 4.0,
          "median": 1.0
        },
        "false_positives": {
          "mean": 1.6,
          "std": 1.1661903789690602,
          "min": 0.0,
          "max": 4.0,
          "median": 2.0
        },
        "false_negatives": {
          "mean": 0.96,
          "std": 1.0190191362285597,
          "min": 0.0,
          "max": 5.0,
          "median": 1.0
        },
        "precision_w1": {
          "mean": 0.5466666666666666,
          "std": 0.3559650419789998,
          "min": 0.0,
          "max": 1.0,
          "median": 0.5
        },
        "recall_w1": {
          "mean": 0.5936666666666667,
          "std": 0.3366483493366797,
          "min": 0.0,
          "max": 1.0,
          "median": 0.6666666666666666
        },
        "f1_w1": {
          "mean": 0.5323492063492063,
          "std": 0.29964224742587425,
          "min": 0.0,
          "max": 1.0,
          "median": 0.5714285714285715
        },
        "matched_boundaries": {
          "mean": 2.02,
          "std": 1.0675204916066015,
          "min": 0.0,
          "max": 4.0,
          "median": 2.0
        },
        "precision_w3": {
          "mean": 0.6433333333333333,
          "std": 0.3749222141547053,
          "min": 0.0,
          "max": 1.0,
          "median": 0.6666666666666666
        },
        "recall_w3": {
          "mean": 0.7169999999999999,
          "std": 0.35396939604058053,
          "min": 0.0,
          "max": 1.0,
          "median": 0.775
        },
        "f1_w3": {
          "mean": 0.6348253968253968,
          "std": 0.32145657883074996,
          "min": 0.0,
          "max": 1.0,
          "median": 0.7499999999999999
        },
        "precision_w5": {
          "mean": 0.6766666666666667,
          "std": 0.360416425818802,
          "min": 0.0,
          "max": 1.0,
          "median": 0.75
        },
        "recall_w5": {
          "mean": 0.7836666666666666,
          "std": 0.33120134862849415,
          "min": 0.0,
          "max": 1.0,
          "median": 1.0
        },
        "f1_w5": {
          "mean": 0.6766349206349206,
          "std": 0.3038152526371015,
          "min": 0.0,
          "max": 1.0,
          "median": 0.8
        },
        "window_diff": {
          "mean": 0.42625951825951824,
          "std": 0.2113857013755896,
          "min": 0.0,
          "max": 0.8333333333333334,
          "median": 0.4083333333333333
        },
        "pk": {
          "mean": 0.4631542901542901,
          "std": 0.26380439878794865,
          "min": 0.0,
          "max": 1.0,
          "median": 0.4444444444444444
        }
      },
      "elapsed_time": 8.893863916397095,
      "detector_config": {
        "threshold": 0.3,
        "window_size": 3
      }
    },
    "dialogue_results": []
  }
}