{
  "bayesian_windowed_w3_h50": {
    "summary": {
      "num_dialogues": 50,
      "metrics": {
        "precision": 0.4799999999999999,
        "recall": 0.41899999999999993,
        "f1": 0.39409523809523805,
        "window_diff": 0.4278049728049727,
        "pk": 0.4629111444111443
      },
      "detailed_aggregates": {
        "precision": {
          "mean": 0.4799999999999999,
          "std": 0.3878573620976316,
          "min": 0.0,
          "max": 1.0,
          "median": 0.41666666666666663
        },
        "recall": {
          "mean": 0.41899999999999993,
          "std": 0.34257213352324306,
          "min": 0.0,
          "max": 1.0,
          "median": 0.45
        },
        "f1": {
          "mean": 0.39409523809523805,
          "std": 0.28390068845818156,
          "min": 0.0,
          "max": 1.0,
          "median": 0.5
        },
        "true_positives": {
          "mean": 1.08,
          "std": 0.8681013765684282,
          "min": 0.0,
          "max": 3.0,
          "median": 1.0
        },
        "false_positives": {
          "mean": 1.2,
          "std": 1.0954451150103321,
          "min": 0.0,
          "max": 4.0,
          "median": 1.0
        },
        "false_negatives": {
          "mean": 1.36,
          "std": 1.162067123706716,
          "min": 0.0,
          "max": 4.0,
          "median": 1.0
        },
        "precision_w1": {
          "mean": 0.5249999999999999,
          "std": 0.39166666666666666,
          "min": 0.0,
          "max": 1.0,
          "median": 0.5
        },
        "recall_w1": {
          "mean": 0.46166666666666667,
          "std": 0.34532191100800746,
          "min": 0.0,
          "max": 1.0,
          "median": 0.5
        },
        "f1_w1": {
          "mean": 0.4358095238095238,
          "std": 0.2892726667643548,
          "min": 0.0,
          "max": 1.0,
          "median": 0.5
        },
        "matched_boundaries": {
          "mean": 1.58,
          "std": 1.0215674231297707,
          "min": 0.0,
          "max": 3.0,
          "median": 1.5
        },
        "precision_w3": {
          "mean": 0.6399999999999999,
          "std": 0.40429637094037285,
          "min": 0.0,
          "max": 1.0,
          "median": 0.8333333333333333
        },
        "recall_w3": {
          "mean": 0.5716666666666667,
          "std": 0.37009383194595996,
          "min": 0.0,
          "max": 1.0,
          "median": 0.6
        },
        "f1_w3": {
          "mean": 0.5392380952380953,
          "std": 0.31805254917431675,
          "min": 0.0,
          "max": 1.0,
          "median": 0.5714285714285715
        },
        "precision_w5": {
          "mean": 0.6833333333333332,
          "std": 0.3898005187842167,
          "min": 0.0,
          "max": 1.0,
          "median": 1.0
        },
        "recall_w5": {
          "mean": 0.6383333333333333,
          "std": 0.3691920608271226,
          "min": 0.0,
          "max": 1.0,
          "median": 0.6666666666666666
        },
        "f1_w5": {
          "mean": 0.5886666666666668,
          "std": 0.3103759551899771,
          "min": 0.0,
          "max": 1.0,
          "median": 0.6666666666666666
        },
        "window_diff": {
          "mean": 0.4278049728049727,
          "std": 0.18325144498909393,
          "min": 0.0,
          "max": 0.8333333333333334,
          "median": 0.4
        },
        "pk": {
          "mean": 0.4629111444111443,
          "std": 0.2121642239392987,
          "min": 0.0,
          "max": 1.0,
          "median": 0.4444444444444444
        }
      },
      "elapsed_time": 6.2144551277160645,
      "detector_config": {
        "threshold": 0.25
      }
    },
    "dialogue_results": []
  }
}