{
  "supervised_all-MiniLM-L6-v2_w3": {
    "summary": {
      "num_dialogues": 50,
      "metrics": {
        "precision": 0.4683333333333334,
        "recall": 0.4006666666666666,
        "f1": 0.38271428571428573,
        "window_diff": 0.43995182595182586,
        "pk": 0.48377461427461427
      },
      "detailed_aggregates": {
        "precision": {
          "mean": 0.4683333333333334,
          "std": 0.3904733594554748,
          "min": 0.0,
          "max": 1.0,
          "median": 0.5
        },
        "recall": {
          "mean": 0.4006666666666666,
          "std": 0.3490615991483451,
          "min": 0.0,
          "max": 1.0,
          "median": 0.41666666666666663
        },
        "f1": {
          "mean": 0.38271428571428573,
          "std": 0.2989811914393063,
          "min": 0.0,
          "max": 1.0,
          "median": 0.45
        },
        "true_positives": {
          "mean": 1.02,
          "std": 0.8829496021857646,
          "min": 0.0,
          "max": 3.0,
          "median": 1.0
        },
        "false_positives": {
          "mean": 1.08,
          "std": 0.9967948635501691,
          "min": 0.0,
          "max": 3.0,
          "median": 1.0
        },
        "false_negatives": {
          "mean": 1.42,
          "std": 1.3280060240827223,
          "min": 0.0,
          "max": 5.0,
          "median": 1.0
        },
        "precision_w1": {
          "mean": 0.5033333333333334,
          "std": 0.38368100175941877,
          "min": 0.0,
          "max": 1.0,
          "median": 0.5
        },
        "recall_w1": {
          "mean": 0.4273333333333333,
          "std": 0.34121938202081464,
          "min": 0.0,
          "max": 1.0,
          "median": 0.5
        },
        "f1_w1": {
          "mean": 0.4117619047619047,
          "std": 0.29171725897463363,
          "min": 0.0,
          "max": 1.0,
          "median": 0.5
        },
        "matched_boundaries": {
          "mean": 1.48,
          "std": 1.0814804667676619,
          "min": 0.0,
          "max": 3.0,
          "median": 1.0
        },
        "precision_w3": {
          "mean": 0.5966666666666667,
          "std": 0.41911281960297464,
          "min": 0.0,
          "max": 1.0,
          "median": 0.6666666666666666
        },
        "recall_w3": {
          "mean": 0.514,
          "std": 0.38710262779325644,
          "min": 0.0,
          "max": 1.0,
          "median": 0.5
        },
        "f1_w3": {
          "mean": 0.5008095238095238,
          "std": 0.35166259145847817,
          "min": 0.0,
          "max": 1.0,
          "median": 0.5
        },
        "precision_w5": {
          "mean": 0.6666666666666667,
          "std": 0.41733280085163044,
          "min": 0.0,
          "max": 1.0,
          "median": 1.0
        },
        "recall_w5": {
          "mean": 0.6173333333333333,
          "std": 0.4165327784887469,
          "min": 0.0,
          "max": 1.0,
          "median": 0.75
        },
        "f1_w5": {
          "mean": 0.5802380952380952,
          "std": 0.37021665839027273,
          "min": 0.0,
          "max": 1.0,
          "median": 0.6666666666666666
        },
        "window_diff": {
          "mean": 0.43995182595182586,
          "std": 0.20085721455822003,
          "min": 0.0,
          "max": 0.8181818181818182,
          "median": 0.4
        },
        "pk": {
          "mean": 0.48377461427461427,
          "std": 0.23586253576414143,
          "min": 0.0,
          "max": 1.0,
          "median": 0.4444444444444444
        }
      },
      "elapsed_time": 4.063565969467163,
      "detector_config": {
        "threshold": 0.5
      }
    },
    "dialogue_results": []
  }
}