{
  "sliding_window_w3": {
    "summary": {
      "num_dialogues": 100,
      "metrics": {
        "precision": 0.5405,
        "recall": 0.6058333333333334,
        "f1": 0.5447460317460318,
        "window_diff": 0.41920374070374067,
        "pk": 0.4337470862470863
      },
      "detailed_aggregates": {
        "precision": {
          "mean": 0.5405,
          "std": 0.31648464066645915,
          "min": 0.0,
          "max": 1.0,
          "median": 0.5
        },
        "recall": {
          "mean": 0.6058333333333334,
          "std": 0.32195906399554725,
          "min": 0.0,
          "max": 1.0,
          "median": 0.6666666666666666
        },
        "f1": {
          "mean": 0.5447460317460318,
          "std": 0.2839314255621746,
          "min": 0.0,
          "max": 1.0,
          "median": 0.5714285714285715
        },
        "true_positives": {
          "mean": 1.73,
          "std": 1.0474254150057654,
          "min": 0.0,
          "max": 4.0,
          "median": 2.0
        },
        "false_positives": {
          "mean": 1.46,
          "std": 1.0141005867269777,
          "min": 0.0,
          "max": 4.0,
          "median": 1.0
        },
        "false_negatives": {
          "mean": 1.01,
          "std": 0.9326842981416594,
          "min": 0.0,
          "max": 5.0,
          "median": 1.0
        },
        "precision_w1": {
          "mean": 0.573,
          "std": 0.31669105169269024,
          "min": 0.0,
          "max": 1.0,
          "median": 0.6666666666666666
        },
        "recall_w1": {
          "mean": 0.6296666666666667,
          "std": 0.30898202033271915,
          "min": 0.0,
          "max": 1.0,
          "median": 0.6666666666666666
        },
        "f1_w1": {
          "mean": 0.5711746031746031,
          "std": 0.2755372653208616,
          "min": 0.0,
          "max": 1.0,
          "median": 0.5714285714285715
        },
        "matched_boundaries": {
          "mean": 2.38,
          "std": 1.074988372030135,
          "min": 0.0,
          "max": 5.0,
          "median": 3.0
        },
        "precision_w3": {
          "mean": 0.695,
          "std": 0.32897568299191965,
          "min": 0.0,
          "max": 1.0,
          "median": 0.75
        },
        "recall_w3": {
          "mean": 0.7688333333333334,
          "std": 0.29910658635342685,
          "min": 0.0,
          "max": 1.0,
          "median": 0.8
        },
        "f1_w3": {
          "mean": 0.6948968253968255,
          "std": 0.2791723779607792,
          "min": 0.0,
          "max": 1.0,
          "median": 0.8
        },
        "precision_w5": {
          "mean": 0.7516666666666667,
          "std": 0.308441422495603,
          "min": 0.0,
          "max": 1.0,
          "median": 1.0
        },
        "recall_w5": {
          "mean": 0.8538333333333334,
          "std": 0.2608943485610815,
          "min": 0.0,
          "max": 1.0,
          "median": 1.0
        },
        "f1_w5": {
          "mean": 0.759063492063492,
          "std": 0.25149347757303525,
          "min": 0.0,
          "max": 1.0,
          "median": 0.8285714285714285
        },
        "window_diff": {
          "mean": 0.41920374070374067,
          "std": 0.21768660827692415,
          "min": 0.0,
          "max": 1.0,
          "median": 0.4
        },
        "pk": {
          "mean": 0.4337470862470863,
          "std": 0.24372525665804545,
          "min": 0.0,
          "max": 1.0,
          "median": 0.4444444444444444
        }
      },
      "elapsed_time": 15.738281011581421,
      "detector_config": {
        "threshold": 0.3,
        "window_size": 3
      }
    },
    "dialogue_results": []
  }
}