{
  "keywords": {
    "summary": {
      "num_dialogues": 100,
      "metrics": {
        "precision": 0.23166666666666663,
        "recall": 0.09833333333333333,
        "f1": 0.13114285714285714,
        "window_diff": 0.47063736263736267,
        "pk": 0.49606737706737714
      },
      "detailed_aggregates": {
        "precision": {
          "mean": 0.23166666666666663,
          "std": 0.41021335911937334,
          "min": 0.0,
          "max": 1.0,
          "median": 0.0
        },
        "recall": {
          "mean": 0.09833333333333333,
          "std": 0.19695600185489823,
          "min": 0.0,
          "max": 1.0,
          "median": 0.0
        },
        "f1": {
          "mean": 0.13114285714285714,
          "std": 0.24147169709691904,
          "min": 0.0,
          "max": 1.0,
          "median": 0.0
        },
        "true_positives": {
          "mean": 0.28,
          "std": 0.5114684741017769,
          "min": 0.0,
          "max": 2.0,
          "median": 0.0
        },
        "false_positives": {
          "mean": 0.19,
          "std": 0.41701318923986086,
          "min": 0.0,
          "max": 2.0,
          "median": 0.0
        },
        "false_negatives": {
          "mean": 2.46,
          "std": 1.329812016790343,
          "min": 0.0,
          "max": 5.0,
          "median": 2.0
        },
        "precision_w1": {
          "mean": 0.235,
          "std": 0.4150602365922325,
          "min": 0.0,
          "max": 1.0,
          "median": 0.0
        },
        "recall_w1": {
          "mean": 0.10083333333333332,
          "std": 0.20351596988934306,
          "min": 0.0,
          "max": 1.0,
          "median": 0.0
        },
        "f1_w1": {
          "mean": 0.134,
          "std": 0.24825926393897021,
          "min": 0.0,
          "max": 1.0,
          "median": 0.0
        },
        "matched_boundaries": {
          "mean": 0.39,
          "std": 0.6307931515164064,
          "min": 0.0,
          "max": 3.0,
          "median": 0.0
        },
        "precision_w3": {
          "mean": 0.3,
          "std": 0.45825756949558394,
          "min": 0.0,
          "max": 1.0,
          "median": 0.0
        },
        "recall_w3": {
          "mean": 0.12833333333333333,
          "std": 0.23194228209238224,
          "min": 0.0,
          "max": 1.0,
          "median": 0.0
        },
        "f1_w3": {
          "mean": 0.17099999999999999,
          "std": 0.280402282282611,
          "min": 0.0,
          "max": 1.0,
          "median": 0.0
        },
        "precision_w5": {
          "mean": 0.32,
          "std": 0.46647615158762396,
          "min": 0.0,
          "max": 1.0,
          "median": 0.0
        },
        "recall_w5": {
          "mean": 0.1433333333333333,
          "std": 0.24944382578492943,
          "min": 0.0,
          "max": 1.0,
          "median": 0.0
        },
        "f1_w5": {
          "mean": 0.18766666666666665,
          "std": 0.2951137180409676,
          "min": 0.0,
          "max": 1.0,
          "median": 0.0
        },
        "window_diff": {
          "mean": 0.47063736263736267,
          "std": 0.21722137714235568,
          "min": 0.0,
          "max": 1.0,
          "median": 0.452991452991453
        },
        "pk": {
          "mean": 0.49606737706737714,
          "std": 0.21813163437598132,
          "min": 0.0,
          "max": 1.0,
          "median": 0.5
        }
      },
      "elapsed_time": 0.07607603073120117,
      "detector_config": {
        "threshold": 0.3
      }
    },
    "dialogue_results": []
  }
}