{
  "sliding_window_w5": {
    "summary": {
      "num_dialogues": 100,
      "metrics": {
        "precision": 0.5016666666666667,
        "recall": 0.2305,
        "f1": 0.2967857142857143,
        "window_diff": 0.47033122433122443,
        "pk": 0.4813509823509824
      },
      "detailed_aggregates": {
        "precision": {
          "mean": 0.5016666666666667,
          "std": 0.46397737013781176,
          "min": 0.0,
          "max": 1.0,
          "median": 0.5
        },
        "recall": {
          "mean": 0.2305,
          "std": 0.2629538932969048,
          "min": 0.0,
          "max": 1.0,
          "median": 0.25
        },
        "f1": {
          "mean": 0.2967857142857143,
          "std": 0.29392206206991095,
          "min": 0.0,
          "max": 1.0,
          "median": 0.33333333333333337
        },
        "true_positives": {
          "mean": 0.63,
          "std": 0.6108191221630181,
          "min": 0.0,
          "max": 3.0,
          "median": 1.0
        },
        "false_positives": {
          "mean": 0.57,
          "std": 0.6671581521648371,
          "min": 0.0,
          "max": 2.0,
          "median": 0.0
        },
        "false_negatives": {
          "mean": 2.11,
          "std": 1.190756062340226,
          "min": 0.0,
          "max": 5.0,
          "median": 2.0
        },
        "precision_w1": {
          "mean": 0.5066666666666667,
          "std": 0.4612302389624225,
          "min": 0.0,
          "max": 1.0,
          "median": 0.5
        },
        "recall_w1": {
          "mean": 0.23383333333333334,
          "std": 0.26212226790819076,
          "min": 0.0,
          "max": 1.0,
          "median": 0.25
        },
        "f1_w1": {
          "mean": 0.30078571428571427,
          "std": 0.2925745936631253,
          "min": 0.0,
          "max": 1.0,
          "median": 0.33333333333333337
        },
        "matched_boundaries": {
          "mean": 1.03,
          "std": 0.6993568473962345,
          "min": 0.0,
          "max": 3.0,
          "median": 1.0
        },
        "precision_w3": {
          "mean": 0.685,
          "std": 0.43390667199295296,
          "min": 0.0,
          "max": 1.0,
          "median": 1.0
        },
        "recall_w3": {
          "mean": 0.3256666666666667,
          "std": 0.2669729491082487,
          "min": 0.0,
          "max": 1.0,
          "median": 0.3333333333333333
        },
        "f1_w3": {
          "mean": 0.4194761904761905,
          "std": 0.29359283898290295,
          "min": 0.0,
          "max": 1.0,
          "median": 0.45
        },
        "precision_w5": {
          "mean": 0.775,
          "std": 0.4085033659592048,
          "min": 0.0,
          "max": 1.0,
          "median": 1.0
        },
        "recall_w5": {
          "mean": 0.38733333333333336,
          "std": 0.2837263940254179,
          "min": 0.0,
          "max": 1.0,
          "median": 0.3333333333333333
        },
        "f1_w5": {
          "mean": 0.4908095238095238,
          "std": 0.3016192167741267,
          "min": 0.0,
          "max": 1.0,
          "median": 0.5
        },
        "window_diff": {
          "mean": 0.47033122433122443,
          "std": 0.21860614748968538,
          "min": 0.0,
          "max": 1.0,
          "median": 0.46153846153846156
        },
        "pk": {
          "mean": 0.4813509823509824,
          "std": 0.21377000618652242,
          "min": 0.0,
          "max": 1.0,
          "median": 0.5
        }
      },
      "elapsed_time": 9.221023082733154,
      "detector_config": {
        "threshold": 0.4,
        "window_size": 5
      }
    },
    "dialogue_results": []
  }
}