{
  "sliding_window_w3": {
    "summary": {
      "num_dialogues": 100,
      "metrics": {
        "precision": 0.25749999999999995,
        "recall": 0.18249999999999997,
        "f1": 0.19414285714285712,
        "window_diff": 0.5097840492840493,
        "pk": 0.5374024309024309
      },
      "detailed_aggregates": {
        "precision": {
          "mean": 0.25749999999999995,
          "std": 0.3626857761509572,
          "min": 0.0,
          "max": 1.0,
          "median": 0.0
        },
        "recall": {
          "mean": 0.18249999999999997,
          "std": 0.2821777906844469,
          "min": 0.0,
          "max": 1.0,
          "median": 0.0
        },
        "f1": {
          "mean": 0.19414285714285712,
          "std": 0.2710748363338509,
          "min": 0.0,
          "max": 1.0,
          "median": 0.0
        },
        "true_positives": {
          "mean": 0.51,
          "std": 0.7549172140042907,
          "min": 0.0,
          "max": 3.0,
          "median": 0.0
        },
        "false_positives": {
          "mean": 0.69,
          "std": 0.7961783719745218,
          "min": 0.0,
          "max": 3.0,
          "median": 1.0
        },
        "false_negatives": {
          "mean": 2.23,
          "std": 1.310381623802776,
          "min": 0.0,
          "max": 5.0,
          "median": 2.0
        },
        "precision_w1": {
          "mean": 0.29916666666666664,
          "std": 0.3905293771849238,
          "min": 0.0,
          "max": 1.0,
          "median": 0.0
        },
        "recall_w1": {
          "mean": 0.2003333333333333,
          "std": 0.28711186360410507,
          "min": 0.0,
          "max": 1.0,
          "median": 0.0
        },
        "f1_w1": {
          "mean": 0.21766666666666665,
          "std": 0.28191465153180545,
          "min": 0.0,
          "max": 1.0,
          "median": 0.0
        },
        "matched_boundaries": {
          "mean": 1.01,
          "std": 1.0439827584783188,
          "min": 0.0,
          "max": 4.0,
          "median": 1.0
        },
        "precision_w3": {
          "mean": 0.5199999999999999,
          "std": 0.4697990113986098,
          "min": 0.0,
          "max": 1.0,
          "median": 0.5
        },
        "recall_w3": {
          "mean": 0.3508333333333333,
          "std": 0.3612045819199972,
          "min": 0.0,
          "max": 1.0,
          "median": 0.29166666666666663
        },
        "f1_w3": {
          "mean": 0.3867460317460316,
          "std": 0.36169989502204297,
          "min": 0.0,
          "max": 1.0,
          "median": 0.4
        },
        "precision_w5": {
          "mean": 0.5466666666666666,
          "std": 0.48309189371979505,
          "min": 0.0,
          "max": 1.0,
          "median": 1.0
        },
        "recall_w5": {
          "mean": 0.37166666666666665,
          "std": 0.3775836919736397,
          "min": 0.0,
          "max": 1.0,
          "median": 0.3333333333333333
        },
        "f1_w5": {
          "mean": 0.4097460317460317,
          "std": 0.3795417513832752,
          "min": 0.0,
          "max": 1.0,
          "median": 0.5
        },
        "window_diff": {
          "mean": 0.5097840492840493,
          "std": 0.22283323138253083,
          "min": 0.0,
          "max": 1.0,
          "median": 0.5227272727272727
        },
        "pk": {
          "mean": 0.5374024309024309,
          "std": 0.2292992652983551,
          "min": 0.0,
          "max": 1.0,
          "median": 0.5505050505050505
        }
      },
      "elapsed_time": 15.702026128768921,
      "detector_config": {
        "threshold": 0.7,
        "window_size": 3
      }
    },
    "dialogue_results": []
  }
}