{
  "sliding_window_w3": {
    "summary": {
      "num_dialogues": 100,
      "metrics": {
        "precision": 0.31345170352523294,
        "recall": 0.7891666666666666,
        "f1": 0.4423574695857977,
        "window_diff": 0.5497087843875637,
        "pk": 0.5201132421097578
      },
      "detailed_aggregates": {
        "precision": {
          "mean": 0.31345170352523294,
          "std": 0.1163580713150079,
          "min": 0.0,
          "max": 0.6666666666666666,
          "median": 0.3038461538461539
        },
        "recall": {
          "mean": 0.7891666666666666,
          "std": 0.2628516163583976,
          "min": 0.0,
          "max": 1.0,
          "median": 0.75
        },
        "f1": {
          "mean": 0.4423574695857977,
          "std": 0.15035998121683256,
          "min": 0.0,
          "max": 0.8,
          "median": 0.4444444444444445
        },
        "true_positives": {
          "mean": 3.11,
          "std": 1.0573079021741965,
          "min": 0.0,
          "max": 4.0,
          "median": 3.0
        },
        "false_positives": {
          "mean": 6.98,
          "std": 2.4412291985800922,
          "min": 2.0,
          "max": 14.0,
          "median": 7.0
        },
        "false_negatives": {
          "mean": 0.83,
          "std": 1.039759587597056,
          "min": 0.0,
          "max": 4.0,
          "median": 1.0
        },
        "precision_w1": {
          "mean": 0.3464278940014235,
          "std": 0.09947757703632289,
          "min": 0.16666666666666666,
          "max": 0.6666666666666666,
          "median": 0.3333333333333333
        },
        "recall_w1": {
          "mean": 0.845,
          "std": 0.18447372592202815,
          "min": 0.25,
          "max": 1.0,
          "median": 1.0
        },
        "f1_w1": {
          "mean": 0.48335669258502073,
          "std": 0.11483050132452154,
          "min": 0.22222222222222224,
          "max": 0.8,
          "median": 0.46153846153846156
        },
        "matched_boundaries": {
          "mean": 3.93,
          "std": 0.2551470164434615,
          "min": 3.0,
          "max": 4.0,
          "median": 4.0
        },
        "precision_w3": {
          "mean": 0.3997693858429154,
          "std": 0.10885514227571626,
          "min": 0.21428571428571427,
          "max": 0.75,
          "median": 0.375
        },
        "recall_w3": {
          "mean": 0.955,
          "std": 0.09604686356149274,
          "min": 0.75,
          "max": 1.0,
          "median": 1.0
        },
        "f1_w3": {
          "mean": 0.5537844653626387,
          "std": 0.10517608458925014,
          "min": 0.3333333333333333,
          "max": 0.8571428571428571,
          "median": 0.5393939393939393
        },
        "precision_w5": {
          "mean": 0.4220673656408951,
          "std": 0.12459497309010037,
          "min": 0.21428571428571427,
          "max": 0.8,
          "median": 0.4
        },
        "recall_w5": {
          "mean": 0.9975,
          "std": 0.024874685927665497,
          "min": 0.75,
          "max": 1.0,
          "median": 1.0
        },
        "f1_w5": {
          "mean": 0.5825500608782341,
          "std": 0.11641627495170906,
          "min": 0.35294117647058826,
          "max": 0.888888888888889,
          "median": 0.5714285714285715
        },
        "window_diff": {
          "mean": 0.5497087843875637,
          "std": 0.1194287540919816,
          "min": 0.2,
          "max": 0.875,
          "median": 0.5419580419580419
        },
        "pk": {
          "mean": 0.5201132421097578,
          "std": 0.11948026024226341,
          "min": 0.2,
          "max": 0.875,
          "median": 0.5156402737047898
        }
      },
      "elapsed_time": 48.359318017959595,
      "detector_config": {
        "threshold": 0.5,
        "window_size": 3
      }
    },
    "dialogue_results": []
  }
}