{
  "bayesian_windowed_w3_h50": {
    "summary": {
      "num_dialogues": 50,
      "metrics": {
        "precision": 0.43333333333333335,
        "recall": 0.3943333333333333,
        "f1": 0.3646666666666667,
        "window_diff": 0.43507770007769997,
        "pk": 0.4719616494616494
      },
      "detailed_aggregates": {
        "precision": {
          "mean": 0.43333333333333335,
          "std": 0.3883726732577014,
          "min": 0.0,
          "max": 1.0,
          "median": 0.3333333333333333
        },
        "recall": {
          "mean": 0.3943333333333333,
          "std": 0.3563645137589693,
          "min": 0.0,
          "max": 1.0,
          "median": 0.3333333333333333
        },
        "f1": {
          "mean": 0.3646666666666667,
          "std": 0.2969819313926289,
          "min": 0.0,
          "max": 1.0,
          "median": 0.4
        },
        "true_positives": {
          "mean": 1.0,
          "std": 0.8944271909999159,
          "min": 0.0,
          "max": 3.0,
          "median": 1.0
        },
        "false_positives": {
          "mean": 1.16,
          "std": 1.1019981851164729,
          "min": 0.0,
          "max": 4.0,
          "median": 1.0
        },
        "false_negatives": {
          "mean": 1.44,
          "std": 1.2674383614203888,
          "min": 0.0,
          "max": 5.0,
          "median": 1.0
        },
        "precision_w1": {
          "mean": 0.4783333333333333,
          "std": 0.39749563240088287,
          "min": 0.0,
          "max": 1.0,
          "median": 0.5
        },
        "recall_w1": {
          "mean": 0.43699999999999994,
          "std": 0.3619283231678768,
          "min": 0.0,
          "max": 1.0,
          "median": 0.5
        },
        "f1_w1": {
          "mean": 0.40638095238095234,
          "std": 0.30615768172152324,
          "min": 0.0,
          "max": 1.0,
          "median": 0.5
        },
        "matched_boundaries": {
          "mean": 1.48,
          "std": 1.081480466767662,
          "min": 0.0,
          "max": 3.0,
          "median": 1.0
        },
        "precision_w3": {
          "mean": 0.5833333333333333,
          "std": 0.41899350299921784,
          "min": 0.0,
          "max": 1.0,
          "median": 0.6666666666666666
        },
        "recall_w3": {
          "mean": 0.5403333333333332,
          "std": 0.3933487285122735,
          "min": 0.0,
          "max": 1.0,
          "median": 0.6
        },
        "f1_w3": {
          "mean": 0.5018095238095238,
          "std": 0.3402818492976833,
          "min": 0.0,
          "max": 1.0,
          "median": 0.5357142857142858
        },
        "precision_w5": {
          "mean": 0.6266666666666666,
          "std": 0.4110420362390635,
          "min": 0.0,
          "max": 1.0,
          "median": 0.75
        },
        "recall_w5": {
          "mean": 0.607,
          "std": 0.397786793814643,
          "min": 0.0,
          "max": 1.0,
          "median": 0.6666666666666666
        },
        "f1_w5": {
          "mean": 0.5512380952380953,
          "std": 0.3386260889505028,
          "min": 0.0,
          "max": 1.0,
          "median": 0.6666666666666666
        },
        "window_diff": {
          "mean": 0.43507770007769997,
          "std": 0.19463836759243414,
          "min": 0.0,
          "max": 0.9090909090909091,
          "median": 0.4
        },
        "pk": {
          "mean": 0.4719616494616494,
          "std": 0.21863829562134174,
          "min": 0.0,
          "max": 1.0,
          "median": 0.4444444444444444
        }
      },
      "elapsed_time": 6.21305513381958,
      "detector_config": {}
    },
    "dialogue_results": []
  }
}