{
  "supervised_all-MiniLM-L6-v2_w3": {
    "summary": {
      "num_dialogues": 100,
      "metrics": {
        "precision": 0.5330000000000001,
        "recall": 0.5735,
        "f1": 0.5220952380952381,
        "window_diff": 0.41681224331224337,
        "pk": 0.43580805305805315
      },
      "detailed_aggregates": {
        "precision": {
          "mean": 0.5330000000000001,
          "std": 0.3172449106500108,
          "min": 0.0,
          "max": 1.0,
          "median": 0.5
        },
        "recall": {
          "mean": 0.5735,
          "std": 0.3293688830340704,
          "min": 0.0,
          "max": 1.0,
          "median": 0.6
        },
        "f1": {
          "mean": 0.5220952380952381,
          "std": 0.2819900512693049,
          "min": 0.0,
          "max": 1.0,
          "median": 0.5714285714285715
        },
        "true_positives": {
          "mean": 1.62,
          "std": 1.0274239631233058,
          "min": 0.0,
          "max": 4.0,
          "median": 2.0
        },
        "false_positives": {
          "mean": 1.34,
          "std": 0.9297311439335567,
          "min": 0.0,
          "max": 4.0,
          "median": 1.0
        },
        "false_negatives": {
          "mean": 1.12,
          "std": 1.0225458424931373,
          "min": 0.0,
          "max": 5.0,
          "median": 1.0
        },
        "precision_w1": {
          "mean": 0.5638333333333334,
          "std": 0.3189919452135291,
          "min": 0.0,
          "max": 1.0,
          "median": 0.6666666666666666
        },
        "recall_w1": {
          "mean": 0.5953333333333333,
          "std": 0.32097144213569323,
          "min": 0.0,
          "max": 1.0,
          "median": 0.6666666666666666
        },
        "f1_w1": {
          "mean": 0.545142857142857,
          "std": 0.2768805072928032,
          "min": 0.0,
          "max": 1.0,
          "median": 0.5714285714285715
        },
        "matched_boundaries": {
          "mean": 2.28,
          "std": 1.1232096865679178,
          "min": 0.0,
          "max": 5.0,
          "median": 2.0
        },
        "precision_w3": {
          "mean": 0.695,
          "std": 0.3369017331178007,
          "min": 0.0,
          "max": 1.0,
          "median": 0.75
        },
        "recall_w3": {
          "mean": 0.7315,
          "std": 0.3300664495387423,
          "min": 0.0,
          "max": 1.0,
          "median": 0.8
        },
        "f1_w3": {
          "mean": 0.674968253968254,
          "std": 0.2967789926378743,
          "min": 0.0,
          "max": 1.0,
          "median": 0.75
        },
        "precision_w5": {
          "mean": 0.7550000000000001,
          "std": 0.3203340270543998,
          "min": 0.0,
          "max": 1.0,
          "median": 1.0
        },
        "recall_w5": {
          "mean": 0.8173333333333334,
          "std": 0.30407345603762703,
          "min": 0.0,
          "max": 1.0,
          "median": 1.0
        },
        "f1_w5": {
          "mean": 0.7412777777777778,
          "std": 0.2767846531242103,
          "min": 0.0,
          "max": 1.0,
          "median": 0.8
        },
        "window_diff": {
          "mean": 0.41681224331224337,
          "std": 0.21092905112097002,
          "min": 0.0,
          "max": 1.0,
          "median": 0.4
        },
        "pk": {
          "mean": 0.43580805305805315,
          "std": 0.22925564546705882,
          "min": 0.0,
          "max": 1.0,
          "median": 0.4083333333333333
        }
      },
      "elapsed_time": 8.3024160861969,
      "detector_config": {
        "threshold": 0.4
      }
    },
    "dialogue_results": []
  }
}