{
  "keywords": {
    "summary": {
      "num_dialogues": 100,
      "metrics": {
        "precision": 0.29333333333333333,
        "recall": 0.11666666666666665,
        "f1": 0.15766666666666668,
        "window_diff": 0.31037505000189425,
        "pk": 0.36783791478304445
      },
      "detailed_aggregates": {
        "precision": {
          "mean": 0.29333333333333333,
          "std": 0.424342628858646,
          "min": 0.0,
          "max": 1.0,
          "median": 0.0
        },
        "recall": {
          "mean": 0.11666666666666665,
          "std": 0.1728036779443977,
          "min": 0.0,
          "max": 0.75,
          "median": 0.0
        },
        "f1": {
          "mean": 0.15766666666666668,
          "std": 0.22444781827688076,
          "min": 0.0,
          "max": 0.8571428571428571,
          "median": 0.0
        },
        "true_positives": {
          "mean": 0.46,
          "std": 0.6843975452907469,
          "min": 0.0,
          "max": 3.0,
          "median": 0.0
        },
        "false_positives": {
          "mean": 0.57,
          "std": 0.8277076778670112,
          "min": 0.0,
          "max": 4.0,
          "median": 0.0
        },
        "false_negatives": {
          "mean": 3.48,
          "std": 0.7138627319029901,
          "min": 1.0,
          "max": 4.0,
          "median": 4.0
        },
        "precision_w1": {
          "mean": 0.32166666666666666,
          "std": 0.43157013077572665,
          "min": 0.0,
          "max": 1.0,
          "median": 0.0
        },
        "recall_w1": {
          "mean": 0.1275,
          "std": 0.17378746598455636,
          "min": 0.0,
          "max": 0.75,
          "median": 0.0
        },
        "f1_w1": {
          "mean": 0.17285714285714285,
          "std": 0.2266791713237415,
          "min": 0.0,
          "max": 0.8571428571428571,
          "median": 0.0
        },
        "matched_boundaries": {
          "mean": 0.85,
          "std": 0.8986100377805714,
          "min": 0.0,
          "max": 3.0,
          "median": 1.0
        },
        "precision_w3": {
          "mean": 0.445,
          "std": 0.4576843890717707,
          "min": 0.0,
          "max": 1.0,
          "median": 0.3333333333333333
        },
        "recall_w3": {
          "mean": 0.17916666666666664,
          "std": 0.20628156324144273,
          "min": 0.0,
          "max": 0.75,
          "median": 0.25
        },
        "f1_w3": {
          "mean": 0.24085714285714285,
          "std": 0.2529465181477774,
          "min": 0.0,
          "max": 0.8571428571428571,
          "median": 0.28571428571428575
        },
        "precision_w5": {
          "mean": 0.5466666666666667,
          "std": 0.4761419022845092,
          "min": 0.0,
          "max": 1.0,
          "median": 0.8333333333333333
        },
        "recall_w5": {
          "mean": 0.2175,
          "std": 0.23060759118275165,
          "min": 0.0,
          "max": 0.75,
          "median": 0.25
        },
        "f1_w5": {
          "mean": 0.29380952380952374,
          "std": 0.2776909161243111,
          "min": 0.0,
          "max": 0.8571428571428571,
          "median": 0.4
        },
        "window_diff": {
          "mean": 0.31037505000189425,
          "std": 0.09424782284755817,
          "min": 0.06666666666666667,
          "max": 0.5555555555555556,
          "median": 0.3076923076923077
        },
        "pk": {
          "mean": 0.36783791478304445,
          "std": 0.0971518237440407,
          "min": 0.10344827586206896,
          "max": 0.5555555555555556,
          "median": 0.36363636363636365
        }
      },
      "elapsed_time": 0.14863204956054688,
      "detector_config": {
        "threshold": 0.3
      }
    },
    "dialogue_results": []
  }
}