{
  "supervised_all-MiniLM-L6-v2_w3": {
    "summary": {
      "num_dialogues": 100,
      "metrics": {
        "precision": 0.29677320714201516,
        "recall": 0.8258333333333334,
        "f1": 0.43031223107892236,
        "window_diff": 0.6087681508398841,
        "pk": 0.5582474943394758
      },
      "detailed_aggregates": {
        "precision": {
          "mean": 0.29677320714201516,
          "std": 0.1071659488663385,
          "min": 0.0,
          "max": 0.5714285714285714,
          "median": 0.3
        },
        "recall": {
          "mean": 0.8258333333333334,
          "std": 0.25002638749628897,
          "min": 0.0,
          "max": 1.0,
          "median": 1.0
        },
        "f1": {
          "mean": 0.43031223107892236,
          "std": 0.139605498220209,
          "min": 0.0,
          "max": 0.7272727272727273,
          "median": 0.4365079365079365
        },
        "true_positives": {
          "mean": 3.25,
          "std": 1.0037429949942367,
          "min": 0.0,
          "max": 4.0,
          "median": 4.0
        },
        "false_positives": {
          "mean": 8.09,
          "std": 2.9735332518739384,
          "min": 3.0,
          "max": 15.0,
          "median": 7.0
        },
        "false_negatives": {
          "mean": 0.69,
          "std": 0.9969453345093703,
          "min": 0.0,
          "max": 4.0,
          "median": 0.0
        },
        "precision_w1": {
          "mean": 0.32675947087827895,
          "std": 0.08931045511523086,
          "min": 0.14285714285714285,
          "max": 0.5714285714285714,
          "median": 0.3333333333333333
        },
        "recall_w1": {
          "mean": 0.8841666666666668,
          "std": 0.1485555451674558,
          "min": 0.5,
          "max": 1.0,
          "median": 1.0
        },
        "f1_w1": {
          "mean": 0.46950830951029493,
          "std": 0.10108711807106799,
          "min": 0.22222222222222224,
          "max": 0.7272727272727273,
          "median": 0.46153846153846156
        },
        "matched_boundaries": {
          "mean": 3.94,
          "std": 0.23748684174075835,
          "min": 3.0,
          "max": 4.0,
          "median": 4.0
        },
        "precision_w3": {
          "mean": 0.3559329640517721,
          "std": 0.09398597503449986,
          "min": 0.1875,
          "max": 0.5714285714285714,
          "median": 0.3484848484848485
        },
        "recall_w3": {
          "mean": 0.955,
          "std": 0.09604686356149274,
          "min": 0.75,
          "max": 1.0,
          "median": 1.0
        },
        "f1_w3": {
          "mean": 0.5103513871412982,
          "std": 0.10004568517331311,
          "min": 0.3,
          "max": 0.7272727272727273,
          "median": 0.5
        },
        "precision_w5": {
          "mean": 0.37729245178625986,
          "std": 0.10995774134661987,
          "min": 0.21052631578947367,
          "max": 0.6666666666666666,
          "median": 0.3693181818181818
        },
        "recall_w5": {
          "mean": 1.0,
          "std": 0.0,
          "min": 1.0,
          "max": 1.0,
          "median": 1.0
        },
        "f1_w5": {
          "mean": 0.5389020586919698,
          "std": 0.11292298964388806,
          "min": 0.34782608695652173,
          "max": 0.8,
          "median": 0.5393939393939393
        },
        "window_diff": {
          "mean": 0.6087681508398841,
          "std": 0.10222940266693542,
          "min": 0.3333333333333333,
          "max": 0.8333333333333334,
          "median": 0.631578947368421
        },
        "pk": {
          "mean": 0.5582474943394758,
          "std": 0.09434838494475317,
          "min": 0.3333333333333333,
          "max": 0.8333333333333334,
          "median": 0.5345238095238095
        }
      },
      "elapsed_time": 28.223475217819214,
      "detector_config": {
        "threshold": 0.3
      }
    },
    "dialogue_results": []
  }
}