{
  "supervised_all-MiniLM-L6-v2_w3": {
    "summary": {
      "num_dialogues": 100,
      "metrics": {
        "precision": 0.31733608058608054,
        "recall": 0.8091666666666666,
        "f1": 0.4486038794366967,
        "window_diff": 0.5555696303583728,
        "pk": 0.5243566181220847
      },
      "detailed_aggregates": {
        "precision": {
          "mean": 0.31733608058608054,
          "std": 0.1184998137782724,
          "min": 0.0,
          "max": 0.6666666666666666,
          "median": 0.3333333333333333
        },
        "recall": {
          "mean": 0.8091666666666666,
          "std": 0.2517425382321302,
          "min": 0.0,
          "max": 1.0,
          "median": 0.875
        },
        "f1": {
          "mean": 0.4486038794366967,
          "std": 0.1467656636805853,
          "min": 0.0,
          "max": 0.8,
          "median": 0.46153846153846156
        },
        "true_positives": {
          "mean": 3.19,
          "std": 1.0168087332433764,
          "min": 0.0,
          "max": 4.0,
          "median": 3.0
        },
        "false_positives": {
          "mean": 7.19,
          "std": 2.5206943487856677,
          "min": 2.0,
          "max": 14.0,
          "median": 7.0
        },
        "false_negatives": {
          "mean": 0.75,
          "std": 0.9937303457175896,
          "min": 0.0,
          "max": 4.0,
          "median": 0.5
        },
        "precision_w1": {
          "mean": 0.3492884615384616,
          "std": 0.10134714889263938,
          "min": 0.15384615384615385,
          "max": 0.6666666666666666,
          "median": 0.3333333333333333
        },
        "recall_w1": {
          "mean": 0.8675,
          "std": 0.1577159014036174,
          "min": 0.3333333333333333,
          "max": 1.0,
          "median": 1.0
        },
        "f1_w1": {
          "mean": 0.48936398044679763,
          "std": 0.10807432077483864,
          "min": 0.2222222222222222,
          "max": 0.8,
          "median": 0.4852941176470588
        },
        "matched_boundaries": {
          "mean": 3.93,
          "std": 0.2551470164434615,
          "min": 3.0,
          "max": 4.0,
          "median": 4.0
        },
        "precision_w3": {
          "mean": 0.38387728937728943,
          "std": 0.10493877120053716,
          "min": 0.21428571428571427,
          "max": 0.6666666666666666,
          "median": 0.375
        },
        "recall_w3": {
          "mean": 0.945,
          "std": 0.10356157588603991,
          "min": 0.75,
          "max": 1.0,
          "median": 1.0
        },
        "f1_w3": {
          "mean": 0.536644787874664,
          "std": 0.10427576518851822,
          "min": 0.3333333333333333,
          "max": 0.8,
          "median": 0.5
        },
        "precision_w5": {
          "mean": 0.4094766067266068,
          "std": 0.12152257972760433,
          "min": 0.2222222222222222,
          "max": 0.8,
          "median": 0.4
        },
        "recall_w5": {
          "mean": 0.9975,
          "std": 0.024874685927665497,
          "min": 0.75,
          "max": 1.0,
          "median": 1.0
        },
        "f1_w5": {
          "mean": 0.5703374367290774,
          "std": 0.11417806714663314,
          "min": 0.3636363636363636,
          "max": 0.888888888888889,
          "median": 0.5714285714285715
        },
        "window_diff": {
          "mean": 0.5555696303583728,
          "std": 0.10951310725567283,
          "min": 0.2,
          "max": 0.8333333333333334,
          "median": 0.5527777777777778
        },
        "pk": {
          "mean": 0.5243566181220847,
          "std": 0.10526444602442012,
          "min": 0.2,
          "max": 0.8333333333333334,
          "median": 0.5
        }
      },
      "elapsed_time": 28.876019954681396,
      "detector_config": {
        "threshold": 0.5
      }
    },
    "dialogue_results": []
  }
}