{
  "sliding_window_w3": {
    "summary": {
      "num_dialogues": 100,
      "metrics": {
        "precision": 0.29677029828616514,
        "recall": 0.8258333333333334,
        "f1": 0.43037719294883786,
        "window_diff": 0.6072189592334168,
        "pk": 0.5578477331810939
      },
      "detailed_aggregates": {
        "precision": {
          "mean": 0.29677029828616514,
          "std": 0.10696339214922093,
          "min": 0.0,
          "max": 0.5714285714285714,
          "median": 0.3
        },
        "recall": {
          "mean": 0.8258333333333334,
          "std": 0.25002638749628897,
          "min": 0.0,
          "max": 1.0,
          "median": 1.0
        },
        "f1": {
          "mean": 0.43037719294883786,
          "std": 0.13939440043529217,
          "min": 0.0,
          "max": 0.7272727272727273,
          "median": 0.4285714285714285
        },
        "true_positives": {
          "mean": 3.25,
          "std": 1.0037429949942367,
          "min": 0.0,
          "max": 4.0,
          "median": 4.0
        },
        "false_positives": {
          "mean": 8.07,
          "std": 2.93685205619895,
          "min": 3.0,
          "max": 15.0,
          "median": 7.0
        },
        "false_negatives": {
          "mean": 0.69,
          "std": 0.9969453345093703,
          "min": 0.0,
          "max": 4.0,
          "median": 0.0
        },
        "precision_w1": {
          "mean": 0.327756562022429,
          "std": 0.09153494078179944,
          "min": 0.13333333333333333,
          "max": 0.6,
          "median": 0.3205128205128205
        },
        "recall_w1": {
          "mean": 0.8841666666666668,
          "std": 0.1485555451674558,
          "min": 0.5,
          "max": 1.0,
          "median": 1.0
        },
        "f1_w1": {
          "mean": 0.47023993804687697,
          "std": 0.10184556437590059,
          "min": 0.2105263157894737,
          "max": 0.7272727272727273,
          "median": 0.46153846153846156
        },
        "matched_boundaries": {
          "mean": 3.94,
          "std": 0.23748684174075835,
          "min": 3.0,
          "max": 4.0,
          "median": 4.0
        },
        "precision_w3": {
          "mean": 0.35688243614830306,
          "std": 0.09580493454551994,
          "min": 0.1875,
          "max": 0.6,
          "median": 0.3484848484848485
        },
        "recall_w3": {
          "mean": 0.955,
          "std": 0.09604686356149274,
          "min": 0.75,
          "max": 1.0,
          "median": 1.0
        },
        "f1_w3": {
          "mean": 0.5110245361457166,
          "std": 0.10049773024317016,
          "min": 0.3,
          "max": 0.7272727272727273,
          "median": 0.5
        },
        "precision_w5": {
          "mean": 0.3785276381685051,
          "std": 0.11396784775359986,
          "min": 0.21052631578947367,
          "max": 0.8,
          "median": 0.3693181818181818
        },
        "recall_w5": {
          "mean": 1.0,
          "std": 0.0,
          "min": 1.0,
          "max": 1.0,
          "median": 1.0
        },
        "f1_w5": {
          "mean": 0.5397389503864466,
          "std": 0.1148708169976749,
          "min": 0.34782608695652173,
          "max": 0.888888888888889,
          "median": 0.5393939393939393
        },
        "window_diff": {
          "mean": 0.6072189592334168,
          "std": 0.10368193408996114,
          "min": 0.3333333333333333,
          "max": 0.8333333333333334,
          "median": 0.631578947368421
        },
        "pk": {
          "mean": 0.5578477331810939,
          "std": 0.09551738241958059,
          "min": 0.3333333333333333,
          "max": 0.8333333333333334,
          "median": 0.5370879120879121
        }
      },
      "elapsed_time": 48.48467302322388,
      "detector_config": {
        "threshold": 0.3,
        "window_size": 3
      }
    },
    "dialogue_results": []
  }
}