{
  "supervised_all-MiniLM-L6-v2_w3": {
    "summary": {
      "num_dialogues": 500,
      "metrics": {
        "precision": 0.5801333333333332,
        "recall": 0.6107571428571428,
        "f1": 0.5712180375180375,
        "window_diff": 0.424499666999667,
        "pk": 0.43059402264402263
      },
      "detailed_aggregates": {
        "precision": {
          "mean": 0.5801333333333332,
          "std": 0.3111265980272339,
          "min": 0.0,
          "max": 1.0,
          "median": 0.6666666666666666
        },
        "recall": {
          "mean": 0.6107571428571428,
          "std": 0.28595114860366466,
          "min": 0.0,
          "max": 1.0,
          "median": 0.6666666666666666
        },
        "f1": {
          "mean": 0.5712180375180375,
          "std": 0.26714833795963516,
          "min": 0.0,
          "max": 1.0,
          "median": 0.6666666666666665
        },
        "true_positives": {
          "mean": 1.948,
          "std": 1.1033113794391862,
          "min": 0.0,
          "max": 5.0,
          "median": 2.0
        },
        "false_positives": {
          "mean": 1.368,
          "std": 1.0317829229057824,
          "min": 0.0,
          "max": 4.0,
          "median": 1.0
        },
        "false_negatives": {
          "mean": 1.116,
          "std": 0.8237378223682582,
          "min": 0.0,
          "max": 5.0,
          "median": 1.0
        },
        "precision_w1": {
          "mean": 0.5951333333333333,
          "std": 0.31145480142924964,
          "min": 0.0,
          "max": 1.0,
          "median": 0.6666666666666666
        },
        "recall_w1": {
          "mean": 0.6225238095238094,
          "std": 0.2787896621773509,
          "min": 0.0,
          "max": 1.0,
          "median": 0.6666666666666666
        },
        "f1_w1": {
          "mean": 0.5839212121212122,
          "std": 0.26276701608221126,
          "min": 0.0,
          "max": 1.0,
          "median": 0.6666666666666666
        },
        "matched_boundaries": {
          "mean": 2.652,
          "std": 1.0386991864827853,
          "min": 0.0,
          "max": 5.0,
          "median": 3.0
        },
        "precision_w3": {
          "mean": 0.7319666666666667,
          "std": 0.3006674408711392,
          "min": 0.0,
          "max": 1.0,
          "median": 0.75
        },
        "recall_w3": {
          "mean": 0.7870238095238095,
          "std": 0.26264949851521663,
          "min": 0.0,
          "max": 1.0,
          "median": 0.8
        },
        "f1_w3": {
          "mean": 0.7277196248196248,
          "std": 0.24954740021760777,
          "min": 0.0,
          "max": 1.0,
          "median": 0.8
        },
        "precision_w5": {
          "mean": 0.7949333333333334,
          "std": 0.2714362949611238,
          "min": 0.0,
          "max": 1.0,
          "median": 1.0
        },
        "recall_w5": {
          "mean": 0.8791238095238095,
          "std": 0.2189997641307917,
          "min": 0.0,
          "max": 1.0,
          "median": 1.0
        },
        "f1_w5": {
          "mean": 0.7992942279942281,
          "std": 0.21352225800876892,
          "min": 0.0,
          "max": 1.0,
          "median": 0.8571428571428571
        },
        "window_diff": {
          "mean": 0.424499666999667,
          "std": 0.21474246694605909,
          "min": 0.0,
          "max": 1.0,
          "median": 0.4
        },
        "pk": {
          "mean": 0.43059402264402263,
          "std": 0.2291458459763896,
          "min": 0.0,
          "max": 1.0,
          "median": 0.4
        }
      },
      "elapsed_time": 42.18692922592163,
      "detector_config": {
        "threshold": 0.3
      }
    },
    "dialogue_results": []
  }
}