{
  "bayesian_windowed_w3_h50": {
    "summary": {
      "num_dialogues": 500,
      "metrics": {
        "precision": 0.5372333333333333,
        "recall": 0.47688571428571425,
        "f1": 0.4735569985569985,
        "window_diff": 0.45330990120990117,
        "pk": 0.45971081696081695
      },
      "detailed_aggregates": {
        "precision": {
          "mean": 0.5372333333333333,
          "std": 0.3615857221247051,
          "min": 0.0,
          "max": 1.0,
          "median": 0.5
        },
        "recall": {
          "mean": 0.47688571428571425,
          "std": 0.3219139785944569,
          "min": 0.0,
          "max": 1.0,
          "median": 0.5
        },
        "f1": {
          "mean": 0.4735569985569985,
          "std": 0.29810197466276406,
          "min": 0.0,
          "max": 1.0,
          "median": 0.5
        },
        "true_positives": {
          "mean": 1.51,
          "std": 1.1108105148944172,
          "min": 0.0,
          "max": 5.0,
          "median": 1.0
        },
        "false_positives": {
          "mean": 1.084,
          "std": 1.0202666318173892,
          "min": 0.0,
          "max": 4.0,
          "median": 1.0
        },
        "false_negatives": {
          "mean": 1.554,
          "std": 1.1256482576719957,
          "min": 0.0,
          "max": 6.0,
          "median": 1.0
        },
        "precision_w1": {
          "mean": 0.5582333333333334,
          "std": 0.36038635286777065,
          "min": 0.0,
          "max": 1.0,
          "median": 0.6
        },
        "recall_w1": {
          "mean": 0.488152380952381,
          "std": 0.3173996120689132,
          "min": 0.0,
          "max": 1.0,
          "median": 0.5
        },
        "f1_w1": {
          "mean": 0.48704588744588745,
          "std": 0.2933919836903093,
          "min": 0.0,
          "max": 1.0,
          "median": 0.5
        },
        "matched_boundaries": {
          "mean": 2.11,
          "std": 1.156676272774712,
          "min": 0.0,
          "max": 5.0,
          "median": 2.0
        },
        "precision_w3": {
          "mean": 0.7119333333333333,
          "std": 0.35522893400672695,
          "min": 0.0,
          "max": 1.0,
          "median": 1.0
        },
        "recall_w3": {
          "mean": 0.6389523809523809,
          "std": 0.33211544860456893,
          "min": 0.0,
          "max": 1.0,
          "median": 0.6666666666666666
        },
        "f1_w3": {
          "mean": 0.6290665223665224,
          "std": 0.2969713728498408,
          "min": 0.0,
          "max": 1.0,
          "median": 0.6666666666666666
        },
        "precision_w5": {
          "mean": 0.7702,
          "std": 0.33637076765577195,
          "min": 0.0,
          "max": 1.0,
          "median": 1.0
        },
        "recall_w5": {
          "mean": 0.7120857142857144,
          "std": 0.3333287943908657,
          "min": 0.0,
          "max": 1.0,
          "median": 0.75
        },
        "f1_w5": {
          "mean": 0.6898649350649351,
          "std": 0.28955290820599616,
          "min": 0.0,
          "max": 1.0,
          "median": 0.8
        },
        "window_diff": {
          "mean": 0.45330990120990117,
          "std": 0.21304215375555494,
          "min": 0.0,
          "max": 1.0,
          "median": 0.45454545454545453
        },
        "pk": {
          "mean": 0.45971081696081695,
          "std": 0.22369925210351557,
          "min": 0.0,
          "max": 1.0,
          "median": 0.4444444444444444
        }
      },
      "elapsed_time": 49.21729111671448,
      "detector_config": {
        "threshold": 0.25
      }
    },
    "dialogue_results": []
  }
}