{
  "supervised_all-MiniLM-L6-v2_w3": {
    "summary": {
      "num_dialogues": 300,
      "metrics": {
        "precision": 0.3361609648521413,
        "recall": 0.8141666666666667,
        "f1": 0.46676595640914526,
        "window_diff": 0.5449158609975933,
        "pk": 0.5172894356058245
      },
      "detailed_aggregates": {
        "precision": {
          "mean": 0.3361609648521413,
          "std": 0.12589485621234422,
          "min": 0.0,
          "max": 0.75,
          "median": 0.3333333333333333
        },
        "recall": {
          "mean": 0.8141666666666667,
          "std": 0.2385881504927593,
          "min": 0.0,
          "max": 1.0,
          "median": 0.75
        },
        "f1": {
          "mean": 0.46676595640914526,
          "std": 0.14793585254286526,
          "min": 0.0,
          "max": 0.8,
          "median": 0.47058823529411764
        },
        "true_positives": {
          "mean": 3.1733333333333333,
          "std": 0.9780706632049764,
          "min": 0.0,
          "max": 4.0,
          "median": 3.0
        },
        "false_positives": {
          "mean": 6.763333333333334,
          "std": 2.721639620196293,
          "min": 1.0,
          "max": 16.0,
          "median": 6.0
        },
        "false_negatives": {
          "mean": 0.72,
          "std": 0.9353787111824458,
          "min": 0.0,
          "max": 4.0,
          "median": 1.0
        },
        "precision_w1": {
          "mean": 0.36040591434709074,
          "std": 0.10656133080520688,
          "min": 0.14285714285714285,
          "max": 0.75,
          "median": 0.3333333333333333
        },
        "recall_w1": {
          "mean": 0.8588888888888889,
          "std": 0.15868285009281957,
          "min": 0.3333333333333333,
          "max": 1.0,
          "median": 1.0
        },
        "f1_w1": {
          "mean": 0.4974937933869822,
          "std": 0.10920046703253806,
          "min": 0.2222222222222222,
          "max": 0.8,
          "median": 0.5
        },
        "matched_boundaries": {
          "mean": 3.8733333333333335,
          "std": 0.34247465437443525,
          "min": 2.0,
          "max": 4.0,
          "median": 4.0
        },
        "precision_w3": {
          "mean": 0.4000774927686692,
          "std": 0.1272254728026459,
          "min": 0.16666666666666666,
          "max": 1.0,
          "median": 0.375
        },
        "recall_w3": {
          "mean": 0.9391666666666667,
          "std": 0.11171329872092717,
          "min": 0.5,
          "max": 1.0,
          "median": 1.0
        },
        "f1_w3": {
          "mean": 0.5493650488944606,
          "std": 0.11919419547545493,
          "min": 0.25,
          "max": 1.0,
          "median": 0.5333333333333333
        },
        "precision_w5": {
          "mean": 0.4276703628615393,
          "std": 0.13952692340210196,
          "min": 0.2,
          "max": 1.0,
          "median": 0.4
        },
        "recall_w5": {
          "mean": 0.9947222222222221,
          "std": 0.03720459781754712,
          "min": 0.6666666666666666,
          "max": 1.0,
          "median": 1.0
        },
        "f1_w5": {
          "mean": 0.5854897811739918,
          "std": 0.12512650675467207,
          "min": 0.33333333333333337,
          "max": 1.0,
          "median": 0.5714285714285715
        },
        "window_diff": {
          "mean": 0.5449158609975933,
          "std": 0.11352643961201267,
          "min": 0.2,
          "max": 0.875,
          "median": 0.5454545454545454
        },
        "pk": {
          "mean": 0.5172894356058245,
          "std": 0.1064030167318351,
          "min": 0.2,
          "max": 0.875,
          "median": 0.5
        }
      },
      "elapsed_time": 80.1860659122467,
      "detector_config": {
        "threshold": 0.5
      }
    },
    "dialogue_results": []
  }
}