{
  "supervised_all-MiniLM-L6-v2_w3": {
    "summary": {
      "num_dialogues": 100,
      "metrics": {
        "precision": 0.5208333333333334,
        "recall": 0.4938333333333334,
        "f1": 0.46975396825396826,
        "window_diff": 0.4329474414474415,
        "pk": 0.4543689366189367
      },
      "detailed_aggregates": {
        "precision": {
          "mean": 0.5208333333333334,
          "std": 0.33939795553630286,
          "min": 0.0,
          "max": 1.0,
          "median": 0.5
        },
        "recall": {
          "mean": 0.4938333333333334,
          "std": 0.3380882116976114,
          "min": 0.0,
          "max": 1.0,
          "median": 0.5
        },
        "f1": {
          "mean": 0.46975396825396826,
          "std": 0.2896647503778964,
          "min": 0.0,
          "max": 1.0,
          "median": 0.5
        },
        "true_positives": {
          "mean": 1.37,
          "std": 0.9555626614722867,
          "min": 0.0,
          "max": 4.0,
          "median": 1.0
        },
        "false_positives": {
          "mean": 1.12,
          "std": 0.8749857141690944,
          "min": 0.0,
          "max": 3.0,
          "median": 1.0
        },
        "false_negatives": {
          "mean": 1.37,
          "std": 1.1717934971657762,
          "min": 0.0,
          "max": 5.0,
          "median": 1.0
        },
        "precision_w1": {
          "mean": 0.5416666666666667,
          "std": 0.3361340671683118,
          "min": 0.0,
          "max": 1.0,
          "median": 0.5
        },
        "recall_w1": {
          "mean": 0.5096666666666667,
          "std": 0.3314712992435728,
          "min": 0.0,
          "max": 1.0,
          "median": 0.5
        },
        "f1_w1": {
          "mean": 0.48713492063492064,
          "std": 0.28416383318288624,
          "min": 0.0,
          "max": 1.0,
          "median": 0.5
        },
        "matched_boundaries": {
          "mean": 1.99,
          "std": 1.1357376457615553,
          "min": 0.0,
          "max": 4.0,
          "median": 2.0
        },
        "precision_w3": {
          "mean": 0.6858333333333333,
          "std": 0.3656909365996252,
          "min": 0.0,
          "max": 1.0,
          "median": 0.75
        },
        "recall_w3": {
          "mean": 0.6366666666666666,
          "std": 0.34827351958546093,
          "min": 0.0,
          "max": 1.0,
          "median": 0.6666666666666666
        },
        "f1_w3": {
          "mean": 0.6201507936507936,
          "std": 0.31920814280869175,
          "min": 0.0,
          "max": 1.0,
          "median": 0.6666666666666666
        },
        "precision_w5": {
          "mean": 0.7541666666666668,
          "std": 0.35499902190788574,
          "min": 0.0,
          "max": 1.0,
          "median": 1.0
        },
        "recall_w5": {
          "mean": 0.7241666666666667,
          "std": 0.3544351923209031,
          "min": 0.0,
          "max": 1.0,
          "median": 0.9
        },
        "f1_w5": {
          "mean": 0.6936031746031746,
          "std": 0.3193061579809656,
          "min": 0.0,
          "max": 1.0,
          "median": 0.8
        },
        "window_diff": {
          "mean": 0.4329474414474415,
          "std": 0.21915311904148807,
          "min": 0.0,
          "max": 1.0,
          "median": 0.4083333333333333
        },
        "pk": {
          "mean": 0.4543689366189367,
          "std": 0.23440843741694095,
          "min": 0.0,
          "max": 1.0,
          "median": 0.4444444444444444
        }
      },
      "elapsed_time": 8.030357837677002,
      "detector_config": {
        "threshold": 0.5
      }
    },
    "dialogue_results": []
  }
}