{
  "sliding_window_w3": {
    "summary": {
      "num_dialogues": 200,
      "metrics": {
        "precision": 0.5685833333333333,
        "recall": 0.6148333333333333,
        "f1": 0.5624563492063492,
        "window_diff": 0.4087530802530802,
        "pk": 0.42032561882561886
      },
      "detailed_aggregates": {
        "precision": {
          "mean": 0.5685833333333333,
          "std": 0.32137368997961097,
          "min": 0.0,
          "max": 1.0,
          "median": 0.6666666666666666
        },
        "recall": {
          "mean": 0.6148333333333333,
          "std": 0.30652075333037765,
          "min": 0.0,
          "max": 1.0,
          "median": 0.6666666666666666
        },
        "f1": {
          "mean": 0.5624563492063492,
          "std": 0.2762571781056566,
          "min": 0.0,
          "max": 1.0,
          "median": 0.5714285714285715
        },
        "true_positives": {
          "mean": 1.8,
          "std": 1.0583005244258363,
          "min": 0.0,
          "max": 4.0,
          "median": 2.0
        },
        "false_positives": {
          "mean": 1.36,
          "std": 1.0248902380255165,
          "min": 0.0,
          "max": 4.0,
          "median": 1.0
        },
        "false_negatives": {
          "mean": 1.05,
          "std": 0.9260129588726067,
          "min": 0.0,
          "max": 5.0,
          "median": 1.0
        },
        "precision_w1": {
          "mean": 0.5948333333333333,
          "std": 0.3139107711153318,
          "min": 0.0,
          "max": 1.0,
          "median": 0.6666666666666666
        },
        "recall_w1": {
          "mean": 0.6359999999999999,
          "std": 0.29299431166264417,
          "min": 0.0,
          "max": 1.0,
          "median": 0.6666666666666666
        },
        "f1_w1": {
          "mean": 0.5849563492063491,
          "std": 0.2639038341334206,
          "min": 0.0,
          "max": 1.0,
          "median": 0.6666666666666665
        },
        "matched_boundaries": {
          "mean": 2.44,
          "std": 1.0081666528902848,
          "min": 0.0,
          "max": 5.0,
          "median": 3.0
        },
        "precision_w3": {
          "mean": 0.7216666666666666,
          "std": 0.31318702257774206,
          "min": 0.0,
          "max": 1.0,
          "median": 0.75
        },
        "recall_w3": {
          "mean": 0.7784166666666666,
          "std": 0.2735913289521029,
          "min": 0.0,
          "max": 1.0,
          "median": 0.8
        },
        "f1_w3": {
          "mean": 0.7143730158730159,
          "std": 0.25635436367606884,
          "min": 0.0,
          "max": 1.0,
          "median": 0.8
        },
        "precision_w5": {
          "mean": 0.7758333333333334,
          "std": 0.2912365876740078,
          "min": 0.0,
          "max": 1.0,
          "median": 1.0
        },
        "recall_w5": {
          "mean": 0.8542500000000001,
          "std": 0.24762761861311028,
          "min": 0.0,
          "max": 1.0,
          "median": 1.0
        },
        "f1_w5": {
          "mean": 0.775218253968254,
          "std": 0.23265938245267537,
          "min": 0.0,
          "max": 1.0,
          "median": 0.8
        },
        "window_diff": {
          "mean": 0.4087530802530802,
          "std": 0.2093122393299758,
          "min": 0.0,
          "max": 1.0,
          "median": 0.4
        },
        "pk": {
          "mean": 0.42032561882561886,
          "std": 0.2325741484734935,
          "min": 0.0,
          "max": 1.0,
          "median": 0.4
        }
      },
      "elapsed_time": 28.45654797554016,
      "detector_config": {
        "threshold": 0.3,
        "window_size": 3
      }
    },
    "dialogue_results": []
  }
}