{
  "bayesian_windowed_w3_h50": {
    "summary": {
      "num_dialogues": 100,
      "metrics": {
        "precision": 0.33031941914294854,
        "recall": 0.6083333333333333,
        "f1": 0.41618403363062806,
        "window_diff": 0.46512544701007924,
        "pk": 0.45647300112718037
      },
      "detailed_aggregates": {
        "precision": {
          "mean": 0.33031941914294854,
          "std": 0.15801828072308885,
          "min": 0.0,
          "max": 0.6666666666666666,
          "median": 0.3333333333333333
        },
        "recall": {
          "mean": 0.6083333333333333,
          "std": 0.2817356917396161,
          "min": 0.0,
          "max": 1.0,
          "median": 0.7083333333333333
        },
        "f1": {
          "mean": 0.41618403363062806,
          "std": 0.18471230037755026,
          "min": 0.0,
          "max": 0.8,
          "median": 0.4
        },
        "true_positives": {
          "mean": 2.4,
          "std": 1.1224972160321822,
          "min": 0.0,
          "max": 4.0,
          "median": 2.5
        },
        "false_positives": {
          "mean": 5.06,
          "std": 2.493270943960965,
          "min": 0.0,
          "max": 13.0,
          "median": 5.0
        },
        "false_negatives": {
          "mean": 1.54,
          "std": 1.108332080199793,
          "min": 0.0,
          "max": 4.0,
          "median": 1.0
        },
        "precision_w1": {
          "mean": 0.3675218000953295,
          "std": 0.1494846242458671,
          "min": 0.0,
          "max": 0.75,
          "median": 0.375
        },
        "recall_w1": {
          "mean": 0.6666666666666667,
          "std": 0.25358540091171566,
          "min": 0.0,
          "max": 1.0,
          "median": 0.75
        },
        "f1_w1": {
          "mean": 0.4610476699942644,
          "std": 0.16925441915301265,
          "min": 0.0,
          "max": 0.8,
          "median": 0.4852941176470588
        },
        "matched_boundaries": {
          "mean": 3.5,
          "std": 0.7937253933193772,
          "min": 0.0,
          "max": 4.0,
          "median": 4.0
        },
        "precision_w3": {
          "mean": 0.4521132919368213,
          "std": 0.1613206174041731,
          "min": 0.0,
          "max": 1.0,
          "median": 0.42857142857142855
        },
        "recall_w3": {
          "mean": 0.8008333333333333,
          "std": 0.21599093345169224,
          "min": 0.0,
          "max": 1.0,
          "median": 0.75
        },
        "f1_w3": {
          "mean": 0.5598899171863567,
          "std": 0.14977102277827228,
          "min": 0.0,
          "max": 0.888888888888889,
          "median": 0.5584415584415585
        },
        "precision_w5": {
          "mean": 0.5126886887622182,
          "std": 0.19502985755871763,
          "min": 0.0,
          "max": 1.0,
          "median": 0.5
        },
        "recall_w5": {
          "mean": 0.8875,
          "std": 0.19803724397193578,
          "min": 0.0,
          "max": 1.0,
          "median": 1.0
        },
        "f1_w5": {
          "mean": 0.62989555044199,
          "std": 0.17410389997341696,
          "min": 0.0,
          "max": 1.0,
          "median": 0.6153846153846153
        },
        "window_diff": {
          "mean": 0.46512544701007924,
          "std": 0.1431319408535096,
          "min": 0.16666666666666666,
          "max": 0.875,
          "median": 0.47368421052631576
        },
        "pk": {
          "mean": 0.45647300112718037,
          "std": 0.13259827300105903,
          "min": 0.16666666666666666,
          "max": 0.875,
          "median": 0.449944382647386
        }
      },
      "elapsed_time": 25.651287078857422,
      "detector_config": {
        "threshold": 0.25
      }
    },
    "dialogue_results": []
  }
}