{
  "bayesian_windowed_w3_h50": {
    "summary": {
      "num_dialogues": 100,
      "metrics": {
        "precision": 0.49666666666666665,
        "recall": 0.45716666666666667,
        "f1": 0.4406190476190476,
        "window_diff": 0.42859695859695857,
        "pk": 0.44191772116772116
      },
      "detailed_aggregates": {
        "precision": {
          "mean": 0.49666666666666665,
          "std": 0.3685406656289401,
          "min": 0.0,
          "max": 1.0,
          "median": 0.5
        },
        "recall": {
          "mean": 0.45716666666666667,
          "std": 0.34490139492646626,
          "min": 0.0,
          "max": 1.0,
          "median": 0.5
        },
        "f1": {
          "mean": 0.4406190476190476,
          "std": 0.3076033498869575,
          "min": 0.0,
          "max": 1.0,
          "median": 0.5
        },
        "true_positives": {
          "mean": 1.32,
          "std": 1.0186265262597476,
          "min": 0.0,
          "max": 4.0,
          "median": 1.0
        },
        "false_positives": {
          "mean": 1.09,
          "std": 0.939095309327014,
          "min": 0.0,
          "max": 4.0,
          "median": 1.0
        },
        "false_negatives": {
          "mean": 1.42,
          "std": 1.1151681487560519,
          "min": 0.0,
          "max": 4.0,
          "median": 1.0
        },
        "precision_w1": {
          "mean": 0.5191666666666667,
          "std": 0.370220467349449,
          "min": 0.0,
          "max": 1.0,
          "median": 0.5
        },
        "recall_w1": {
          "mean": 0.4784999999999999,
          "std": 0.3445713520690115,
          "min": 0.0,
          "max": 1.0,
          "median": 0.5
        },
        "f1_w1": {
          "mean": 0.46147619047619043,
          "std": 0.30765836767722415,
          "min": 0.0,
          "max": 1.0,
          "median": 0.5
        },
        "matched_boundaries": {
          "mean": 1.93,
          "std": 1.1511298797268708,
          "min": 0.0,
          "max": 4.0,
          "median": 2.0
        },
        "precision_w3": {
          "mean": 0.6958333333333333,
          "std": 0.37756070152140214,
          "min": 0.0,
          "max": 1.0,
          "median": 1.0
        },
        "recall_w3": {
          "mean": 0.6343333333333332,
          "std": 0.35532317058637697,
          "min": 0.0,
          "max": 1.0,
          "median": 0.6666666666666666
        },
        "f1_w3": {
          "mean": 0.6167857142857143,
          "std": 0.3207058968865525,
          "min": 0.0,
          "max": 1.0,
          "median": 0.6666666666666666
        },
        "precision_w5": {
          "mean": 0.7616666666666667,
          "std": 0.35453804058552335,
          "min": 0.0,
          "max": 1.0,
          "median": 1.0
        },
        "recall_w5": {
          "mean": 0.7093333333333334,
          "std": 0.3475015587495016,
          "min": 0.0,
          "max": 1.0,
          "median": 0.8
        },
        "f1_w5": {
          "mean": 0.6832380952380953,
          "std": 0.30733836278047605,
          "min": 0.0,
          "max": 1.0,
          "median": 0.8
        },
        "window_diff": {
          "mean": 0.42859695859695857,
          "std": 0.19971400173459547,
          "min": 0.0,
          "max": 0.8333333333333334,
          "median": 0.4305555555555556
        },
        "pk": {
          "mean": 0.44191772116772116,
          "std": 0.21316563299825547,
          "min": 0.0,
          "max": 1.0,
          "median": 0.4444444444444444
        }
      },
      "elapsed_time": 11.33540415763855,
      "detector_config": {
        "threshold": 0.25
      }
    },
    "dialogue_results": []
  }
}