{
  "sliding_window_w3": {
    "summary": {
      "num_dialogues": 100,
      "metrics": {
        "precision": 0.3263214285714286,
        "recall": 0.4683333333333334,
        "f1": 0.37204807765334086,
        "window_diff": 0.4309347658465279,
        "pk": 0.4378960760471085
      },
      "detailed_aggregates": {
        "precision": {
          "mean": 0.3263214285714286,
          "std": 0.17984401095397673,
          "min": 0.0,
          "max": 0.75,
          "median": 0.3333333333333333
        },
        "recall": {
          "mean": 0.4683333333333334,
          "std": 0.2642547171869512,
          "min": 0.0,
          "max": 1.0,
          "median": 0.5
        },
        "f1": {
          "mean": 0.37204807765334086,
          "std": 0.1939256970387146,
          "min": 0.0,
          "max": 0.75,
          "median": 0.38181818181818183
        },
        "true_positives": {
          "mean": 1.84,
          "std": 1.026839812239475,
          "min": 0.0,
          "max": 4.0,
          "median": 2.0
        },
        "false_positives": {
          "mean": 3.94,
          "std": 1.8429324458590446,
          "min": 0.0,
          "max": 11.0,
          "median": 4.0
        },
        "false_negatives": {
          "mean": 2.1,
          "std": 1.0440306508910548,
          "min": 0.0,
          "max": 4.0,
          "median": 2.0
        },
        "precision_w1": {
          "mean": 0.3724880952380951,
          "std": 0.18406353291467048,
          "min": 0.0,
          "max": 1.0,
          "median": 0.3333333333333333
        },
        "recall_w1": {
          "mean": 0.5191666666666667,
          "std": 0.24968174186796724,
          "min": 0.0,
          "max": 1.0,
          "median": 0.5
        },
        "f1_w1": {
          "mean": 0.41861950622476946,
          "std": 0.18609749088380248,
          "min": 0.0,
          "max": 0.8,
          "median": 0.41052631578947374
        },
        "matched_boundaries": {
          "mean": 3.53,
          "std": 0.7273926037567334,
          "min": 0.0,
          "max": 4.0,
          "median": 4.0
        },
        "precision_w3": {
          "mean": 0.5796230158730159,
          "std": 0.17956456962756567,
          "min": 0.0,
          "max": 1.0,
          "median": 0.5714285714285714
        },
        "recall_w3": {
          "mean": 0.7966666666666665,
          "std": 0.20252571853141682,
          "min": 0.0,
          "max": 1.0,
          "median": 0.75
        },
        "f1_w3": {
          "mean": 0.6492502643555276,
          "std": 0.1468369877603605,
          "min": 0.0,
          "max": 1.0,
          "median": 0.6666666666666665
        },
        "precision_w5": {
          "mean": 0.6601984126984128,
          "std": 0.20242257197319394,
          "min": 0.0,
          "max": 1.0,
          "median": 0.6666666666666666
        },
        "recall_w5": {
          "mean": 0.895,
          "std": 0.18090052515125543,
          "min": 0.0,
          "max": 1.0,
          "median": 1.0
        },
        "f1_w5": {
          "mean": 0.7354820880873513,
          "std": 0.15211750320694273,
          "min": 0.0,
          "max": 1.0,
          "median": 0.75
        },
        "window_diff": {
          "mean": 0.4309347658465279,
          "std": 0.12327425260142319,
          "min": 0.2,
          "max": 0.8181818181818182,
          "median": 0.42105263157894735
        },
        "pk": {
          "mean": 0.4378960760471085,
          "std": 0.123704287736483,
          "min": 0.2,
          "max": 0.8181818181818182,
          "median": 0.4444444444444444
        }
      },
      "elapsed_time": 48.25057411193848,
      "detector_config": {
        "threshold": 0.7,
        "window_size": 3
      }
    },
    "dialogue_results": []
  }
}