{
  "sliding_window_w3": {
    "summary": {
      "num_dialogues": 50,
      "metrics": {
        "precision": 0.4883333333333333,
        "recall": 0.551,
        "f1": 0.48520634920634925,
        "window_diff": 0.42625951825951824,
        "pk": 0.4631542901542901
      },
      "detailed_aggregates": {
        "precision": {
          "mean": 0.4883333333333333,
          "std": 0.35434211340642724,
          "min": 0.0,
          "max": 1.0,
          "median": 0.5
        },
        "recall": {
          "mean": 0.551,
          "std": 0.35483031938597853,
          "min": 0.0,
          "max": 1.0,
          "median": 0.6
        },
        "f1": {
          "mean": 0.48520634920634925,
          "std": 0.31036652719701197,
          "min": 0.0,
          "max": 1.0,
          "median": 0.5
        },
        "true_positives": {
          "mean": 1.48,
          "std": 1.081480466767662,
          "min": 