{
  "sliding_window_w3": {
    "summary": {
      "num_dialogues": 500,
      "metrics": {
        "precision": 0.574,
        "recall": 0.5957952380952382,
        "f1": 0.5603767676767677,
        "window_diff": 0.43723765123765124,
        "pk": 0.4425736485736486
      },
      "detailed_aggregates": {
        "precision": {
          "mean": 0.574,
          "std": 0.31203204963593084,
          "min": 0.0,
          "max": 1.0,
          "median": 0.6666666666666666
        },
        "recall": {
          "mean": 0.5957952380952382,
          "std": 0.28437865637927473,
          "min": 0.0,
          "max": 1.0,
          "median": 0.6666666666666666
        },
        "f1": {
          "mean": 0.5603767676767677,
          "std": 0.26662847681110585,
          "min": 0.0,
          "max": 1.0,
          "median": 0.5714285714285715
        },
        "true_positives": {
          "mean": 1.898,
          "std": 1.1061627366712368,
          "min": 0.0,
          "max": 5.0,
          "median": 2.0
        },
        "false_positives": {
          "mean": 1.41,
          "std": 1.0741973747873341,
          "min": 0.0,
          "max": 4.0,
          "median": 1.0
        },
        "false_negatives": {
          "mean": 1.166,
          "std": 0.8569970828421763,
          "min": 0.0,
          "max": 5.0,
          "median": 1.0
        },
        "precision_w1": {
          "mean": 0.5945,
          "std": 0.30940134848517453,
          "min": 0.0,
          "max": 1.0,
          "median": 0.6666666666666666
        },
        "recall_w1": {
          "mean": 0.6116619047619047,
          "std": 0.2742172905312571,
          "min": 0.0,
          "max": 1.0,
          "median": 0.6666666666666666
        },
        "f1_w1": {
          "mean": 0.577694227994228,
          "std": 0.2588974003043274,
          "min": 0.0,
          "max": 1.0,
          "median": 0.6666666666666665
        },
        "matched_boundaries": {
          "mean": 2.632,
          "std": 1.016157468112103,
          "min": 0.0,
          "max": 5.0,
          "median": 3.0
        },
        "precision_w3": {
          "mean": 0.7414666666666667,
          "std": 0.29979338069929284,
          "min": 0.0,
          "max": 1.0,
          "median": 0.75
        },
        "recall_w3": {
          "mean": 0.7847285714285714,
          "std": 0.25520107456288244,
          "min": 0.0,
          "max": 1.0,
          "median": 0.8
        },
        "f1_w3": {
          "mean": 0.7292291486291486,
          "std": 0.2424374507085152,
          "min": 0.0,
          "max": 1.0,
          "median": 0.8
        },
        "precision_w5": {
          "mean": 0.8030333333333333,
          "std": 0.2698007886488762,
          "min": 0.0,
          "max": 1.0,
          "median": 1.0
        },
        "recall_w5": {
          "mean": 0.8735952380952381,
          "std": 0.21371604038622685,
          "min": 0.0,
          "max": 1.0,
          "median": 1.0
        },
        "f1_w5": {
          "mean": 0.7988180375180375,
          "std": 0.20724218043739132,
          "min": 0.0,
          "max": 1.0,
          "median": 0.8571428571428571
        },
        "window_diff": {
          "mean": 0.43723765123765124,
          "std": 0.21674653091807192,
          "min": 0.0,
          "max": 1.0,
          "median": 0.4
        },
        "pk": {
          "mean": 0.4425736485736486,
          "std": 0.23237779843092196,
          "min": 0.0,
          "max": 1.0,
          "median": 0.4166666666666667
        }
      },
      "elapsed_time": 67.38320589065552,
      "detector_config": {
        "threshold": 0.3,
        "window_size": 3
      }
    },
    "dialogue_results": []
  }
}