{
  "supervised_all-MiniLM-L6-v2_w3": {
    "summary": {
      "num_dialogues": 100,
      "metrics": {
        "precision": 0.539,
        "recall": 0.6164999999999999,
        "f1": 0.549563492063492,
        "window_diff": 0.4111513486513487,
        "pk": 0.4258895826395827
      },
      "detailed_aggregates": {
        "precision": {
          "mean": 0.539,
          "std": 0.3080514026370707,
          "min": 0.0,
          "max": 1.0,
          "median": 0.5
        },
        "recall": {
          "mean": 0.6164999999999999,
          "std": 0.31347067025658254,
          "min": 0.0,
          "max": 1.0,
          "median": 0.6666666666666666
        },
        "f1": {
          "mean": 0.549563492063492,
          "std": 0.27723255732601426,
          "min": 0.0,
          "max": 1.0,
          "median": 0.5714285714285715
        },
        "true_positives": {
          "mean": 1.77,
          "std": 1.0378342834961658,
          "min": 0.0,
          "max": 4.0,
          "median": 2.0
        },
        "false_positives": {
          "mean": 1.46,
          "std": 0.9635351576356724,
          "min": 0.0,
          "max": 4.0,
          "median": 1.0
        },
        "false_negatives": {
          "mean": 0.97,
          "std": 0.8655056325639944,
          "min": 0.0,
          "max": 4.0,
          "median": 1.0
        },
        "precision_w1": {
          "mean": 0.5648333333333333,
          "std": 0.30989151327521053,
          "min": 0.0,
          "max": 1.0,
          "median": 0.6666666666666666
        },
        "recall_w1": {
          "mean": 0.6403333333333333,
          "std": 0.3019398394824152,
          "min": 0.0,
          "max": 1.0,
          "median": 0.6666666666666666
        },
        "f1_w1": {
          "mean": 0.5732777777777777,
          "std": 0.27048313145483305,
          "min": 0.0,
          "max": 1.0,
          "median": 0.5714285714285715
        },
        "matched_boundaries": {
          "mean": 2.45,
          "std": 1.116915395184434,
          "min": 0.0,
          "max": 5.0,
          "median": 3.0
        },
        "precision_w3": {
          "mean": 0.6788333333333334,
          "std": 0.3246181945335508,
          "min": 0.0,
          "max": 1.0,
          "median": 0.6666666666666666
        },
        "recall_w3": {
          "mean": 0.772,
          "std": 0.30438352999683366,
          "min": 0.0,
          "max": 1.0,
          "median": 0.9
        },
        "f1_w3": {
          "mean": 0.6922777777777779,
          "std": 0.28184361947317965,
          "min": 0.0,
          "max": 1.0,
          "median": 0.8
        },
        "precision_w5": {
          "mean": 0.7425000000000002,
          "std": 0.3034740973753407,
          "min": 0.0,
          "max": 1.0,
          "median": 0.75
        },
        "recall_w5": {
          "mean": 0.8723333333333333,
          "std": 0.2560731232371809,
          "min": 0.0,
          "max": 1.0,
          "median": 1.0
        },
        "f1_w5": {
          "mean": 0.766111111111111,
          "std": 0.25055291590486495,
          "min": 0.0,
          "max": 1.0,
          "median": 0.8571428571428571
        },
        "window_diff": {
          "mean": 0.4111513486513487,
          "std": 0.2118540579360973,
          "min": 0.0,
          "max": 0.8181818181818182,
          "median": 0.4
        },
        "pk": {
          "mean": 0.4258895826395827,
          "std": 0.22785999208370206,
          "min": 0.0,
          "max": 1.0,
          "median": 0.4444444444444444
        }
      },
      "elapsed_time": 8.155865907669067,
      "detector_config": {
        "threshold": 0.3
      }
    },
    "dialogue_results": []
  }
}