{
  "SentenceBERT_t0.1": {
    "metrics": {
      "precision": 0.15555555555555553,
      "recall": 0.29277777777777775,
      "f1": 0.19284271284271284,
      "window_diff": 0.6079365079365079,
      "pk": 0.5916666666666666
    },
    "elapsed_time": 4.030855894088745,
    "num_dialogues": 30
  },
  "SentenceBERT_t0.2": {
    "metrics": {
      "precision": 0.15555555555555553,
      "recall": 0.29277777777777775,
      "f1": 0.19284271284271284,
      "window_diff": 0.6079365079365079,
      "pk": 0.5916666666666666
    },
    "elapsed_time": 4.112769842147827,
    "num_dialogues": 30
  },
  "SentenceBERT_t0.3": {
    "metrics": {
      "precision": 0.15555555555555553,
      "recall": 0.29277777777777775,
      "f1": 0.19284271284271284,
      "window_diff": 0.6079365079365079,
      "pk": 0.5916666666666666
    },
    "elapsed_time": 4.0622217655181885,
    "num_dialogues": 30
  },
  "SentenceBERT_t0.4": {
    "metrics": {
      "precision": 0.15555555555555553,
      "recall": 0.29277777777777775,
      "f1": 0.19284271284271284,
      "window_diff": 0.6079365079365079,
      "pk": 0.5916666666666666
    },
    "elapsed_time": 4.038825988769531,
    "num_dialogues": 30
  },
  "SlidingWindow_t0.1": {
    "metrics": {
      "precision": 0.15555555555555553,
      "recall": 0.29277777777777775,
      "f1": 0.19284271284271284,
      "window_diff": 0.6079365079365079,
      "pk": 0.5916666666666666
    },
    "elapsed_time": 8.17930793762207,
    "num_dialogues": 30
  },
  "SlidingWindow_t0.2": {
    "metrics": {
      "precision": 0.15555555555555553,
      "recall": 0.29277777777777775,
      "f1": 0.19284271284271284,
      "window_diff": 0.6079365079365079,
      "pk": 0.5916666666666666
    },
    "elapsed_time": 6.403496026992798,
    "num_dialogues": 30
  },
  "SlidingWindow_t0.3": {
    "metrics": {
      "precision": 0.15555555555555553,
      "recall": 0.29277777777777775,
      "f1": 0.19284271284271284,
      "window_diff": 0.6079365079365079,
      "pk": 0.5916666666666666
    },
    "elapsed_time": 6.417287826538086,
    "num_dialogues": 30
  },
  "SlidingWindow_t0.4": {
    "metrics": {
      "precision": 0.15777777777777777,
      "recall": 0.29277777777777775,
      "f1": 0.19418951418951422,
      "window_diff": 0.6055555555555556,
      "pk": 0.5892857142857142
    },
    "elapsed_time": 6.465826749801636,
    "num_dialogues": 30
  },
  "Bayesian_t0.1": {
    "metrics": {
      "precision": 0.1627777777777778,
      "recall": 0.29277777777777775,
      "f1": 0.19900673400673402,
      "window_diff": 0.5785714285714287,
      "pk": 0.5511904761904762
    },
    "elapsed_time": 3.9752628803253174,
    "num_dialogues": 30
  },
  "Bayesian_t0.2": {
    "metrics": {
      "precision": 0.17,
      "recall": 0.27055555555555555,
      "f1": 0.19940355940355942,
      "window_diff": 0.5587301587301587,
      "pk": 0.5408730158730158
    },
    "elapsed_time": 3.9904849529266357,
    "num_dialogues": 30
  },
  "Bayesian_t0.3": {
    "metrics": {
      "precision": 0.16333333333333336,
      "recall": 0.19499999999999998,
      "f1": 0.17026695526695526,
      "window_diff": 0.5099206349206349,
      "pk": 0.5273809523809523
    },
    "elapsed_time": 3.9410529136657715,
    "num_dialogues": 30
  }
}