{
  "sliding_window_w3": {
    "summary": {
      "num_dialogues": 100,
      "metrics": {
        "precision": 0.5005000000000001,
        "recall": 0.41850000000000004,
        "f1": 0.41502380952380946,
        "window_diff": 0.4641722721722722,
        "pk": 0.4839670607170607
      },
      "detailed_aggregates": {
        "precision": {
          "mean": 0.5005000000000001,
          "std": 0.3666625378555418,
          "min": 0.0,
          "max": 1.0,
          "median": 0.5
        },
        "recall": {
          "mean": 0.41850000000000004,
          "std": 0.3233839736975913,
          "min": 0.0,
          "max": 1.0,
          "median": 0.45
        },
        "f1": {
          "mean": 0.41502380952380946,
          "std": 0.2865657342880115,
          "min": 0.0,
          "max": 1.0,
          "median": 0.45
        },
        "true_positives": {
          "mean": 1.19,
          "std": 0.9240670971309389,
          "min": 0.0,
          "max": 4.0,
          "median": 1.0
        },
        "false_positives": {
          "mean": 1.17,
          "std": 0.9279547402756236,
          "min": 0.0,
          "max": 3.0,
          "median": 1.0
        },
        "false_negatives": {
          "mean": 1.55,
          "std": 1.1779218989389746,
          "min": 0.0,
          "max": 5.0,
          "median": 1.0
        },
        "precision_w1": {
          "mean": 0.5413333333333334,
          "std": 0.36308462435697336,
          "min": 0.0,
          "max": 1.0,
          "median": 0.5
        },
        "recall_w1": {
          "mean": 0.4403333333333334,
          "std": 0.31509416581925687,
          "min": 0.0,
          "max": 1.0,
          "median": 0.5
        },
        "f1_w1": {
          "mean": 0.44145238095238093,
          "std": 0.27809342281697164,
          "min": 0.0,
          "max": 1.0,
          "median": 0.5
        },
        "matched_boundaries": {
          "mean": 1.86,
          "std": 1.0584894897919392,
          "min": 0.0,
          "max": 5.0,
          "median": 2.0
        },
        "precision_w3": {
          "mean": 0.7433333333333334,
          "std": 0.35053134271020936,
          "min": 0.0,
          "max": 1.0,
          "median": 1.0
        },
        "recall_w3": {
          "mean": 0.6225,
          "std": 0.33566166000900377,
          "min": 0.0,
          "max": 1.0,
          "median": 0.6666666666666666
        },
        "f1_w3": {
          "mean": 0.6220555555555555,
          "std": 0.29468610489081737,
          "min": 0.0,
          "max": 1.0,
          "median": 0.6666666666666666
        },
        "precision_w5": {
          "mean": 0.7925000000000001,
          "std": 0.33468372300493554,
          "min": 0.0,
          "max": 1.0,
          "median": 1.0
        },
        "recall_w5": {
          "mean": 0.6841666666666667,
          "std": 0.3472221111110933,
          "min": 0.0,
          "max": 1.0,
          "median": 0.75
        },
        "f1_w5": {
          "mean": 0.674674603174603,
          "std": 0.29620530031039755,
          "min": 0.0,
          "max": 1.0,
          "median": 0.8
        },
        "window_diff": {
          "mean": 0.4641722721722722,
          "std": 0.19859747172011138,
          "min": 0.0,
          "max": 1.0,
          "median": 0.458041958041958
        },
        "pk": {
          "mean": 0.4839670607170607,
          "std": 0.22232207407638038,
          "min": 0.0,
          "max": 1.0,
          "median": 0.45454545454545453
        }
      },
      "elapsed_time": 15.65070128440857,
      "detector_config": {
        "threshold": 0.5,
        "window_size": 3
      }
    },
    "dialogue_results": []
  }
}