{
  "keywords": {
    "summary": {
      "num_dialogues": 100,
      "metrics": {
        "precision": 0.155,
        "recall": 0.062333333333333324,
        "f1": 0.08466666666666667,
        "window_diff": 0.4879807969807971,
        "pk": 0.5136330336330337
      },
      "detailed_aggregates": {
        "precision": {
          "mean": 0.155,
          "std": 0.35139009661628196,
          "min": 0.0,
          "max": 1.0,
          "median": 0.0
        },
        "recall": {
          "mean": 0.062333333333333324,
          "std": 0.15713794364612682,
          "min": 0.0,
          "max": 1.0,
          "median": 0.0
        },
        "f1": {
          "mean": 0.08466666666666667,
          "std": 0.19840586908881724,
          "min": 0.0,
          "max": 1.0,
          "median": 0.0
        },
        "true_positives": {
          "mean": 0.17,
          "std": 0.375632799419859,
          "min": 0.0,
          "max": 1.0,
          "median": 0.0
        },
        "false_positives": {
          "mean": 0.17,
          "std": 0.4013726448077896,
          "min": 0.0,
          "max": 2.0,
          "median": 0.0
        },
        "false_negatives": {
          "mean": 2.57,
          "std": 1.3656866404852908,
          "min": 0.0,
          "max": 5.0,
          "median": 3.0
        },
        "precision_w1": {
          "mean": 0.16,
          "std": 0.35972211497209894,
          "min": 0.0,
          "max": 1.0,
          "median": 0.0
        },
        "recall_w1": {
          "mean": 0.06483333333333333,
          "std": 0.16201671724444572,
          "min": 0.0,
          "max": 1.0,
          "median": 0.0
        },
        "f1_w1": {
          "mean": 0.088,
          "std": 0.20523807314108816,
          "min": 0.0,
          "max": 1.0,
          "median": 0.0
        },
        "matched_boundaries": {
          "mean": 0.26,
          "std": 0.5023942674832188,
          "min": 0.0,
          "max": 2.0,
          "median": 0.0
        },
        "precision_w3": {
          "mean": 0.21,
          "std": 0.40730823708832603,
          "min": 0.0,
          "max": 1.0,
          "median": 0.0
        },
        "recall_w3": {
          "mean": 0.08566666666666667,
          "std": 0.19326176836382075,
          "min": 0.0,
          "max": 1.0,
          "median": 0.0
        },
        "f1_w3": {
          "mean": 0.11599999999999999,
          "std": 0.2395588538218624,
          "min": 0.0,
          "max": 1.0,
          "median": 0.0
        },
        "precision_w5": {
          "mean": 0.23,
          "std": 0.4208325082500163,
          "min": 0.0,
          "max": 1.0,
          "median": 0.0
        },
        "recall_w5": {
          "mean": 0.10066666666666667,
          "std": 0.21692190094850058,
          "min": 0.0,
          "max": 1.0,
          "median": 0.0
        },
        "f1_w5": {
          "mean": 0.13266666666666665,
          "std": 0.2601700298736279,
          "min": 0.0,
          "max": 1.0,
          "median": 0.0
        },
        "window_diff": {
          "mean": 0.4879807969807971,
          "std": 0.22018064395340953,
          "min": 0.0,
          "max": 1.0,
          "median": 0.4807692307692308
        },
        "pk": {
          "mean": 0.5136330336330337,
          "std": 0.21876770059435832,
          "min": 0.0,
          "max": 1.0,
          "median": 0.5454545454545454
        }
      },
      "elapsed_time": 0.07362508773803711,
      "detector_config": {
        "threshold": 0.4
      }
    },
    "dialogue_results": []
  }
}